ticker,cik,period_end,nav,filed,form
ARCC,0001287750,2012-12-31,16.04,2023-02-07,10-K
ARCC,0001287750,2013-12-31,16.46,2023-02-07,10-K
ARCC,0001287750,2013-12-31,16.46,2024-02-07,10-K
ARCC,0001287750,2014-12-31,16.82,2023-02-07,10-K
ARCC,0001287750,2014-12-31,16.82,2024-02-07,10-K
ARCC,0001287750,2014-12-31,16.82,2025-02-05,10-K
ARCC,0001287750,2015-12-31,16.46,2023-02-07,10-K
ARCC,0001287750,2015-12-31,16.46,2024-02-07,10-K
ARCC,0001287750,2015-12-31,16.46,2025-02-05,10-K
ARCC,0001287750,2015-12-31,16.46,2026-02-04,10-K
ARCC,0001287750,2016-12-31,16.45,2023-02-07,10-K
ARCC,0001287750,2016-12-31,16.45,2024-02-07,10-K
ARCC,0001287750,2016-12-31,16.45,2025-02-05,10-K
ARCC,0001287750,2016-12-31,16.45,2026-02-04,10-K
ARCC,0001287750,2017-12-31,16.65,2023-02-07,10-K
ARCC,0001287750,2017-12-31,16.65,2024-02-07,10-K
ARCC,0001287750,2017-12-31,16.65,2025-02-05,10-K
ARCC,0001287750,2017-12-31,16.65,2026-02-04,10-K
ARCC,0001287750,2018-12-31,17.12,2023-02-07,10-K
ARCC,0001287750,2018-12-31,17.12,2024-02-07,10-K
ARCC,0001287750,2018-12-31,17.12,2025-02-05,10-K
ARCC,0001287750,2018-12-31,17.12,2026-02-04,10-K
ARCC,0001287750,2019-12-31,17.32,2023-02-07,10-K
ARCC,0001287750,2019-12-31,17.32,2024-02-07,10-K
ARCC,0001287750,2019-12-31,17.32,2025-02-05,10-K
ARCC,0001287750,2019-12-31,17.32,2026-02-04,10-K
ARCC,0001287750,2020-12-31,16.97,2022-10-25,10-Q
ARCC,0001287750,2020-12-31,16.97,2023-02-07,10-K
ARCC,0001287750,2020-12-31,16.97,2024-02-07,10-K
ARCC,0001287750,2020-12-31,16.97,2025-02-05,10-K
ARCC,0001287750,2020-12-31,16.97,2026-02-04,10-K
ARCC,0001287750,2021-09-30,18.52,2022-10-25,10-Q
ARCC,0001287750,2021-12-31,18.96,2022-10-25,10-Q
ARCC,0001287750,2021-12-31,18.96,2023-02-07,10-K
ARCC,0001287750,2021-12-31,18.96,2023-04-25,10-Q
ARCC,0001287750,2021-12-31,18.96,2023-07-25,10-Q
ARCC,0001287750,2021-12-31,18.96,2023-10-24,10-Q
ARCC,0001287750,2021-12-31,18.96,2024-02-07,10-K
ARCC,0001287750,2021-12-31,18.96,2025-02-05,10-K
ARCC,0001287750,2021-12-31,18.96,2026-02-04,10-K
ARCC,0001287750,2022-03-31,19.03,2023-04-25,10-Q
ARCC,0001287750,2022-06-30,18.81,2023-07-25,10-Q
ARCC,0001287750,2022-09-30,18.56,2022-10-25,10-Q
ARCC,0001287750,2022-09-30,18.56,2023-10-24,10-Q
ARCC,0001287750,2022-12-31,18.4,2023-02-07,10-K
ARCC,0001287750,2022-12-31,18.4,2023-04-25,10-Q
ARCC,0001287750,2022-12-31,18.4,2023-07-25,10-Q
ARCC,0001287750,2022-12-31,18.4,2023-10-24,10-Q
ARCC,0001287750,2022-12-31,18.4,2024-02-07,10-K
ARCC,0001287750,2022-12-31,18.4,2024-05-01,10-Q
ARCC,0001287750,2022-12-31,18.4,2024-07-30,10-Q
ARCC,0001287750,2022-12-31,18.4,2024-10-30,10-Q
ARCC,0001287750,2022-12-31,18.4,2025-02-05,10-K
ARCC,0001287750,2022-12-31,18.4,2026-02-04,10-K
ARCC,0001287750,2023-03-31,18.45,2023-04-25,10-Q
ARCC,0001287750,2023-03-31,18.45,2024-05-01,10-Q
ARCC,0001287750,2023-06-30,18.58,2023-07-25,10-Q
ARCC,0001287750,2023-06-30,18.58,2024-07-30,10-Q
ARCC,0001287750,2023-09-30,18.99,2023-10-24,10-Q
ARCC,0001287750,2023-09-30,18.99,2024-10-30,10-Q
ARCC,0001287750,2023-12-31,19.24,2024-02-07,10-K
ARCC,0001287750,2023-12-31,19.24,2024-05-01,10-Q
ARCC,0001287750,2023-12-31,19.24,2024-07-30,10-Q
ARCC,0001287750,2023-12-31,19.24,2024-10-30,10-Q
ARCC,0001287750,2023-12-31,19.24,2025-02-05,10-K
ARCC,0001287750,2023-12-31,19.24,2025-04-29,10-Q
ARCC,0001287750,2023-12-31,19.24,2025-07-29,10-Q
ARCC,0001287750,2023-12-31,19.24,2025-10-28,10-Q
ARCC,0001287750,2023-12-31,19.24,2026-02-04,10-K
ARCC,0001287750,2024-03-31,19.53,2024-05-01,10-Q
ARCC,0001287750,2024-03-31,19.53,2024-07-30,10-Q
ARCC,0001287750,2024-03-31,19.53,2025-04-29,10-Q
ARCC,0001287750,2024-06-30,19.61,2024-07-30,10-Q
ARCC,0001287750,2024-06-30,19.53,2024-10-30,10-Q
ARCC,0001287750,2024-06-30,19.61,2025-07-29,10-Q
ARCC,0001287750,2024-09-30,19.77,2024-10-30,10-Q
ARCC,0001287750,2024-09-30,19.77,2025-10-28,10-Q
ARCC,0001287750,2024-12-31,19.89,2025-02-05,10-K
ARCC,0001287750,2024-12-31,19.89,2025-04-29,10-Q
ARCC,0001287750,2024-12-31,19.89,2025-07-29,10-Q
ARCC,0001287750,2024-12-31,19.89,2025-10-28,10-Q
ARCC,0001287750,2024-12-31,19.89,2026-02-04,10-K
ARCC,0001287750,2024-12-31,19.89,2026-04-28,10-Q
ARCC,0001287750,2024-12-31,19.89,2026-07-29,10-Q
ARCC,0001287750,2025-03-31,19.82,2025-04-29,10-Q
ARCC,0001287750,2025-03-31,19.82,2026-04-28,10-Q
ARCC,0001287750,2025-06-30,19.9,2025-07-29,10-Q
ARCC,0001287750,2025-06-30,19.9,2026-07-29,10-Q
ARCC,0001287750,2025-09-30,20.01,2025-10-28,10-Q
ARCC,0001287750,2025-12-31,19.94,2026-02-04,10-K
ARCC,0001287750,2025-12-31,19.94,2026-04-28,10-Q
ARCC,0001287750,2025-12-31,19.94,2026-07-29,10-Q
ARCC,0001287750,2026-03-31,19.59,2026-04-28,10-Q
ARCC,0001287750,2026-06-30,19.35,2026-07-29,10-Q
BBDC,0001379785,2013-12-31,16.1,2024-02-22,10-K
BBDC,0001379785,2014-12-31,16.11,2024-02-22,10-K
BBDC,0001379785,2014-12-31,16.11,2025-02-20,10-K
BBDC,0001379785,2015-12-31,15.23,2024-02-22,10-K
BBDC,0001379785,2015-12-31,15.23,2025-02-20,10-K
BBDC,0001379785,2015-12-31,15.23,2026-02-19,10-K
BBDC,0001379785,2016-12-31,15.13,2024-02-22,10-K
BBDC,0001379785,2016-12-31,15.13,2025-02-20,10-K
BBDC,0001379785,2016-12-31,15.13,2026-02-19,10-K
BBDC,0001379785,2017-12-31,13.43,2023-02-23,10-K
BBDC,0001379785,2017-12-31,13.43,2024-02-22,10-K
BBDC,0001379785,2017-12-31,13.43,2025-02-20,10-K
BBDC,0001379785,2017-12-31,13.43,2026-02-19,10-K
BBDC,0001379785,2018-12-31,10.98,2023-02-23,10-K
BBDC,0001379785,2018-12-31,10.98,2024-02-22,10-K
BBDC,0001379785,2018-12-31,10.98,2025-02-20,10-K
BBDC,0001379785,2018-12-31,10.98,2026-02-19,10-K
BBDC,0001379785,2019-12-31,11.66,2023-02-23,10-K
BBDC,0001379785,2019-12-31,11.66,2024-02-22,10-K
BBDC,0001379785,2019-12-31,11.66,2025-02-20,10-K
BBDC,0001379785,2019-12-31,11.66,2026-02-19,10-K
BBDC,0001379785,2020-12-31,10.99,2022-11-10,10-Q
BBDC,0001379785,2020-12-31,10.99,2023-02-23,10-K
BBDC,0001379785,2020-12-31,10.99,2024-02-22,10-K
BBDC,0001379785,2020-12-31,10.99,2025-02-20,10-K
BBDC,0001379785,2020-12-31,10.99,2026-02-19,10-K
BBDC,0001379785,2021-09-30,11.4,2022-11-10,10-Q
BBDC,0001379785,2021-12-31,11.36,2022-11-10,10-Q
BBDC,0001379785,2021-12-31,11.36,2023-02-23,10-K
BBDC,0001379785,2021-12-31,11.36,2023-05-04,10-Q
BBDC,0001379785,2021-12-31,11.36,2023-08-09,10-Q
BBDC,0001379785,2021-12-31,11.36,2023-11-09,10-Q
BBDC,0001379785,2021-12-31,11.36,2024-02-22,10-K
BBDC,0001379785,2021-12-31,11.36,2025-02-20,10-K
BBDC,0001379785,2021-12-31,11.36,2026-02-19,10-K
BBDC,0001379785,2022-03-31,11.86,2023-05-04,10-Q
BBDC,0001379785,2022-03-31,11.86,2024-02-22,10-K
BBDC,0001379785,2022-06-30,11.41,2023-08-09,10-Q
BBDC,0001379785,2022-06-30,11.41,2024-02-22,10-K
BBDC,0001379785,2022-09-30,11.28,2022-11-10,10-Q
BBDC,0001379785,2022-09-30,11.28,2023-11-09,10-Q
BBDC,0001379785,2022-09-30,11.28,2024-02-22,10-K
BBDC,0001379785,2022-12-31,11.05,2023-02-23,10-K
BBDC,0001379785,2022-12-31,11.05,2023-05-04,10-Q
BBDC,0001379785,2022-12-31,11.05,2023-08-09,10-Q
BBDC,0001379785,2022-12-31,11.05,2023-11-09,10-Q
BBDC,0001379785,2022-12-31,11.05,2024-02-22,10-K
BBDC,0001379785,2022-12-31,11.05,2024-05-07,10-Q
BBDC,0001379785,2022-12-31,11.05,2024-08-07,10-Q
BBDC,0001379785,2022-12-31,11.05,2024-11-06,10-Q
BBDC,0001379785,2022-12-31,11.05,2025-02-20,10-K
BBDC,0001379785,2022-12-31,11.05,2026-02-19,10-K
BBDC,0001379785,2023-03-31,11.17,2023-05-04,10-Q
BBDC,0001379785,2023-03-31,11.17,2024-02-22,10-K
BBDC,0001379785,2023-03-31,11.17,2024-05-07,10-Q
BBDC,0001379785,2023-03-31,11.17,2025-02-20,10-K
BBDC,0001379785,2023-06-30,11.34,2023-08-09,10-Q
BBDC,0001379785,2023-06-30,11.34,2024-02-22,10-K
BBDC,0001379785,2023-06-30,11.34,2024-08-07,10-Q
BBDC,0001379785,2023-06-30,11.34,2025-02-20,10-K
BBDC,0001379785,2023-09-30,11.25,2023-11-09,10-Q
BBDC,0001379785,2023-09-30,11.25,2024-02-22,10-K
BBDC,0001379785,2023-09-30,11.25,2024-11-06,10-Q
BBDC,0001379785,2023-09-30,11.25,2025-02-20,10-K
BBDC,0001379785,2023-12-31,11.28,2024-02-22,10-K
BBDC,0001379785,2023-12-31,11.28,2024-05-07,10-Q
BBDC,0001379785,2023-12-31,11.28,2024-08-07,10-Q
BBDC,0001379785,2023-12-31,11.28,2024-11-06,10-Q
BBDC,0001379785,2023-12-31,11.28,2025-02-20,10-K
BBDC,0001379785,2023-12-31,11.28,2025-05-08,10-Q
BBDC,0001379785,2023-12-31,11.28,2025-08-07,10-Q
BBDC,0001379785,2023-12-31,11.28,2025-11-06,10-Q
BBDC,0001379785,2023-12-31,11.28,2026-02-19,10-K
BBDC,0001379785,2024-03-31,11.44,2024-05-07,10-Q
BBDC,0001379785,2024-03-31,11.44,2025-02-20,10-K
BBDC,0001379785,2024-03-31,11.44,2025-05-08,10-Q
BBDC,0001379785,2024-03-31,11.44,2026-02-19,10-K
BBDC,0001379785,2024-06-30,11.36,2024-08-07,10-Q
BBDC,0001379785,2024-06-30,11.36,2025-02-20,10-K
BBDC,0001379785,2024-06-30,11.36,2025-08-07,10-Q
BBDC,0001379785,2024-06-30,11.36,2026-02-19,10-K
BBDC,0001379785,2024-09-30,11.32,2024-11-06,10-Q
BBDC,0001379785,2024-09-30,11.32,2025-02-20,10-K
BBDC,0001379785,2024-09-30,11.32,2025-11-06,10-Q
BBDC,0001379785,2024-09-30,11.32,2026-02-19,10-K
BBDC,0001379785,2024-12-31,11.29,2025-02-20,10-K
BBDC,0001379785,2024-12-31,11.29,2025-05-08,10-Q
BBDC,0001379785,2024-12-31,11.29,2025-08-07,10-Q
BBDC,0001379785,2024-12-31,11.29,2025-11-06,10-Q
BBDC,0001379785,2024-12-31,11.29,2026-02-19,10-K
BBDC,0001379785,2024-12-31,11.29,2026-05-07,10-Q
BBDC,0001379785,2024-12-31,11.29,2026-08-05,10-Q
BBDC,0001379785,2025-03-31,11.29,2025-05-08,10-Q
BBDC,0001379785,2025-03-31,11.29,2026-02-19,10-K
BBDC,0001379785,2025-03-31,11.29,2026-05-07,10-Q
BBDC,0001379785,2025-06-30,11.18,2025-08-07,10-Q
BBDC,0001379785,2025-06-30,11.18,2026-02-19,10-K
BBDC,0001379785,2025-06-30,11.18,2026-08-05,10-Q
BBDC,0001379785,2025-09-30,11.1,2025-11-06,10-Q
BBDC,0001379785,2025-09-30,11.1,2026-02-19,10-K
BBDC,0001379785,2025-12-31,11.09,2026-02-19,10-K
BBDC,0001379785,2025-12-31,11.09,2026-05-07,10-Q
BBDC,0001379785,2025-12-31,11.09,2026-08-05,10-Q
BBDC,0001379785,2026-03-31,11.02,2026-05-07,10-Q
BBDC,0001379785,2026-06-30,10.94,2026-08-05,10-Q
BCSF,0001655050,2016-12-31,20.1,2025-02-27,10-K
BCSF,0001655050,2016-12-31,20.1,2026-02-27,10-K
BCSF,0001655050,2017-12-31,20.3,2023-02-28,10-K
BCSF,0001655050,2017-12-31,20.3,2025-02-27,10-K
BCSF,0001655050,2017-12-31,20.3,2026-02-27,10-K
BCSF,0001655050,2018-12-31,19.46,2023-02-28,10-K
BCSF,0001655050,2018-12-31,19.46,2024-02-27,10-K
BCSF,0001655050,2018-12-31,19.46,2025-02-27,10-K
BCSF,0001655050,2018-12-31,19.46,2026-02-27,10-K
BCSF,0001655050,2019-12-31,19.72,2023-02-28,10-K
BCSF,0001655050,2019-12-31,19.72,2024-02-27,10-K
BCSF,0001655050,2019-12-31,19.72,2025-02-27,10-K
BCSF,0001655050,2019-12-31,19.72,2026-02-27,10-K
BCSF,0001655050,2020-03-31,17.29,2023-02-28,10-K
BCSF,0001655050,2020-06-30,15.81,2023-02-28,10-K
BCSF,0001655050,2020-09-30,16.27,2023-02-28,10-K
BCSF,0001655050,2020-12-31,16.54,2022-11-09,10-Q
BCSF,0001655050,2020-12-31,16.54,2023-02-28,10-K
BCSF,0001655050,2020-12-31,16.54,2024-02-27,10-K
BCSF,0001655050,2020-12-31,16.54,2025-02-27,10-K
BCSF,0001655050,2020-12-31,16.54,2026-02-27,10-K
BCSF,0001655050,2021-03-31,16.69,2023-02-28,10-K
BCSF,0001655050,2021-03-31,16.69,2024-02-27,10-K
BCSF,0001655050,2021-06-30,17.01,2023-02-28,10-K
BCSF,0001655050,2021-06-30,17.01,2024-02-27,10-K
BCSF,0001655050,2021-09-30,17.03,2022-11-09,10-Q
BCSF,0001655050,2021-09-30,17.03,2023-02-28,10-K
BCSF,0001655050,2021-09-30,17.03,2024-02-27,10-K
BCSF,0001655050,2021-12-31,17.04,2022-11-09,10-Q
BCSF,0001655050,2021-12-31,17.04,2023-02-28,10-K
BCSF,0001655050,2021-12-31,17.04,2023-05-09,10-Q
BCSF,0001655050,2021-12-31,17.04,2023-08-08,10-Q
BCSF,0001655050,2021-12-31,17.04,2023-11-06,10-Q
BCSF,0001655050,2021-12-31,17.04,2024-02-27,10-K
BCSF,0001655050,2021-12-31,17.7,2024-05-06,10-Q
BCSF,0001655050,2021-12-31,17.04,2025-02-27,10-K
BCSF,0001655050,2021-12-31,17.04,2026-02-27,10-K
BCSF,0001655050,2022-03-31,17.22,2023-02-28,10-K
BCSF,0001655050,2022-03-31,17.22,2023-05-09,10-Q
BCSF,0001655050,2022-03-31,17.22,2024-02-27,10-K
BCSF,0001655050,2022-03-31,17.22,2025-02-27,10-K
BCSF,0001655050,2022-06-30,17.15,2023-02-28,10-K
BCSF,0001655050,2022-06-30,17.15,2023-08-08,10-Q
BCSF,0001655050,2022-06-30,17.15,2024-02-27,10-K
BCSF,0001655050,2022-06-30,17.15,2025-02-27,10-K
BCSF,0001655050,2022-09-30,16.98,2022-11-09,10-Q
BCSF,0001655050,2022-09-30,16.98,2023-02-28,10-K
BCSF,0001655050,2022-09-30,16.98,2023-11-06,10-Q
BCSF,0001655050,2022-09-30,16.98,2024-02-27,10-K
BCSF,0001655050,2022-09-30,16.98,2025-02-27,10-K
BCSF,0001655050,2022-12-31,17.29,2023-02-28,10-K
BCSF,0001655050,2022-12-31,17.29,2023-05-09,10-Q
BCSF,0001655050,2022-12-31,17.29,2023-08-08,10-Q
BCSF,0001655050,2022-12-31,17.29,2023-11-06,10-Q
BCSF,0001655050,2022-12-31,17.29,2024-02-27,10-K
BCSF,0001655050,2022-12-31,17.29,2024-05-06,10-Q
BCSF,0001655050,2022-12-31,17.29,2024-08-06,10-Q
BCSF,0001655050,2022-12-31,17.29,2024-11-05,10-Q
BCSF,0001655050,2022-12-31,17.29,2025-02-27,10-K
BCSF,0001655050,2022-12-31,17.29,2026-02-27,10-K
BCSF,0001655050,2023-03-31,17.37,2023-05-09,10-Q
BCSF,0001655050,2023-03-31,17.37,2024-02-27,10-K
BCSF,0001655050,2023-03-31,17.37,2024-05-06,10-Q
BCSF,0001655050,2023-03-31,17.37,2025-02-27,10-K
BCSF,0001655050,2023-03-31,17.37,2026-02-27,10-K
BCSF,0001655050,2023-06-30,17.44,2023-08-08,10-Q
BCSF,0001655050,2023-06-30,17.44,2024-02-27,10-K
BCSF,0001655050,2023-06-30,17.44,2024-08-06,10-Q
BCSF,0001655050,2023-06-30,17.44,2025-02-27,10-K
BCSF,0001655050,2023-06-30,17.44,2026-02-27,10-K
BCSF,0001655050,2023-09-30,17.54,2023-11-06,10-Q
BCSF,0001655050,2023-09-30,17.54,2024-02-27,10-K
BCSF,0001655050,2023-09-30,17.54,2024-11-05,10-Q
BCSF,0001655050,2023-09-30,17.54,2025-02-27,10-K
BCSF,0001655050,2023-09-30,17.54,2026-02-27,10-K
BCSF,0001655050,2023-12-31,17.6,2024-02-27,10-K
BCSF,0001655050,2023-12-31,17.6,2024-05-06,10-Q
BCSF,0001655050,2023-12-31,17.6,2024-08-06,10-Q
BCSF,0001655050,2023-12-31,17.6,2024-11-05,10-Q
BCSF,0001655050,2023-12-31,17.6,2025-02-27,10-K
BCSF,0001655050,2023-12-31,17.6,2025-05-05,10-Q
BCSF,0001655050,2023-12-31,17.6,2025-08-05,10-Q
BCSF,0001655050,2023-12-31,17.6,2025-11-10,10-Q
BCSF,0001655050,2023-12-31,17.6,2026-02-27,10-K
BCSF,0001655050,2024-03-31,17.7,2024-05-06,10-Q
BCSF,0001655050,2024-03-31,17.7,2025-02-27,10-K
BCSF,0001655050,2024-03-31,17.7,2025-05-05,10-Q
BCSF,0001655050,2024-03-31,17.7,2026-02-27,10-K
BCSF,0001655050,2024-06-30,17.7,2024-08-06,10-Q
BCSF,0001655050,2024-06-30,17.7,2025-02-27,10-K
BCSF,0001655050,2024-06-30,17.7,2025-08-05,10-Q
BCSF,0001655050,2024-06-30,17.7,2026-02-27,10-K
BCSF,0001655050,2024-09-30,17.76,2024-11-05,10-Q
BCSF,0001655050,2024-09-30,17.76,2025-02-27,10-K
BCSF,0001655050,2024-09-30,17.76,2025-11-10,10-Q
BCSF,0001655050,2024-09-30,17.76,2026-02-27,10-K
BCSF,0001655050,2024-12-31,17.65,2025-02-27,10-K
BCSF,0001655050,2024-12-31,17.65,2025-05-05,10-Q
BCSF,0001655050,2024-12-31,17.65,2025-08-05,10-Q
BCSF,0001655050,2024-12-31,17.65,2025-11-10,10-Q
BCSF,0001655050,2024-12-31,17.65,2026-02-27,10-K
BCSF,0001655050,2024-12-31,17.65,2026-05-11,10-Q
BCSF,0001655050,2024-12-31,17.65,2026-08-10,10-Q
BCSF,0001655050,2025-03-31,17.64,2025-05-05,10-Q
BCSF,0001655050,2025-03-31,17.64,2026-02-27,10-K
BCSF,0001655050,2025-03-31,17.64,2026-05-11,10-Q
BCSF,0001655050,2025-06-30,17.56,2025-08-05,10-Q
BCSF,0001655050,2025-06-30,17.56,2026-02-27,10-K
BCSF,0001655050,2025-06-30,17.56,2026-08-10,10-Q
BCSF,0001655050,2025-09-30,17.4,2025-11-10,10-Q
BCSF,0001655050,2025-09-30,17.4,2026-02-27,10-K
BCSF,0001655050,2025-12-31,17.23,2026-02-27,10-K
BCSF,0001655050,2025-12-31,17.23,2026-05-11,10-Q
BCSF,0001655050,2025-12-31,17.23,2026-08-10,10-Q
BCSF,0001655050,2026-03-31,16.86,2026-05-11,10-Q
BCSF,0001655050,2026-06-30,16.65,2026-08-10,10-Q
BXSL,0001736035,2017-12-31,25,2024-02-28,10-K
BXSL,0001736035,2017-12-31,25,2025-02-26,10-K
BXSL,0001736035,2017-12-31,25,2026-02-25,10-K
BXSL,0001736035,2018-11-20,25,2023-02-27,10-K
BXSL,0001736035,2018-12-31,24.57,2023-02-27,10-K
BXSL,0001736035,2018-12-31,24.57,2024-02-28,10-K
BXSL,0001736035,2018-12-31,24.57,2025-02-26,10-K
BXSL,0001736035,2018-12-31,24.57,2026-02-25,10-K
BXSL,0001736035,2019-12-31,26.02,2023-02-27,10-K
BXSL,0001736035,2019-12-31,26.02,2024-02-28,10-K
BXSL,0001736035,2019-12-31,26.02,2025-02-26,10-K
BXSL,0001736035,2019-12-31,26.02,2026-02-25,10-K
BXSL,0001736035,2020-12-31,25.2,2022-11-10,10-Q
BXSL,0001736035,2020-12-31,25.2,2023-02-27,10-K
BXSL,0001736035,2020-12-31,25.2,2024-02-28,10-K
BXSL,0001736035,2020-12-31,25.2,2025-02-26,10-K
BXSL,0001736035,2020-12-31,25.2,2026-02-25,10-K
BXSL,0001736035,2021-09-30,26.15,2022-11-10,10-Q
BXSL,0001736035,2021-12-31,26.27,2022-11-10,10-Q
BXSL,0001736035,2021-12-31,26.27,2023-02-27,10-K
BXSL,0001736035,2021-12-31,26.27,2023-05-10,10-Q
BXSL,0001736035,2021-12-31,26.27,2023-08-09,10-Q
BXSL,0001736035,2021-12-31,26.27,2023-11-08,10-Q
BXSL,0001736035,2021-12-31,26.27,2024-02-28,10-K
BXSL,0001736035,2021-12-31,26.27,2025-02-26,10-K
BXSL,0001736035,2021-12-31,26.27,2026-02-25,10-K
BXSL,0001736035,2022-03-31,26.13,2023-05-10,10-Q
BXSL,0001736035,2022-03-31,26.13,2026-02-25,10-K
BXSL,0001736035,2022-06-30,25.89,2023-08-09,10-Q
BXSL,0001736035,2022-06-30,25.89,2026-02-25,10-K
BXSL,0001736035,2022-09-30,25.76,2022-11-10,10-Q
BXSL,0001736035,2022-09-30,25.76,2023-11-08,10-Q
BXSL,0001736035,2022-09-30,25.76,2026-02-25,10-K
BXSL,0001736035,2022-12-31,25.93,2023-02-27,10-K
BXSL,0001736035,2022-12-31,25.93,2023-05-10,10-Q
BXSL,0001736035,2022-12-31,25.93,2023-08-09,10-Q
BXSL,0001736035,2022-12-31,25.93,2023-11-08,10-Q
BXSL,0001736035,2022-12-31,25.93,2024-02-28,10-K
BXSL,0001736035,2022-12-31,25.93,2024-05-08,10-Q
BXSL,0001736035,2022-12-31,25.93,2024-08-07,10-Q
BXSL,0001736035,2022-12-31,25.93,2024-11-12,10-Q
BXSL,0001736035,2022-12-31,25.93,2025-02-26,10-K
BXSL,0001736035,2022-12-31,25.93,2026-02-25,10-K
BXSL,0001736035,2023-03-31,26.1,2023-05-10,10-Q
BXSL,0001736035,2023-03-31,26.1,2024-05-08,10-Q
BXSL,0001736035,2023-03-31,26.1,2026-02-25,10-K
BXSL,0001736035,2023-06-30,26.3,2023-08-09,10-Q
BXSL,0001736035,2023-06-30,26.3,2024-08-07,10-Q
BXSL,0001736035,2023-06-30,26.3,2026-02-25,10-K
BXSL,0001736035,2023-09-30,26.54,2023-11-08,10-Q
BXSL,0001736035,2023-09-30,26.54,2024-11-12,10-Q
BXSL,0001736035,2023-09-30,26.54,2026-02-25,10-K
BXSL,0001736035,2023-12-31,26.66,2024-02-28,10-K
BXSL,0001736035,2023-12-31,26.66,2024-05-08,10-Q
BXSL,0001736035,2023-12-31,26.66,2024-08-07,10-Q
BXSL,0001736035,2023-12-31,26.66,2024-11-12,10-Q
BXSL,0001736035,2023-12-31,26.66,2025-02-26,10-K
BXSL,0001736035,2023-12-31,26.66,2025-05-07,10-Q
BXSL,0001736035,2023-12-31,26.66,2025-08-06,10-Q
BXSL,0001736035,2023-12-31,26.66,2025-11-10,10-Q
BXSL,0001736035,2023-12-31,26.66,2026-02-25,10-K
BXSL,0001736035,2024-03-31,26.87,2024-05-08,10-Q
BXSL,0001736035,2024-03-31,26.87,2025-05-07,10-Q
BXSL,0001736035,2024-03-31,26.87,2026-02-25,10-K
BXSL,0001736035,2024-06-30,27.19,2024-08-07,10-Q
BXSL,0001736035,2024-06-30,27.19,2025-08-06,10-Q
BXSL,0001736035,2024-06-30,27.19,2026-02-25,10-K
BXSL,0001736035,2024-09-30,27.27,2024-11-12,10-Q
BXSL,0001736035,2024-09-30,27.27,2025-11-10,10-Q
BXSL,0001736035,2024-09-30,27.27,2026-02-25,10-K
BXSL,0001736035,2024-12-31,27.39,2025-02-26,10-K
BXSL,0001736035,2024-12-31,27.39,2025-05-07,10-Q
BXSL,0001736035,2024-12-31,27.39,2025-08-06,10-Q
BXSL,0001736035,2024-12-31,27.39,2025-11-10,10-Q
BXSL,0001736035,2024-12-31,27.39,2026-02-25,10-K
BXSL,0001736035,2024-12-31,27.39,2026-05-07,10-Q
BXSL,0001736035,2024-12-31,27.39,2026-08-06,10-Q
BXSL,0001736035,2025-03-31,27.39,2025-05-07,10-Q
BXSL,0001736035,2025-03-31,27.39,2026-02-25,10-K
BXSL,0001736035,2025-03-31,27.39,2026-05-07,10-Q
BXSL,0001736035,2025-06-30,27.33,2025-08-06,10-Q
BXSL,0001736035,2025-06-30,27.33,2026-02-25,10-K
BXSL,0001736035,2025-06-30,27.33,2026-08-06,10-Q
BXSL,0001736035,2025-09-30,27.15,2025-11-10,10-Q
BXSL,0001736035,2025-09-30,27.15,2026-02-25,10-K
BXSL,0001736035,2025-12-31,26.92,2026-02-25,10-K
BXSL,0001736035,2025-12-31,26.92,2026-05-07,10-Q
BXSL,0001736035,2025-12-31,26.92,2026-08-06,10-Q
BXSL,0001736035,2026-03-31,26.26,2026-05-07,10-Q
BXSL,0001736035,2026-06-30,25.53,2026-08-06,10-Q
CCAP,0001633336,2017-12-31,20.1,2023-02-22,10-K
CCAP,0001633336,2018-12-31,19.43,2023-02-22,10-K
CCAP,0001633336,2018-12-31,19.43,2024-02-21,10-K
CCAP,0001633336,2019-12-31,19.5,2023-02-22,10-K
CCAP,0001633336,2019-12-31,19.5,2024-02-21,10-K
CCAP,0001633336,2019-12-31,19.5,2025-02-19,10-K
CCAP,0001633336,2020-12-31,19.88,2022-11-09,10-Q
CCAP,0001633336,2020-12-31,19.88,2023-02-22,10-K
CCAP,0001633336,2020-12-31,19.88,2024-02-21,10-K
CCAP,0001633336,2020-12-31,19.88,2025-02-19,10-K
CCAP,0001633336,2020-12-31,19.88,2026-02-25,10-K
CCAP,0001633336,2021-03-31,20.24,2024-02-21,10-K
CCAP,0001633336,2021-06-30,20.98,2024-02-21,10-K
CCAP,0001633336,2021-09-30,21.16,2022-11-09,10-Q
CCAP,0001633336,2021-09-30,21.16,2024-02-21,10-K
CCAP,0001633336,2021-12-31,21.12,2022-11-09,10-Q
CCAP,0001633336,2021-12-31,21.12,2023-02-22,10-K
CCAP,0001633336,2021-12-31,21.12,2023-05-10,10-Q
CCAP,0001633336,2021-12-31,21.12,2023-08-09,10-Q
CCAP,0001633336,2021-12-31,21.12,2023-11-08,10-Q
CCAP,0001633336,2021-12-31,21.12,2024-02-21,10-K
CCAP,0001633336,2021-12-31,21.12,2025-02-19,10-K
CCAP,0001633336,2021-12-31,21.12,2026-02-25,10-K
CCAP,0001633336,2022-03-31,21.18,2023-05-10,10-Q
CCAP,0001633336,2022-03-31,21.18,2024-02-21,10-K
CCAP,0001633336,2022-03-31,21.18,2025-02-19,10-K
CCAP,0001633336,2022-06-30,20.69,2023-08-09,10-Q
CCAP,0001633336,2022-06-30,20.69,2024-02-21,10-K
CCAP,0001633336,2022-06-30,20.69,2025-02-19,10-K
CCAP,0001633336,2022-09-30,20.16,2022-11-09,10-Q
CCAP,0001633336,2022-09-30,20.16,2023-11-08,10-Q
CCAP,0001633336,2022-09-30,20.16,2024-02-21,10-K
CCAP,0001633336,2022-09-30,20.16,2025-02-19,10-K
CCAP,0001633336,2022-12-31,19.83,2023-02-22,10-K
CCAP,0001633336,2022-12-31,19.83,2023-05-10,10-Q
CCAP,0001633336,2022-12-31,19.83,2023-08-09,10-Q
CCAP,0001633336,2022-12-31,19.83,2023-11-08,10-Q
CCAP,0001633336,2022-12-31,19.83,2024-02-21,10-K
CCAP,0001633336,2022-12-31,19.83,2024-05-08,10-Q
CCAP,0001633336,2022-12-31,19.83,2024-08-12,10-Q
CCAP,0001633336,2022-12-31,19.83,2024-11-12,10-Q
CCAP,0001633336,2022-12-31,19.83,2025-02-19,10-K
CCAP,0001633336,2022-12-31,19.83,2026-02-25,10-K
CCAP,0001633336,2023-03-31,19.38,2023-05-10,10-Q
CCAP,0001633336,2023-03-31,19.38,2024-02-21,10-K
CCAP,0001633336,2023-03-31,19.38,2024-05-08,10-Q
CCAP,0001633336,2023-03-31,19.38,2025-02-19,10-K
CCAP,0001633336,2023-03-31,19.38,2026-02-25,10-K
CCAP,0001633336,2023-06-30,19.58,2023-08-09,10-Q
CCAP,0001633336,2023-06-30,19.58,2024-02-21,10-K
CCAP,0001633336,2023-06-30,19.58,2024-08-12,10-Q
CCAP,0001633336,2023-06-30,19.58,2025-02-19,10-K
CCAP,0001633336,2023-06-30,19.58,2026-02-25,10-K
CCAP,0001633336,2023-09-30,19.7,2023-11-08,10-Q
CCAP,0001633336,2023-09-30,19.7,2024-02-21,10-K
CCAP,0001633336,2023-09-30,19.7,2024-11-12,10-Q
CCAP,0001633336,2023-09-30,19.7,2025-02-19,10-K
CCAP,0001633336,2023-09-30,19.7,2026-02-25,10-K
CCAP,0001633336,2023-12-31,20.04,2024-02-21,10-K
CCAP,0001633336,2023-12-31,20.04,2024-05-08,10-Q
CCAP,0001633336,2023-12-31,20.04,2024-08-12,10-Q
CCAP,0001633336,2023-12-31,20.04,2024-11-12,10-Q
CCAP,0001633336,2023-12-31,20.04,2025-02-19,10-K
CCAP,0001633336,2023-12-31,20.04,2025-05-14,10-Q
CCAP,0001633336,2023-12-31,20.04,2025-08-13,10-Q
CCAP,0001633336,2023-12-31,20.04,2025-11-12,10-Q
CCAP,0001633336,2023-12-31,20.04,2026-02-25,10-K
CCAP,0001633336,2024-03-31,20.28,2024-05-08,10-Q
CCAP,0001633336,2024-03-31,20.28,2025-02-19,10-K
CCAP,0001633336,2024-03-31,20.28,2025-05-14,10-Q
CCAP,0001633336,2024-03-31,20.28,2026-02-25,10-K
CCAP,0001633336,2024-06-30,20.3,2024-08-12,10-Q
CCAP,0001633336,2024-06-30,20.3,2025-02-19,10-K
CCAP,0001633336,2024-06-30,20.3,2025-08-13,10-Q
CCAP,0001633336,2024-06-30,20.3,2026-02-25,10-K
CCAP,0001633336,2024-09-30,20.2,2024-11-12,10-Q
CCAP,0001633336,2024-09-30,20.2,2025-02-19,10-K
CCAP,0001633336,2024-09-30,20.2,2025-11-12,10-Q
CCAP,0001633336,2024-09-30,20.2,2026-02-25,10-K
CCAP,0001633336,2024-12-31,19.98,2025-02-19,10-K
CCAP,0001633336,2024-12-31,19.98,2025-05-14,10-Q
CCAP,0001633336,2024-12-31,19.98,2025-08-13,10-Q
CCAP,0001633336,2024-12-31,19.98,2025-11-12,10-Q
CCAP,0001633336,2024-12-31,19.98,2026-02-25,10-K
CCAP,0001633336,2024-12-31,19.98,2026-05-13,10-Q
CCAP,0001633336,2024-12-31,19.98,2026-08-10,10-Q
CCAP,0001633336,2025-03-31,19.62,2025-05-14,10-Q
CCAP,0001633336,2025-03-31,19.62,2026-02-25,10-K
CCAP,0001633336,2025-03-31,19.62,2026-05-13,10-Q
CCAP,0001633336,2025-06-30,19.55,2025-08-13,10-Q
CCAP,0001633336,2025-06-30,19.55,2026-02-25,10-K
CCAP,0001633336,2025-06-30,19.55,2026-08-10,10-Q
CCAP,0001633336,2025-09-30,19.28,2025-11-12,10-Q
CCAP,0001633336,2025-09-30,19.28,2026-02-25,10-K
CCAP,0001633336,2025-12-31,19.1,2026-02-25,10-K
CCAP,0001633336,2025-12-31,19.1,2026-05-13,10-Q
CCAP,0001633336,2025-12-31,19.1,2026-08-10,10-Q
CCAP,0001633336,2026-03-31,18.27,2026-05-13,10-Q
CCAP,0001633336,2026-06-30,17.82,2026-08-10,10-Q
CGBD,0001544206,2013-12-31,19.42,2024-02-26,10-K
CGBD,0001544206,2014-12-31,18.86,2024-02-26,10-K
CGBD,0001544206,2014-12-31,18.86,2025-02-25,10-K
CGBD,0001544206,2015-12-31,18.14,2024-02-26,10-K
CGBD,0001544206,2015-12-31,18.14,2025-02-25,10-K
CGBD,0001544206,2015-12-31,18.14,2026-02-24,10-K
CGBD,0001544206,2016-12-31,18.32,2024-02-26,10-K
CGBD,0001544206,2016-12-31,18.32,2025-02-25,10-K
CGBD,0001544206,2016-12-31,18.32,2026-02-24,10-K
CGBD,0001544206,2017-12-31,18.12,2023-02-27,10-K
CGBD,0001544206,2017-12-31,18.12,2024-02-26,10-K
CGBD,0001544206,2017-12-31,18.12,2025-02-25,10-K
CGBD,0001544206,2017-12-31,18.12,2026-02-24,10-K
CGBD,0001544206,2018-12-31,17.09,2023-02-27,10-K
CGBD,0001544206,2018-12-31,17.09,2024-02-26,10-K
CGBD,0001544206,2018-12-31,17.09,2025-02-25,10-K
CGBD,0001544206,2018-12-31,17.09,2026-02-24,10-K
CGBD,0001544206,2019-12-31,16.56,2023-02-27,10-K
CGBD,0001544206,2019-12-31,16.56,2024-02-26,10-K
CGBD,0001544206,2019-12-31,16.56,2025-02-25,10-K
CGBD,0001544206,2019-12-31,16.56,2026-02-24,10-K
CGBD,0001544206,2020-12-31,15.39,2022-11-08,10-Q
CGBD,0001544206,2020-12-31,15.39,2023-02-27,10-K
CGBD,0001544206,2020-12-31,15.39,2024-02-26,10-K
CGBD,0001544206,2020-12-31,15.39,2025-02-25,10-K
CGBD,0001544206,2020-12-31,15.39,2026-02-24,10-K
CGBD,0001544206,2021-09-30,16.65,2022-11-08,10-Q
CGBD,0001544206,2021-12-31,16.91,2022-11-08,10-Q
CGBD,0001544206,2021-12-31,16.91,2023-02-27,10-K
CGBD,0001544206,2021-12-31,16.91,2023-05-09,10-Q
CGBD,0001544206,2021-12-31,16.91,2023-08-08,10-Q
CGBD,0001544206,2021-12-31,16.91,2023-11-07,10-Q
CGBD,0001544206,2021-12-31,16.91,2024-02-26,10-K
CGBD,0001544206,2021-12-31,16.91,2025-02-25,10-K
CGBD,0001544206,2021-12-31,16.91,2026-02-24,10-K
CGBD,0001544206,2022-03-31,17.11,2023-05-09,10-Q
CGBD,0001544206,2022-06-30,16.81,2023-08-08,10-Q
CGBD,0001544206,2022-09-30,17.16,2022-11-08,10-Q
CGBD,0001544206,2022-09-30,17.16,2023-11-07,10-Q
CGBD,0001544206,2022-12-31,16.99,2023-02-27,10-K
CGBD,0001544206,2022-12-31,16.99,2023-05-09,10-Q
CGBD,0001544206,2022-12-31,16.99,2023-08-08,10-Q
CGBD,0001544206,2022-12-31,16.99,2023-11-07,10-Q
CGBD,0001544206,2022-12-31,16.99,2024-02-26,10-K
CGBD,0001544206,2022-12-31,16.99,2024-05-07,10-Q
CGBD,0001544206,2022-12-31,16.99,2024-08-05,10-Q
CGBD,0001544206,2022-12-31,16.99,2024-11-05,10-Q
CGBD,0001544206,2022-12-31,16.99,2025-02-25,10-K
CGBD,0001544206,2022-12-31,16.99,2026-02-24,10-K
CGBD,0001544206,2023-03-31,17.09,2023-05-09,10-Q
CGBD,0001544206,2023-03-31,17.09,2024-05-07,10-Q
CGBD,0001544206,2023-06-30,16.73,2023-08-08,10-Q
CGBD,0001544206,2023-06-30,16.73,2024-08-05,10-Q
CGBD,0001544206,2023-09-30,16.86,2023-11-07,10-Q
CGBD,0001544206,2023-09-30,16.86,2024-11-05,10-Q
CGBD,0001544206,2023-12-31,16.99,2024-02-26,10-K
CGBD,0001544206,2023-12-31,16.99,2024-05-07,10-Q
CGBD,0001544206,2023-12-31,16.99,2024-08-05,10-Q
CGBD,0001544206,2023-12-31,16.99,2024-11-05,10-Q
CGBD,0001544206,2023-12-31,16.99,2025-02-25,10-K
CGBD,0001544206,2023-12-31,16.99,2025-05-06,10-Q
CGBD,0001544206,2023-12-31,16.99,2025-08-05,10-Q
CGBD,0001544206,2023-12-31,16.99,2025-11-04,10-Q
CGBD,0001544206,2023-12-31,16.99,2026-02-24,10-K
CGBD,0001544206,2024-03-31,17.07,2024-05-07,10-Q
CGBD,0001544206,2024-03-31,17.07,2025-05-06,10-Q
CGBD,0001544206,2024-06-30,16.95,2024-08-05,10-Q
CGBD,0001544206,2024-06-30,16.95,2025-08-05,10-Q
CGBD,0001544206,2024-09-30,16.85,2024-11-05,10-Q
CGBD,0001544206,2024-09-30,16.85,2025-11-04,10-Q
CGBD,0001544206,2024-12-31,16.8,2025-02-25,10-K
CGBD,0001544206,2024-12-31,16.8,2025-05-06,10-Q
CGBD,0001544206,2024-12-31,16.8,2025-08-05,10-Q
CGBD,0001544206,2024-12-31,16.8,2025-11-04,10-Q
CGBD,0001544206,2024-12-31,16.8,2026-02-24,10-K
CGBD,0001544206,2024-12-31,16.8,2026-05-11,10-Q
CGBD,0001544206,2024-12-31,16.8,2026-08-06,10-Q
CGBD,0001544206,2025-03-25,16.64,2025-05-06,10-Q
CGBD,0001544206,2025-03-25,16.64,2025-08-05,10-Q
CGBD,0001544206,2025-03-25,16.64,2025-11-04,10-Q
CGBD,0001544206,2025-03-25,16.64,2026-02-24,10-K
CGBD,0001544206,2025-03-25,16.64,2026-05-11,10-Q
CGBD,0001544206,2025-03-25,16.64,2026-08-06,10-Q
CGBD,0001544206,2025-03-31,16.63,2025-05-06,10-Q
CGBD,0001544206,2025-03-31,16.63,2026-05-11,10-Q
CGBD,0001544206,2025-06-30,16.43,2025-08-05,10-Q
CGBD,0001544206,2025-06-30,16.43,2026-08-06,10-Q
CGBD,0001544206,2025-09-30,16.36,2025-11-04,10-Q
CGBD,0001544206,2025-12-31,16.26,2026-02-24,10-K
CGBD,0001544206,2025-12-31,16.26,2026-05-11,10-Q
CGBD,0001544206,2025-12-31,16.26,2026-08-06,10-Q
CGBD,0001544206,2026-03-31,15.89,2026-05-11,10-Q
CGBD,0001544206,2026-06-30,15.61,2026-08-06,10-Q
CION,0001534254,2017-12-31,18.28,2023-03-16,10-K
CION,0001534254,2018-12-31,17.38,2023-03-16,10-K
CION,0001534254,2018-12-31,17.38,2024-03-14,10-K
CION,0001534254,2019-12-31,16.8,2023-03-16,10-K
CION,0001534254,2019-12-31,16.8,2024-03-14,10-K
CION,0001534254,2019-12-31,16.8,2025-03-13,10-K
CION,0001534254,2020-12-31,15.5,2022-11-10,10-Q
CION,0001534254,2020-12-31,15.5,2023-03-16,10-K
CION,0001534254,2020-12-31,15.5,2024-03-14,10-K
CION,0001534254,2020-12-31,15.5,2025-03-13,10-K
CION,0001534254,2020-12-31,15.5,2026-03-12,10-K
CION,0001534254,2021-09-30,16.52,2022-11-10,10-Q
CION,0001534254,2021-12-31,16.34,2022-11-10,10-Q
CION,0001534254,2021-12-31,16.34,2023-03-16,10-K
CION,0001534254,2021-12-31,16.34,2023-05-10,10-Q
CION,0001534254,2021-12-31,16.34,2023-08-09,10-Q
CION,0001534254,2021-12-31,16.34,2023-11-09,10-Q
CION,0001534254,2021-12-31,16.34,2024-03-14,10-K
CION,0001534254,2021-12-31,16.34,2025-03-13,10-K
CION,0001534254,2021-12-31,16.34,2026-03-12,10-K
CION,0001534254,2022-03-31,16.2,2023-05-10,10-Q
CION,0001534254,2022-03-31,16.2,2024-03-14,10-K
CION,0001534254,2022-06-30,15.89,2023-08-09,10-Q
CION,0001534254,2022-06-30,15.89,2024-03-14,10-K
CION,0001534254,2022-09-30,16.26,2022-11-10,10-Q
CION,0001534254,2022-09-30,16.26,2023-11-09,10-Q
CION,0001534254,2022-09-30,16.26,2024-03-14,10-K
CION,0001534254,2022-12-31,15.98,2023-03-16,10-K
CION,0001534254,2022-12-31,15.98,2023-05-10,10-Q
CION,0001534254,2022-12-31,15.98,2023-08-09,10-Q
CION,0001534254,2022-12-31,15.98,2023-11-09,10-Q
CION,0001534254,2022-12-31,15.98,2024-03-14,10-K
CION,0001534254,2022-12-31,15.98,2024-05-09,10-Q
CION,0001534254,2022-12-31,15.98,2024-08-08,10-Q
CION,0001534254,2022-12-31,15.98,2024-11-07,10-Q
CION,0001534254,2022-12-31,15.98,2025-03-13,10-K
CION,0001534254,2022-12-31,15.98,2026-03-12,10-K
CION,0001534254,2023-03-31,15.11,2023-05-10,10-Q
CION,0001534254,2023-03-31,15.11,2024-03-14,10-K
CION,0001534254,2023-03-31,15.11,2024-05-09,10-Q
CION,0001534254,2023-03-31,15.11,2025-03-13,10-K
CION,0001534254,2023-06-30,15.31,2023-08-09,10-Q
CION,0001534254,2023-06-30,15.31,2024-03-14,10-K
CION,0001534254,2023-06-30,15.31,2024-08-08,10-Q
CION,0001534254,2023-06-30,15.31,2025-03-13,10-K
CION,0001534254,2023-09-30,15.8,2023-11-09,10-Q
CION,0001534254,2023-09-30,15.8,2024-03-14,10-K
CION,0001534254,2023-09-30,15.8,2024-11-07,10-Q
CION,0001534254,2023-09-30,15.8,2025-03-13,10-K
CION,0001534254,2023-12-31,16.23,2024-03-14,10-K
CION,0001534254,2023-12-31,16.23,2024-05-09,10-Q
CION,0001534254,2023-12-31,16.23,2024-08-08,10-Q
CION,0001534254,2023-12-31,16.23,2024-11-07,10-Q
CION,0001534254,2023-12-31,16.23,2025-03-13,10-K
CION,0001534254,2023-12-31,16.23,2025-05-08,10-Q
CION,0001534254,2023-12-31,16.23,2025-08-07,10-Q
CION,0001534254,2023-12-31,16.23,2025-11-06,10-Q
CION,0001534254,2023-12-31,16.23,2026-03-12,10-K
CION,0001534254,2024-03-31,16.05,2024-05-09,10-Q
CION,0001534254,2024-03-31,16.05,2025-03-13,10-K
CION,0001534254,2024-03-31,16.05,2025-05-08,10-Q
CION,0001534254,2024-03-31,16.05,2026-03-12,10-K
CION,0001534254,2024-06-30,16.08,2024-08-08,10-Q
CION,0001534254,2024-06-30,16.08,2025-03-13,10-K
CION,0001534254,2024-06-30,16.08,2025-08-07,10-Q
CION,0001534254,2024-06-30,16.08,2026-03-12,10-K
CION,0001534254,2024-09-30,15.73,2024-11-07,10-Q
CION,0001534254,2024-09-30,15.73,2025-03-13,10-K
CION,0001534254,2024-09-30,15.73,2025-11-06,10-Q
CION,0001534254,2024-09-30,15.73,2026-03-12,10-K
CION,0001534254,2024-12-31,15.43,2025-03-13,10-K
CION,0001534254,2024-12-31,15.43,2025-05-08,10-Q
CION,0001534254,2024-12-31,15.43,2025-08-07,10-Q
CION,0001534254,2024-12-31,15.43,2025-11-06,10-Q
CION,0001534254,2024-12-31,15.43,2026-03-12,10-K
CION,0001534254,2024-12-31,15.43,2026-05-07,10-Q
CION,0001534254,2024-12-31,15.43,2026-08-06,10-Q
CION,0001534254,2025-03-31,14.28,2025-05-08,10-Q
CION,0001534254,2025-03-31,14.28,2026-03-12,10-K
CION,0001534254,2025-03-31,14.28,2026-05-07,10-Q
CION,0001534254,2025-06-30,14.5,2025-08-07,10-Q
CION,0001534254,2025-06-30,14.5,2026-03-12,10-K
CION,0001534254,2025-06-30,14.5,2026-08-06,10-Q
CION,0001534254,2025-09-30,14.86,2025-11-06,10-Q
CION,0001534254,2025-09-30,14.86,2026-03-12,10-K
CION,0001534254,2025-12-31,13.76,2026-03-12,10-K
CION,0001534254,2025-12-31,13.76,2026-05-07,10-Q
CION,0001534254,2025-12-31,13.76,2026-08-06,10-Q
CION,0001534254,2026-03-31,13.11,2026-05-07,10-Q
CION,0001534254,2026-06-30,13.57,2026-08-06,10-Q
CSWC,0000017313,2016-03-31,17.34,2023-05-23,10-K
CSWC,0000017313,2016-03-31,17.34,2024-05-21,10-K
CSWC,0000017313,2016-03-31,17.34,2025-05-20,10-K
CSWC,0000017313,2016-03-31,17.34,2026-05-19,10-K
CSWC,0000017313,2017-03-31,17.8,2023-05-23,10-K
CSWC,0000017313,2017-03-31,17.8,2024-05-21,10-K
CSWC,0000017313,2017-03-31,17.8,2025-05-20,10-K
CSWC,0000017313,2017-03-31,17.8,2026-05-19,10-K
CSWC,0000017313,2018-03-31,19.08,2023-05-23,10-K
CSWC,0000017313,2018-03-31,19.08,2024-05-21,10-K
CSWC,0000017313,2018-03-31,19.08,2025-05-20,10-K
CSWC,0000017313,2018-03-31,19.08,2026-05-19,10-K
CSWC,0000017313,2019-03-31,18.62,2023-05-23,10-K
CSWC,0000017313,2019-03-31,18.62,2024-05-21,10-K
CSWC,0000017313,2019-03-31,18.62,2025-05-20,10-K
CSWC,0000017313,2019-03-31,18.62,2026-05-19,10-K
CSWC,0000017313,2020-03-31,15.13,2023-05-23,10-K
CSWC,0000017313,2020-03-31,15.13,2024-05-21,10-K
CSWC,0000017313,2020-03-31,15.13,2025-05-20,10-K
CSWC,0000017313,2020-03-31,15.13,2026-05-19,10-K
CSWC,0000017313,2021-03-31,16.01,2022-11-01,10-Q
CSWC,0000017313,2021-03-31,16.01,2023-01-31,10-Q
CSWC,0000017313,2021-03-31,16.01,2023-05-23,10-K
CSWC,0000017313,2021-03-31,16.01,2024-05-21,10-K
CSWC,0000017313,2021-03-31,16.01,2025-05-20,10-K
CSWC,0000017313,2021-03-31,16.01,2026-05-19,10-K
CSWC,0000017313,2021-06-30,16.58,2022-11-01,10-Q
CSWC,0000017313,2021-06-30,16.58,2023-05-23,10-K
CSWC,0000017313,2021-09-30,16.36,2022-11-01,10-Q
CSWC,0000017313,2021-09-30,16.36,2023-01-31,10-Q
CSWC,0000017313,2021-09-30,16.36,2023-05-23,10-K
CSWC,0000017313,2021-12-31,16.19,2023-01-31,10-Q
CSWC,0000017313,2021-12-31,16.19,2023-05-23,10-K
CSWC,0000017313,2022-03-31,16.86,2022-11-01,10-Q
CSWC,0000017313,2022-03-31,16.86,2023-01-31,10-Q
CSWC,0000017313,2022-03-31,16.86,2023-05-23,10-K
CSWC,0000017313,2022-03-31,16.86,2023-08-08,10-Q
CSWC,0000017313,2022-03-31,16.86,2023-10-31,10-Q
CSWC,0000017313,2022-03-31,16.86,2024-01-30,10-Q
CSWC,0000017313,2022-03-31,16.86,2024-05-21,10-K
CSWC,0000017313,2022-03-31,16.86,2025-05-20,10-K
CSWC,0000017313,2022-03-31,16.86,2026-05-19,10-K
CSWC,0000017313,2022-06-30,16.54,2022-11-01,10-Q
CSWC,0000017313,2022-06-30,16.54,2023-05-23,10-K
CSWC,0000017313,2022-06-30,16.54,2023-08-08,10-Q
CSWC,0000017313,2022-06-30,16.54,2024-05-21,10-K
CSWC,0000017313,2022-09-30,16.53,2022-11-01,10-Q
CSWC,0000017313,2022-09-30,16.53,2023-01-31,10-Q
CSWC,0000017313,2022-09-30,16.53,2023-05-23,10-K
CSWC,0000017313,2022-09-30,16.53,2023-10-31,10-Q
CSWC,0000017313,2022-09-30,16.53,2024-05-21,10-K
CSWC,0000017313,2022-12-31,16.25,2023-01-31,10-Q
CSWC,0000017313,2022-12-31,16.25,2023-05-23,10-K
CSWC,0000017313,2022-12-31,16.25,2024-01-30,10-Q
CSWC,0000017313,2022-12-31,16.25,2024-05-21,10-K
CSWC,0000017313,2023-03-31,16.37,2023-05-23,10-K
CSWC,0000017313,2023-03-31,16.37,2023-08-08,10-Q
CSWC,0000017313,2023-03-31,16.37,2023-10-31,10-Q
CSWC,0000017313,2023-03-31,16.37,2024-01-30,10-Q
CSWC,0000017313,2023-03-31,16.37,2024-05-21,10-K
CSWC,0000017313,2023-03-31,16.37,2024-08-06,10-Q
CSWC,0000017313,2023-03-31,16.37,2024-10-29,10-Q
CSWC,0000017313,2023-03-31,16.37,2025-02-04,10-Q
CSWC,0000017313,2023-03-31,16.37,2025-05-20,10-K
CSWC,0000017313,2023-03-31,16.37,2026-05-19,10-K
CSWC,0000017313,2023-06-30,16.38,2023-08-08,10-Q
CSWC,0000017313,2023-06-30,16.38,2024-05-21,10-K
CSWC,0000017313,2023-06-30,16.38,2024-08-06,10-Q
CSWC,0000017313,2023-06-30,16.38,2025-05-20,10-K
CSWC,0000017313,2023-09-30,16.46,2023-10-31,10-Q
CSWC,0000017313,2023-09-30,16.46,2024-05-21,10-K
CSWC,0000017313,2023-09-30,16.46,2024-10-29,10-Q
CSWC,0000017313,2023-09-30,16.46,2025-05-20,10-K
CSWC,0000017313,2023-12-31,16.77,2024-01-30,10-Q
CSWC,0000017313,2023-12-31,16.77,2024-05-21,10-K
CSWC,0000017313,2023-12-31,16.77,2025-02-04,10-Q
CSWC,0000017313,2023-12-31,16.77,2025-05-20,10-K
CSWC,0000017313,2024-03-31,16.77,2024-05-21,10-K
CSWC,0000017313,2024-03-31,16.77,2024-08-06,10-Q
CSWC,0000017313,2024-03-31,16.77,2024-10-29,10-Q
CSWC,0000017313,2024-03-31,16.77,2025-02-04,10-Q
CSWC,0000017313,2024-03-31,16.77,2025-05-20,10-K
CSWC,0000017313,2024-03-31,16.77,2025-08-07,10-Q
CSWC,0000017313,2024-03-31,16.77,2025-11-03,10-Q
CSWC,0000017313,2024-03-31,16.77,2026-02-02,10-Q
CSWC,0000017313,2024-03-31,16.77,2026-05-19,10-K
CSWC,0000017313,2024-06-30,16.6,2024-08-06,10-Q
CSWC,0000017313,2024-06-30,16.6,2025-05-20,10-K
CSWC,0000017313,2024-06-30,16.6,2025-08-07,10-Q
CSWC,0000017313,2024-06-30,16.6,2026-05-19,10-K
CSWC,0000017313,2024-09-30,16.59,2024-10-29,10-Q
CSWC,0000017313,2024-09-30,16.59,2025-05-20,10-K
CSWC,0000017313,2024-09-30,16.59,2025-11-03,10-Q
CSWC,0000017313,2024-09-30,16.59,2026-05-19,10-K
CSWC,0000017313,2024-12-31,16.59,2025-02-04,10-Q
CSWC,0000017313,2024-12-31,16.59,2025-05-20,10-K
CSWC,0000017313,2024-12-31,16.59,2026-02-02,10-Q
CSWC,0000017313,2024-12-31,16.59,2026-05-19,10-K
CSWC,0000017313,2025-03-31,16.7,2025-05-20,10-K
CSWC,0000017313,2025-03-31,16.7,2025-08-07,10-Q
CSWC,0000017313,2025-03-31,16.7,2025-11-03,10-Q
CSWC,0000017313,2025-03-31,16.7,2026-02-02,10-Q
CSWC,0000017313,2025-03-31,16.7,2026-05-19,10-K
CSWC,0000017313,2025-03-31,16.7,2026-08-03,10-Q
CSWC,0000017313,2025-06-30,16.59,2025-08-07,10-Q
CSWC,0000017313,2025-06-30,16.59,2026-05-19,10-K
CSWC,0000017313,2025-06-30,16.59,2026-08-03,10-Q
CSWC,0000017313,2025-09-30,16.62,2025-11-03,10-Q
CSWC,0000017313,2025-09-30,16.62,2026-05-19,10-K
CSWC,0000017313,2025-12-31,16.75,2026-02-02,10-Q
CSWC,0000017313,2025-12-31,16.75,2026-05-19,10-K
CSWC,0000017313,2026-03-31,16.69,2026-05-19,10-K
CSWC,0000017313,2026-03-31,16.69,2026-08-03,10-Q
CSWC,0000017313,2026-06-30,16.61,2026-08-03,10-Q
EQS,0000878932,2017-12-31,3.18,2025-12-18,10-K/A
EQS,0000878932,2018-12-31,3.22,2025-12-18,10-K/A
EQS,0000878932,2018-12-31,3.22,2025-12-18,10-K/A
EQS,0000878932,2019-12-31,3.4,2025-12-17,10-K/A
EQS,0000878932,2019-12-31,3.4,2025-12-18,10-K/A
EQS,0000878932,2019-12-31,3.4,2025-12-18,10-K/A
EQS,0000878932,2020-12-31,2.5,2025-12-17,10-K/A
EQS,0000878932,2020-12-31,2.5,2025-12-18,10-K/A
EQS,0000878932,2020-12-31,2.5,2025-12-18,10-K/A
EQS,0000878932,2020-12-31,2.5,2025-12-18,10-Q/A
EQS,0000878932,2020-12-31,2.5,2025-12-18,10-Q/A
EQS,0000878932,2020-12-31,2.5,2025-12-18,10-Q/A
EQS,0000878932,2020-12-31,2.5,2026-04-20,10-K/A
EQS,0000878932,2021-03-31,2.52,2025-12-18,10-Q/A
EQS,0000878932,2021-06-30,2.57,2025-12-18,10-Q/A
EQS,0000878932,2021-09-30,2.68,2025-12-18,10-Q/A
EQS,0000878932,2021-12-31,2.69,2025-12-17,10-K/A
EQS,0000878932,2021-12-31,2.69,2025-12-18,10-K/A
EQS,0000878932,2021-12-31,2.69,2025-12-18,10-Q/A
EQS,0000878932,2021-12-31,2.69,2025-12-18,10-Q/A
EQS,0000878932,2021-12-31,2.69,2025-12-18,10-Q/A
EQS,0000878932,2021-12-31,2.69,2025-12-18,10-K/A
EQS,0000878932,2021-12-31,2.69,2025-12-18,10-Q/A
EQS,0000878932,2021-12-31,2.69,2025-12-18,10-Q/A
EQS,0000878932,2021-12-31,2.69,2025-12-18,10-Q/A
EQS,0000878932,2021-12-31,2.69,2026-04-20,10-K/A
EQS,0000878932,2022-03-31,2.77,2025-12-18,10-Q/A
EQS,0000878932,2022-03-31,2.77,2025-12-18,10-Q/A
EQS,0000878932,2022-06-30,2.75,2025-12-18,10-Q/A
EQS,0000878932,2022-06-30,2.75,2025-12-18,10-Q/A
EQS,0000878932,2022-09-30,2.68,2025-12-18,10-Q/A
EQS,0000878932,2022-09-30,2.68,2025-12-18,10-Q/A
EQS,0000878932,2022-12-31,2.61,2025-12-17,10-K/A
EQS,0000878932,2022-12-31,2.61,2025-12-17,10-Q/A
EQS,0000878932,2022-12-31,2.61,2025-12-17,10-Q/A
EQS,0000878932,2022-12-31,2.61,2025-12-17,10-Q/A
EQS,0000878932,2022-12-31,2.61,2025-12-18,10-K/A
EQS,0000878932,2022-12-31,2.61,2025-12-18,10-Q/A
EQS,0000878932,2022-12-31,2.61,2025-12-18,10-Q/A
EQS,0000878932,2022-12-31,2.61,2025-12-18,10-Q/A
EQS,0000878932,2022-12-31,2.61,2025-12-18,10-K/A
EQS,0000878932,2022-12-31,2.61,2026-04-20,10-K/A
EQS,0000878932,2023-03-31,2.52,2025-12-17,10-Q/A
EQS,0000878932,2023-03-31,2.52,2025-12-18,10-Q/A
EQS,0000878932,2023-06-30,2.96,2025-12-17,10-Q/A
EQS,0000878932,2023-06-30,2.96,2025-12-18,10-Q/A
EQS,0000878932,2023-09-30,3.49,2025-12-17,10-Q/A
EQS,0000878932,2023-09-30,3.49,2025-12-18,10-Q/A
EQS,0000878932,2023-12-31,3.55,2025-12-17,10-Q/A
EQS,0000878932,2023-12-31,3.55,2025-12-17,10-Q/A
EQS,0000878932,2023-12-31,3.55,2025-12-17,10-Q/A
EQS,0000878932,2023-12-31,3.55,2025-12-17,10-K/A
EQS,0000878932,2023-12-31,3.55,2025-12-17,10-Q/A
EQS,0000878932,2023-12-31,3.55,2025-12-17,10-Q/A
EQS,0000878932,2023-12-31,3.55,2025-12-17,10-Q/A
EQS,0000878932,2023-12-31,3.55,2025-12-18,10-K/A
EQS,0000878932,2023-12-31,3.55,2026-04-20,10-K/A
EQS,0000878932,2024-03-31,3.38,2025-12-17,10-Q/A
EQS,0000878932,2024-03-31,3.38,2025-12-17,10-Q/A
EQS,0000878932,2024-06-30,3.66,2025-12-17,10-Q/A
EQS,0000878932,2024-06-30,3.66,2025-12-17,10-Q/A
EQS,0000878932,2024-09-30,2.96,2025-12-17,10-Q/A
EQS,0000878932,2024-09-30,2.96,2025-12-17,10-Q/A
EQS,0000878932,2024-12-31,2.17,2025-12-17,10-Q/A
EQS,0000878932,2024-12-31,2.17,2025-12-17,10-Q/A
EQS,0000878932,2024-12-31,2.17,2025-12-17,10-Q/A
EQS,0000878932,2024-12-31,2.17,2025-12-17,10-K/A
EQS,0000878932,2024-12-31,2.17,2026-04-20,10-K/A
EQS,0000878932,2025-03-31,2.52,2025-12-17,10-Q/A
EQS,0000878932,2025-06-30,2.51,2025-12-17,10-Q/A
EQS,0000878932,2025-09-30,1.9,2025-12-17,10-Q/A
EQS,0000878932,2025-12-31,1.19,2026-04-20,10-K/A
FDUS,0001513363,2012-12-31,15.32,2023-03-02,10-K
FDUS,0001513363,2013-12-31,15.35,2023-03-02,10-K
FDUS,0001513363,2013-12-31,15.35,2024-02-29,10-K
FDUS,0001513363,2014-12-31,15.16,2023-03-02,10-K
FDUS,0001513363,2014-12-31,15.16,2024-02-29,10-K
FDUS,0001513363,2014-12-31,15.16,2025-03-06,10-K
FDUS,0001513363,2015-12-31,15.17,2023-03-02,10-K
FDUS,0001513363,2015-12-31,15.17,2024-02-29,10-K
FDUS,0001513363,2015-12-31,15.17,2025-03-06,10-K
FDUS,0001513363,2015-12-31,15.17,2026-02-26,10-K
FDUS,0001513363,2016-12-31,15.76,2023-03-02,10-K
FDUS,0001513363,2016-12-31,15.76,2024-02-29,10-K
FDUS,0001513363,2016-12-31,15.76,2025-03-06,10-K
FDUS,0001513363,2016-12-31,15.76,2026-02-26,10-K
FDUS,0001513363,2017-12-31,16.05,2023-03-02,10-K
FDUS,0001513363,2017-12-31,16.05,2024-02-29,10-K
FDUS,0001513363,2017-12-31,16.05,2025-03-06,10-K
FDUS,0001513363,2017-12-31,16.05,2026-02-26,10-K
FDUS,0001513363,2018-12-31,16.47,2023-03-02,10-K
FDUS,0001513363,2018-12-31,16.47,2024-02-29,10-K
FDUS,0001513363,2018-12-31,16.47,2025-03-06,10-K
FDUS,0001513363,2018-12-31,16.47,2026-02-26,10-K
FDUS,0001513363,2019-12-31,16.85,2023-03-02,10-K
FDUS,0001513363,2019-12-31,16.85,2024-02-29,10-K
FDUS,0001513363,2019-12-31,16.85,2025-03-06,10-K
FDUS,0001513363,2019-12-31,16.85,2026-02-26,10-K
FDUS,0001513363,2020-03-31,15.37,2023-03-02,10-K
FDUS,0001513363,2020-06-30,15.39,2023-03-02,10-K
FDUS,0001513363,2020-09-30,15.94,2023-03-02,10-K
FDUS,0001513363,2020-12-31,16.81,2022-11-03,10-Q
FDUS,0001513363,2020-12-31,16.81,2023-03-02,10-K
FDUS,0001513363,2020-12-31,16.81,2024-02-29,10-K
FDUS,0001513363,2020-12-31,16.81,2025-03-06,10-K
FDUS,0001513363,2020-12-31,16.81,2026-02-26,10-K
FDUS,0001513363,2021-03-31,16.9,2023-03-02,10-K
FDUS,0001513363,2021-03-31,16.9,2024-02-29,10-K
FDUS,0001513363,2021-06-30,17.57,2023-03-02,10-K
FDUS,0001513363,2021-06-30,17.57,2024-02-29,10-K
FDUS,0001513363,2021-09-30,18.31,2022-11-03,10-Q
FDUS,0001513363,2021-09-30,18.31,2023-03-02,10-K
FDUS,0001513363,2021-09-30,18.31,2024-02-29,10-K
FDUS,0001513363,2021-12-31,19.96,2022-11-03,10-Q
FDUS,0001513363,2021-12-31,19.96,2023-03-02,10-K
FDUS,0001513363,2021-12-31,19.96,2023-05-04,10-Q
FDUS,0001513363,2021-12-31,19.96,2023-08-03,10-Q
FDUS,0001513363,2021-12-31,19.96,2023-11-02,10-Q
FDUS,0001513363,2021-12-31,19.96,2024-02-29,10-K
FDUS,0001513363,2021-12-31,19.96,2025-03-06,10-K
FDUS,0001513363,2021-12-31,19.96,2026-02-26,10-K
FDUS,0001513363,2022-03-31,19.91,2023-03-02,10-K
FDUS,0001513363,2022-03-31,19.91,2023-05-04,10-Q
FDUS,0001513363,2022-03-31,19.91,2024-02-29,10-K
FDUS,0001513363,2022-03-31,19.91,2025-03-06,10-K
FDUS,0001513363,2022-06-30,19.8,2023-03-02,10-K
FDUS,0001513363,2022-06-30,19.8,2023-08-03,10-Q
FDUS,0001513363,2022-06-30,19.8,2024-02-29,10-K
FDUS,0001513363,2022-06-30,19.8,2025-03-06,10-K
FDUS,0001513363,2022-09-30,19.41,2022-11-03,10-Q
FDUS,0001513363,2022-09-30,19.41,2023-03-02,10-K
FDUS,0001513363,2022-09-30,19.41,2023-11-02,10-Q
FDUS,0001513363,2022-09-30,19.41,2024-02-29,10-K
FDUS,0001513363,2022-09-30,19.41,2025-03-06,10-K
FDUS,0001513363,2022-12-31,19.43,2023-03-02,10-K
FDUS,0001513363,2022-12-31,19.43,2023-05-04,10-Q
FDUS,0001513363,2022-12-31,19.43,2023-08-03,10-Q
FDUS,0001513363,2022-12-31,19.43,2023-11-02,10-Q
FDUS,0001513363,2022-12-31,19.43,2024-02-29,10-K
FDUS,0001513363,2022-12-31,19.43,2024-05-02,10-Q
FDUS,0001513363,2022-12-31,19.43,2024-08-01,10-Q
FDUS,0001513363,2022-12-31,19.43,2024-10-31,10-Q
FDUS,0001513363,2022-12-31,19.43,2025-03-06,10-K
FDUS,0001513363,2022-12-31,19.43,2026-02-26,10-K
FDUS,0001513363,2023-03-31,19.39,2023-05-04,10-Q
FDUS,0001513363,2023-03-31,19.39,2024-02-29,10-K
FDUS,0001513363,2023-03-31,19.39,2024-05-02,10-Q
FDUS,0001513363,2023-03-31,19.39,2025-03-06,10-K
FDUS,0001513363,2023-03-31,19.39,2026-02-26,10-K
FDUS,0001513363,2023-06-30,19.13,2023-08-03,10-Q
FDUS,0001513363,2023-06-30,19.13,2024-02-29,10-K
FDUS,0001513363,2023-06-30,19.13,2024-08-01,10-Q
FDUS,0001513363,2023-06-30,19.13,2025-03-06,10-K
FDUS,0001513363,2023-06-30,19.13,2026-02-26,10-K
FDUS,0001513363,2023-09-30,19.28,2023-11-02,10-Q
FDUS,0001513363,2023-09-30,19.28,2024-02-29,10-K
FDUS,0001513363,2023-09-30,19.28,2024-10-31,10-Q
FDUS,0001513363,2023-09-30,19.28,2025-03-06,10-K
FDUS,0001513363,2023-09-30,19.28,2026-02-26,10-K
FDUS,0001513363,2023-12-31,19.37,2024-02-29,10-K
FDUS,0001513363,2023-12-31,19.37,2024-05-02,10-Q
FDUS,0001513363,2023-12-31,19.37,2024-08-01,10-Q
FDUS,0001513363,2023-12-31,19.37,2024-10-31,10-Q
FDUS,0001513363,2023-12-31,19.37,2025-03-06,10-K
FDUS,0001513363,2023-12-31,19.37,2025-05-08,10-Q
FDUS,0001513363,2023-12-31,19.37,2025-08-07,10-Q
FDUS,0001513363,2023-12-31,19.37,2025-11-06,10-Q
FDUS,0001513363,2023-12-31,19.37,2026-02-26,10-K
FDUS,0001513363,2024-03-31,19.36,2024-05-02,10-Q
FDUS,0001513363,2024-03-31,19.36,2025-03-06,10-K
FDUS,0001513363,2024-03-31,19.36,2025-05-08,10-Q
FDUS,0001513363,2024-03-31,19.36,2026-02-26,10-K
FDUS,0001513363,2024-06-30,19.5,2024-08-01,10-Q
FDUS,0001513363,2024-06-30,19.5,2025-03-06,10-K
FDUS,0001513363,2024-06-30,19.5,2025-08-07,10-Q
FDUS,0001513363,2024-06-30,19.5,2026-02-26,10-K
FDUS,0001513363,2024-09-30,19.42,2024-10-31,10-Q
FDUS,0001513363,2024-09-30,19.42,2025-03-06,10-K
FDUS,0001513363,2024-09-30,19.42,2025-11-06,10-Q
FDUS,0001513363,2024-09-30,19.42,2026-02-26,10-K
FDUS,0001513363,2024-12-31,19.33,2025-03-06,10-K
FDUS,0001513363,2024-12-31,19.33,2025-05-08,10-Q
FDUS,0001513363,2024-12-31,19.33,2025-08-07,10-Q
FDUS,0001513363,2024-12-31,19.33,2025-11-06,10-Q
FDUS,0001513363,2024-12-31,19.33,2026-02-26,10-K
FDUS,0001513363,2024-12-31,19.33,2026-05-07,10-Q
FDUS,0001513363,2024-12-31,19.33,2026-08-06,10-Q
FDUS,0001513363,2025-03-31,19.39,2025-05-08,10-Q
FDUS,0001513363,2025-03-31,19.39,2026-02-26,10-K
FDUS,0001513363,2025-03-31,19.39,2026-05-07,10-Q
FDUS,0001513363,2025-06-30,19.57,2025-08-07,10-Q
FDUS,0001513363,2025-06-30,19.57,2026-02-26,10-K
FDUS,0001513363,2025-06-30,19.57,2026-08-06,10-Q
FDUS,0001513363,2025-09-30,19.56,2025-11-06,10-Q
FDUS,0001513363,2025-09-30,19.56,2026-02-26,10-K
FDUS,0001513363,2025-12-31,19.55,2026-02-26,10-K
FDUS,0001513363,2025-12-31,19.55,2026-05-07,10-Q
FDUS,0001513363,2025-12-31,19.55,2026-08-06,10-Q
FDUS,0001513363,2026-03-31,19.55,2026-05-07,10-Q
FDUS,0001513363,2026-06-30,19.46,2026-08-06,10-Q
FSK,0001422183,2017-12-31,37.2,2023-02-27,10-K
FSK,0001422183,2018-12-31,31.35,2023-02-27,10-K
FSK,0001422183,2018-12-31,31.35,2024-02-26,10-K
FSK,0001422183,2019-12-31,30.54,2023-02-27,10-K
FSK,0001422183,2019-12-31,30.54,2024-02-26,10-K
FSK,0001422183,2019-12-31,30.54,2025-02-26,10-K
FSK,0001422183,2020-12-31,25.02,2022-11-07,10-Q
FSK,0001422183,2020-12-31,25.02,2023-02-27,10-K
FSK,0001422183,2020-12-31,25.02,2024-02-26,10-K
FSK,0001422183,2020-12-31,25.02,2025-02-26,10-K
FSK,0001422183,2020-12-31,25.02,2026-02-25,10-K
FSK,0001422183,2021-12-31,27.17,2022-11-07,10-Q
FSK,0001422183,2021-12-31,27.17,2023-02-27,10-K
FSK,0001422183,2021-12-31,27.17,2023-05-05,10-Q
FSK,0001422183,2021-12-31,27.17,2023-08-07,10-Q
FSK,0001422183,2021-12-31,27.17,2023-11-06,10-Q
FSK,0001422183,2021-12-31,27.17,2024-02-26,10-K
FSK,0001422183,2021-12-31,27.17,2025-02-26,10-K
FSK,0001422183,2021-12-31,27.17,2026-02-25,10-K
FSK,0001422183,2022-09-30,25.3,2022-11-07,10-Q
FSK,0001422183,2022-12-31,24.89,2023-02-27,10-K
FSK,0001422183,2022-12-31,24.89,2023-05-05,10-Q
FSK,0001422183,2022-12-31,24.89,2023-08-07,10-Q
FSK,0001422183,2022-12-31,24.89,2023-11-06,10-Q
FSK,0001422183,2022-12-31,24.89,2024-02-26,10-K
FSK,0001422183,2022-12-31,24.89,2024-05-08,10-Q
FSK,0001422183,2022-12-31,24.89,2024-08-06,10-Q
FSK,0001422183,2022-12-31,24.89,2024-11-06,10-Q
FSK,0001422183,2022-12-31,24.89,2025-02-26,10-K
FSK,0001422183,2022-12-31,24.89,2026-02-25,10-K
FSK,0001422183,2023-03-31,24.93,2023-05-05,10-Q
FSK,0001422183,2023-06-30,24.69,2023-08-07,10-Q
FSK,0001422183,2023-09-30,24.89,2023-11-06,10-Q
FSK,0001422183,2023-12-31,24.46,2024-02-26,10-K
FSK,0001422183,2023-12-31,24.46,2024-05-08,10-Q
FSK,0001422183,2023-12-31,24.46,2024-08-06,10-Q
FSK,0001422183,2023-12-31,24.46,2024-11-06,10-Q
FSK,0001422183,2023-12-31,24.46,2025-02-26,10-K
FSK,0001422183,2023-12-31,24.46,2025-05-07,10-Q
FSK,0001422183,2023-12-31,24.46,2025-08-06,10-Q
FSK,0001422183,2023-12-31,24.46,2025-11-05,10-Q
FSK,0001422183,2023-12-31,24.46,2026-02-25,10-K
FSK,0001422183,2024-03-31,24.32,2024-05-08,10-Q
FSK,0001422183,2024-03-31,24.32,2025-05-07,10-Q
FSK,0001422183,2024-06-30,23.95,2024-08-06,10-Q
FSK,0001422183,2024-06-30,23.95,2025-08-06,10-Q
FSK,0001422183,2024-09-30,23.82,2024-11-06,10-Q
FSK,0001422183,2024-09-30,23.82,2025-11-05,10-Q
FSK,0001422183,2024-12-31,23.64,2025-02-26,10-K
FSK,0001422183,2024-12-31,23.64,2025-05-07,10-Q
FSK,0001422183,2024-12-31,23.64,2025-08-06,10-Q
FSK,0001422183,2024-12-31,23.64,2025-11-05,10-Q
FSK,0001422183,2024-12-31,23.64,2026-02-25,10-K
FSK,0001422183,2024-12-31,23.64,2026-05-11,10-Q
FSK,0001422183,2024-12-31,23.64,2026-08-06,10-Q
FSK,0001422183,2025-03-31,23.37,2025-05-07,10-Q
FSK,0001422183,2025-03-31,23.37,2026-05-11,10-Q
FSK,0001422183,2025-06-30,21.93,2025-08-06,10-Q
FSK,0001422183,2025-06-30,21.93,2026-08-06,10-Q
FSK,0001422183,2025-09-30,21.99,2025-11-05,10-Q
FSK,0001422183,2025-12-31,20.89,2026-02-25,10-K
FSK,0001422183,2025-12-31,20.89,2026-05-11,10-Q
FSK,0001422183,2025-12-31,20.89,2026-08-06,10-Q
FSK,0001422183,2026-03-31,18.83,2026-05-11,10-Q
FSK,0001422183,2026-06-30,18.3,2026-08-06,10-Q
GAIN,0001321741,2013-03-31,9.1,2023-05-10,10-K
GAIN,0001321741,2014-03-31,8.34,2023-05-10,10-K
GAIN,0001321741,2014-03-31,8.34,2024-05-08,10-K
GAIN,0001321741,2015-03-31,9.18,2023-05-10,10-K
GAIN,0001321741,2015-03-31,9.18,2024-05-08,10-K
GAIN,0001321741,2015-03-31,9.18,2025-05-13,10-K
GAIN,0001321741,2016-03-31,9.22,2023-05-10,10-K
GAIN,0001321741,2016-03-31,9.22,2024-05-08,10-K
GAIN,0001321741,2016-03-31,9.22,2025-05-13,10-K
GAIN,0001321741,2016-03-31,9.22,2026-05-12,10-K
GAIN,0001321741,2017-03-31,9.95,2023-05-10,10-K
GAIN,0001321741,2017-03-31,9.95,2024-05-08,10-K
GAIN,0001321741,2017-03-31,9.95,2025-05-13,10-K
GAIN,0001321741,2017-03-31,9.95,2026-05-12,10-K
GAIN,0001321741,2018-03-31,10.85,2023-05-10,10-K
GAIN,0001321741,2018-03-31,10.85,2024-05-08,10-K
GAIN,0001321741,2018-03-31,10.85,2025-05-13,10-K
GAIN,0001321741,2018-03-31,10.85,2026-05-12,10-K
GAIN,0001321741,2019-03-31,12.4,2023-05-10,10-K
GAIN,0001321741,2019-03-31,12.4,2024-05-08,10-K
GAIN,0001321741,2019-03-31,12.4,2025-05-13,10-K
GAIN,0001321741,2019-03-31,12.4,2026-05-12,10-K
GAIN,0001321741,2020-03-31,11.17,2023-05-10,10-K
GAIN,0001321741,2020-03-31,11.17,2024-05-08,10-K
GAIN,0001321741,2020-03-31,11.17,2025-05-13,10-K
GAIN,0001321741,2020-03-31,11.17,2026-05-12,10-K
GAIN,0001321741,2021-03-31,11.52,2022-11-01,10-Q
GAIN,0001321741,2021-03-31,11.52,2023-02-01,10-Q
GAIN,0001321741,2021-03-31,11.52,2023-05-10,10-K
GAIN,0001321741,2021-03-31,11.52,2024-05-08,10-K
GAIN,0001321741,2021-03-31,11.52,2025-05-13,10-K
GAIN,0001321741,2021-03-31,11.52,2026-05-12,10-K
GAIN,0001321741,2021-06-30,12.66,2022-11-01,10-Q
GAIN,0001321741,2021-09-30,13.27,2022-11-01,10-Q
GAIN,0001321741,2021-09-30,13.27,2023-02-01,10-Q
GAIN,0001321741,2021-12-31,13.27,2023-02-01,10-Q
GAIN,0001321741,2022-03-31,13.43,2022-11-01,10-Q
GAIN,0001321741,2022-03-31,13.43,2023-02-01,10-Q
GAIN,0001321741,2022-03-31,13.43,2023-05-10,10-K
GAIN,0001321741,2022-03-31,13.43,2023-08-02,10-Q
GAIN,0001321741,2022-03-31,13.43,2023-11-01,10-Q
GAIN,0001321741,2022-03-31,13.43,2024-02-06,10-Q
GAIN,0001321741,2022-03-31,13.43,2024-05-08,10-K
GAIN,0001321741,2022-03-31,13.43,2025-05-13,10-K
GAIN,0001321741,2022-03-31,13.43,2026-05-12,10-K
GAIN,0001321741,2022-06-30,13.44,2022-11-01,10-Q
GAIN,0001321741,2022-06-30,13.44,2023-08-02,10-Q
GAIN,0001321741,2022-06-30,13.44,2023-11-01,10-Q
GAIN,0001321741,2022-09-30,13.31,2022-11-01,10-Q
GAIN,0001321741,2022-09-30,13.31,2023-02-01,10-Q
GAIN,0001321741,2022-09-30,13.31,2023-11-01,10-Q
GAIN,0001321741,2022-09-30,13.31,2024-02-06,10-Q
GAIN,0001321741,2022-12-31,13.43,2023-02-01,10-Q
GAIN,0001321741,2022-12-31,13.43,2024-02-06,10-Q
GAIN,0001321741,2023-03-31,13.09,2023-05-10,10-K
GAIN,0001321741,2023-03-31,13.09,2023-08-02,10-Q
GAIN,0001321741,2023-03-31,13.09,2023-11-01,10-Q
GAIN,0001321741,2023-03-31,13.09,2024-02-06,10-Q
GAIN,0001321741,2023-03-31,13.09,2024-05-08,10-K
GAIN,0001321741,2023-03-31,13.09,2024-08-05,10-Q
GAIN,0001321741,2023-03-31,13.09,2024-11-07,10-Q
GAIN,0001321741,2023-03-31,13.09,2025-02-12,10-Q
GAIN,0001321741,2023-03-31,13.09,2025-05-13,10-K
GAIN,0001321741,2023-03-31,13.09,2026-05-12,10-K
GAIN,0001321741,2023-06-30,12.99,2023-08-02,10-Q
GAIN,0001321741,2023-06-30,12.99,2023-11-01,10-Q
GAIN,0001321741,2023-06-30,12.99,2024-08-05,10-Q
GAIN,0001321741,2023-06-30,12.99,2024-11-07,10-Q
GAIN,0001321741,2023-09-30,14.03,2023-11-01,10-Q
GAIN,0001321741,2023-09-30,14.03,2024-02-06,10-Q
GAIN,0001321741,2023-09-30,14.03,2024-11-07,10-Q
GAIN,0001321741,2023-09-30,14.03,2025-02-12,10-Q
GAIN,0001321741,2023-12-31,13.01,2024-02-06,10-Q
GAIN,0001321741,2023-12-31,13.01,2025-02-12,10-Q
GAIN,0001321741,2024-03-31,13.43,2024-05-08,10-K
GAIN,0001321741,2024-03-31,13.43,2024-08-05,10-Q
GAIN,0001321741,2024-03-31,13.43,2024-11-07,10-Q
GAIN,0001321741,2024-03-31,13.43,2025-02-12,10-Q
GAIN,0001321741,2024-03-31,13.43,2025-05-13,10-K
GAIN,0001321741,2024-03-31,13.43,2025-08-12,10-Q
GAIN,0001321741,2024-03-31,13.43,2025-11-04,10-Q
GAIN,0001321741,2024-03-31,13.43,2026-02-03,10-Q
GAIN,0001321741,2024-03-31,13.43,2026-05-12,10-K
GAIN,0001321741,2024-06-30,13.01,2024-08-05,10-Q
GAIN,0001321741,2024-06-30,13.01,2024-11-07,10-Q
GAIN,0001321741,2024-06-30,13.01,2025-08-12,10-Q
GAIN,0001321741,2024-09-30,12.49,2024-11-07,10-Q
GAIN,0001321741,2024-09-30,12.49,2025-02-12,10-Q
GAIN,0001321741,2024-09-30,12.49,2025-11-04,10-Q
GAIN,0001321741,2024-12-31,13.3,2025-02-12,10-Q
GAIN,0001321741,2024-12-31,13.3,2026-02-03,10-Q
GAIN,0001321741,2025-03-31,13.55,2025-05-13,10-K
GAIN,0001321741,2025-03-31,13.55,2025-08-12,10-Q
GAIN,0001321741,2025-03-31,13.55,2025-11-04,10-Q
GAIN,0001321741,2025-03-31,13.55,2026-02-03,10-Q
GAIN,0001321741,2025-03-31,13.55,2026-05-12,10-K
GAIN,0001321741,2025-03-31,13.55,2026-08-06,10-Q
GAIN,0001321741,2025-06-30,12.99,2025-08-12,10-Q
GAIN,0001321741,2025-06-30,12.99,2026-08-06,10-Q
GAIN,0001321741,2025-09-30,13.53,2025-11-04,10-Q
GAIN,0001321741,2025-12-31,14.95,2026-02-03,10-Q
GAIN,0001321741,2026-03-31,16.78,2026-05-12,10-K
GAIN,0001321741,2026-03-31,16.78,2026-08-06,10-Q
GAIN,0001321741,2026-06-30,16.24,2026-08-06,10-Q
GBDC,0001476765,2017-09-30,16.08,2022-11-21,10-K
GBDC,0001476765,2018-09-30,16.1,2022-11-21,10-K
GBDC,0001476765,2018-09-30,16.1,2023-11-20,10-K
GBDC,0001476765,2019-09-30,16.76,2022-11-21,10-K
GBDC,0001476765,2019-09-30,16.76,2023-11-20,10-K
GBDC,0001476765,2019-09-30,16.76,2024-11-19,10-K
GBDC,0001476765,2020-09-30,14.33,2022-11-21,10-K
GBDC,0001476765,2020-09-30,14.33,2023-11-20,10-K
GBDC,0001476765,2020-09-30,14.33,2024-11-19,10-K
GBDC,0001476765,2020-09-30,14.33,2025-11-18,10-K
GBDC,0001476765,2021-09-30,15.19,2022-11-21,10-K
GBDC,0001476765,2021-09-30,15.19,2023-02-08,10-Q
GBDC,0001476765,2021-09-30,15.19,2023-05-08,10-Q
GBDC,0001476765,2021-09-30,15.19,2023-08-07,10-Q
GBDC,0001476765,2021-09-30,15.19,2023-11-20,10-K
GBDC,0001476765,2021-09-30,15.19,2024-11-19,10-K
GBDC,0001476765,2021-09-30,15.19,2025-11-18,10-K
GBDC,0001476765,2021-12-31,15.26,2023-02-08,10-Q
GBDC,0001476765,2021-12-31,15.26,2023-11-20,10-K
GBDC,0001476765,2022-03-31,15.35,2023-05-08,10-Q
GBDC,0001476765,2022-03-31,15.35,2023-11-20,10-K
GBDC,0001476765,2022-06-30,15.14,2023-08-07,10-Q
GBDC,0001476765,2022-06-30,15.14,2023-11-20,10-K
GBDC,0001476765,2022-09-30,14.89,2022-11-21,10-K
GBDC,0001476765,2022-09-30,14.89,2023-02-08,10-Q
GBDC,0001476765,2022-09-30,14.89,2023-05-08,10-Q
GBDC,0001476765,2022-09-30,14.89,2023-08-07,10-Q
GBDC,0001476765,2022-09-30,14.89,2023-11-20,10-K
GBDC,0001476765,2022-09-30,14.89,2024-02-05,10-Q
GBDC,0001476765,2022-09-30,14.89,2024-05-06,10-Q
GBDC,0001476765,2022-09-30,14.89,2024-08-05,10-Q
GBDC,0001476765,2022-09-30,14.89,2024-11-19,10-K
GBDC,0001476765,2022-09-30,14.89,2025-11-18,10-K
GBDC,0001476765,2022-12-31,14.71,2023-02-08,10-Q
GBDC,0001476765,2022-12-31,14.71,2023-11-20,10-K
GBDC,0001476765,2022-12-31,14.71,2024-02-05,10-Q
GBDC,0001476765,2022-12-31,14.71,2024-11-19,10-K
GBDC,0001476765,2023-03-31,14.73,2023-05-08,10-Q
GBDC,0001476765,2023-03-31,14.73,2023-11-20,10-K
GBDC,0001476765,2023-03-31,14.73,2024-05-06,10-Q
GBDC,0001476765,2023-03-31,14.73,2024-11-19,10-K
GBDC,0001476765,2023-06-30,14.83,2023-08-07,10-Q
GBDC,0001476765,2023-06-30,14.83,2023-11-20,10-K
GBDC,0001476765,2023-06-30,14.83,2024-08-05,10-Q
GBDC,0001476765,2023-06-30,14.83,2024-11-19,10-K
GBDC,0001476765,2023-09-30,15.02,2023-11-20,10-K
GBDC,0001476765,2023-09-30,15.02,2024-02-05,10-Q
GBDC,0001476765,2023-09-30,15.02,2024-05-06,10-Q
GBDC,0001476765,2023-09-30,15.02,2024-08-05,10-Q
GBDC,0001476765,2023-09-30,15.02,2024-11-19,10-K
GBDC,0001476765,2023-09-30,15.02,2025-02-04,10-Q
GBDC,0001476765,2023-09-30,15.02,2025-05-05,10-Q
GBDC,0001476765,2023-09-30,15.02,2025-08-04,10-Q
GBDC,0001476765,2023-09-30,15.02,2025-11-18,10-K
GBDC,0001476765,2023-12-31,15.03,2024-02-05,10-Q
GBDC,0001476765,2023-12-31,15.03,2024-11-19,10-K
GBDC,0001476765,2023-12-31,15.03,2025-02-04,10-Q
GBDC,0001476765,2023-12-31,15.03,2025-11-18,10-K
GBDC,0001476765,2024-03-31,15.12,2024-05-06,10-Q
GBDC,0001476765,2024-03-31,15.12,2024-11-19,10-K
GBDC,0001476765,2024-03-31,15.12,2025-05-05,10-Q
GBDC,0001476765,2024-03-31,15.12,2025-11-18,10-K
GBDC,0001476765,2024-06-30,15.32,2024-08-05,10-Q
GBDC,0001476765,2024-06-30,15.32,2024-11-19,10-K
GBDC,0001476765,2024-06-30,15.32,2025-08-04,10-Q
GBDC,0001476765,2024-06-30,15.32,2025-11-18,10-K
GBDC,0001476765,2024-09-30,15.19,2024-11-19,10-K
GBDC,0001476765,2024-09-30,15.19,2025-02-04,10-Q
GBDC,0001476765,2024-09-30,15.19,2025-05-05,10-Q
GBDC,0001476765,2024-09-30,15.19,2025-08-04,10-Q
GBDC,0001476765,2024-09-30,15.19,2025-11-18,10-K
GBDC,0001476765,2024-09-30,15.19,2026-02-04,10-Q
GBDC,0001476765,2024-09-30,15.19,2026-05-04,10-Q
GBDC,0001476765,2024-09-30,15.19,2026-08-03,10-Q
GBDC,0001476765,2024-12-31,15.13,2025-02-04,10-Q
GBDC,0001476765,2024-12-31,15.13,2025-11-18,10-K
GBDC,0001476765,2024-12-31,15.13,2026-02-04,10-Q
GBDC,0001476765,2025-03-31,15.04,2025-05-05,10-Q
GBDC,0001476765,2025-03-31,15.04,2025-11-18,10-K
GBDC,0001476765,2025-03-31,15.04,2026-05-04,10-Q
GBDC,0001476765,2025-06-30,15,2025-08-04,10-Q
GBDC,0001476765,2025-06-30,15,2025-11-18,10-K
GBDC,0001476765,2025-06-30,15,2026-08-03,10-Q
GBDC,0001476765,2025-09-30,14.97,2025-11-18,10-K
GBDC,0001476765,2025-09-30,14.97,2026-02-04,10-Q
GBDC,0001476765,2025-09-30,14.97,2026-05-04,10-Q
GBDC,0001476765,2025-09-30,14.97,2026-08-03,10-Q
GBDC,0001476765,2025-12-31,14.84,2026-02-04,10-Q
GBDC,0001476765,2026-03-31,14.35,2026-05-04,10-Q
GBDC,0001476765,2026-06-30,14.25,2026-08-03,10-Q
GECC,0001675033,2017-12-31,74.51,2023-03-02,10-K
GECC,0001675033,2018-12-31,62.02,2023-03-02,10-K
GECC,0001675033,2018-12-31,62.02,2024-02-29,10-K
GECC,0001675033,2019-12-31,51.81,2023-03-02,10-K
GECC,0001675033,2019-12-31,51.81,2024-02-29,10-K
GECC,0001675033,2019-12-31,51.81,2025-03-10,10-K
GECC,0001675033,2020-12-31,20.74,2022-11-03,10-Q
GECC,0001675033,2020-12-31,20.74,2023-03-02,10-K
GECC,0001675033,2020-12-31,20.74,2024-02-29,10-K
GECC,0001675033,2020-12-31,20.74,2025-03-10,10-K
GECC,0001675033,2020-12-31,20.74,2026-03-02,10-K
GECC,0001675033,2021-03-31,23.36,2023-11-02,10-Q
GECC,0001675033,2021-06-30,23.4,2023-11-02,10-Q
GECC,0001675033,2021-09-30,22.17,2022-11-03,10-Q
GECC,0001675033,2021-09-30,22.17,2023-11-02,10-Q
GECC,0001675033,2021-12-31,16.63,2022-11-03,10-Q
GECC,0001675033,2021-12-31,16.63,2023-03-02,10-K
GECC,0001675033,2021-12-31,16.63,2023-05-04,10-Q
GECC,0001675033,2021-12-31,16.63,2023-08-03,10-Q
GECC,0001675033,2021-12-31,16.63,2023-11-02,10-Q
GECC,0001675033,2021-12-31,16.63,2024-02-29,10-K
GECC,0001675033,2021-12-31,16.63,2025-03-10,10-K
GECC,0001675033,2021-12-31,16.63,2026-03-02,10-K
GECC,0001675033,2022-03-31,15.06,2023-05-04,10-Q
GECC,0001675033,2022-03-31,15.06,2023-11-02,10-Q
GECC,0001675033,2022-03-31,15.06,2024-02-29,10-K
GECC,0001675033,2022-03-31,15.06,2024-05-02,10-Q
GECC,0001675033,2022-03-31,15.06,2024-08-01,10-Q
GECC,0001675033,2022-03-31,15.06,2024-10-31,10-Q
GECC,0001675033,2022-03-31,15.06,2025-03-10,10-K
GECC,0001675033,2022-06-30,12.84,2023-08-03,10-Q
GECC,0001675033,2022-06-30,12.84,2023-11-02,10-Q
GECC,0001675033,2022-06-30,12.84,2024-02-29,10-K
GECC,0001675033,2022-06-30,12.84,2024-05-02,10-Q
GECC,0001675033,2022-06-30,12.84,2024-08-01,10-Q
GECC,0001675033,2022-06-30,12.84,2024-10-31,10-Q
GECC,0001675033,2022-06-30,12.84,2025-03-10,10-K
GECC,0001675033,2022-09-30,12.56,2022-11-03,10-Q
GECC,0001675033,2022-09-30,12.56,2023-11-02,10-Q
GECC,0001675033,2022-09-30,12.56,2024-02-29,10-K
GECC,0001675033,2022-09-30,12.56,2024-05-02,10-Q
GECC,0001675033,2022-09-30,12.56,2024-08-01,10-Q
GECC,0001675033,2022-09-30,12.56,2024-10-31,10-Q
GECC,0001675033,2022-09-30,12.56,2025-03-10,10-K
GECC,0001675033,2022-12-31,11.16,2023-03-02,10-K
GECC,0001675033,2022-12-31,11.16,2023-05-04,10-Q
GECC,0001675033,2022-12-31,11.16,2023-08-03,10-Q
GECC,0001675033,2022-12-31,11.16,2023-11-02,10-Q
GECC,0001675033,2022-12-31,11.16,2024-02-29,10-K
GECC,0001675033,2022-12-31,11.16,2024-05-02,10-Q
GECC,0001675033,2022-12-31,11.16,2024-08-01,10-Q
GECC,0001675033,2022-12-31,11.16,2024-10-31,10-Q
GECC,0001675033,2022-12-31,11.16,2025-03-10,10-K
GECC,0001675033,2022-12-31,11.16,2026-03-02,10-K
GECC,0001675033,2023-03-31,11.88,2023-05-04,10-Q
GECC,0001675033,2023-03-31,11.88,2023-11-02,10-Q
GECC,0001675033,2023-03-31,11.88,2024-02-29,10-K
GECC,0001675033,2023-03-31,11.88,2024-05-02,10-Q
GECC,0001675033,2023-03-31,11.88,2024-08-01,10-Q
GECC,0001675033,2023-03-31,11.88,2024-10-31,10-Q
GECC,0001675033,2023-03-31,11.88,2025-03-10,10-K
GECC,0001675033,2023-03-31,11.88,2025-05-05,10-Q
GECC,0001675033,2023-03-31,11.88,2025-08-04,10-Q
GECC,0001675033,2023-03-31,11.88,2025-11-04,10-Q
GECC,0001675033,2023-06-30,12.21,2023-08-03,10-Q
GECC,0001675033,2023-06-30,12.21,2023-11-02,10-Q
GECC,0001675033,2023-06-30,12.21,2024-02-29,10-K
GECC,0001675033,2023-06-30,12.21,2024-05-02,10-Q
GECC,0001675033,2023-06-30,12.21,2024-08-01,10-Q
GECC,0001675033,2023-06-30,12.21,2024-10-31,10-Q
GECC,0001675033,2023-06-30,12.21,2025-03-10,10-K
GECC,0001675033,2023-06-30,12.21,2025-05-05,10-Q
GECC,0001675033,2023-06-30,12.21,2025-08-04,10-Q
GECC,0001675033,2023-06-30,12.21,2025-11-04,10-Q
GECC,0001675033,2023-09-30,12.88,2023-11-02,10-Q
GECC,0001675033,2023-09-30,12.88,2024-02-29,10-K
GECC,0001675033,2023-09-30,12.88,2024-05-02,10-Q
GECC,0001675033,2023-09-30,12.88,2024-08-01,10-Q
GECC,0001675033,2023-09-30,12.88,2024-10-31,10-Q
GECC,0001675033,2023-09-30,12.88,2025-03-10,10-K
GECC,0001675033,2023-09-30,12.88,2025-05-05,10-Q
GECC,0001675033,2023-09-30,12.88,2025-08-04,10-Q
GECC,0001675033,2023-09-30,12.88,2025-11-04,10-Q
GECC,0001675033,2023-12-31,12.99,2024-02-29,10-K
GECC,0001675033,2023-12-31,12.99,2024-05-02,10-Q
GECC,0001675033,2023-12-31,12.99,2024-08-01,10-Q
GECC,0001675033,2023-12-31,12.99,2024-10-31,10-Q
GECC,0001675033,2023-12-31,12.99,2025-03-10,10-K
GECC,0001675033,2023-12-31,12.99,2025-05-05,10-Q
GECC,0001675033,2023-12-31,12.99,2025-08-04,10-Q
GECC,0001675033,2023-12-31,12.99,2025-11-04,10-Q
GECC,0001675033,2023-12-31,12.99,2026-03-02,10-K
GECC,0001675033,2024-03-31,12.57,2024-05-02,10-Q
GECC,0001675033,2024-03-31,12.57,2024-08-01,10-Q
GECC,0001675033,2024-03-31,12.57,2024-10-31,10-Q
GECC,0001675033,2024-03-31,12.57,2025-03-10,10-K
GECC,0001675033,2024-03-31,12.57,2025-05-05,10-Q
GECC,0001675033,2024-03-31,12.57,2025-08-04,10-Q
GECC,0001675033,2024-03-31,12.57,2025-11-04,10-Q
GECC,0001675033,2024-03-31,12.57,2026-03-02,10-K
GECC,0001675033,2024-03-31,12.57,2026-05-04,10-Q
GECC,0001675033,2024-03-31,12.57,2026-08-05,10-Q
GECC,0001675033,2024-06-30,12.06,2024-08-01,10-Q
GECC,0001675033,2024-06-30,12.06,2024-10-31,10-Q
GECC,0001675033,2024-06-30,12.06,2025-03-10,10-K
GECC,0001675033,2024-06-30,12.06,2025-05-05,10-Q
GECC,0001675033,2024-06-30,12.06,2025-08-04,10-Q
GECC,0001675033,2024-06-30,12.06,2025-11-04,10-Q
GECC,0001675033,2024-06-30,12.06,2026-03-02,10-K
GECC,0001675033,2024-06-30,12.06,2026-05-04,10-Q
GECC,0001675033,2024-06-30,12.06,2026-08-05,10-Q
GECC,0001675033,2024-09-30,12.04,2024-10-31,10-Q
GECC,0001675033,2024-09-30,12.04,2025-03-10,10-K
GECC,0001675033,2024-09-30,12.04,2025-05-05,10-Q
GECC,0001675033,2024-09-30,12.04,2025-08-04,10-Q
GECC,0001675033,2024-09-30,12.04,2025-11-04,10-Q
GECC,0001675033,2024-09-30,12.04,2026-03-02,10-K
GECC,0001675033,2024-09-30,12.04,2026-05-04,10-Q
GECC,0001675033,2024-09-30,12.04,2026-08-05,10-Q
GECC,0001675033,2024-12-31,11.79,2025-03-10,10-K
GECC,0001675033,2024-12-31,11.79,2025-05-05,10-Q
GECC,0001675033,2024-12-31,11.79,2025-08-04,10-Q
GECC,0001675033,2024-12-31,11.79,2025-11-04,10-Q
GECC,0001675033,2024-12-31,11.79,2026-03-02,10-K
GECC,0001675033,2024-12-31,11.79,2026-05-04,10-Q
GECC,0001675033,2024-12-31,11.79,2026-08-05,10-Q
GECC,0001675033,2025-03-31,11.46,2025-05-05,10-Q
GECC,0001675033,2025-03-31,11.46,2025-08-04,10-Q
GECC,0001675033,2025-03-31,11.46,2025-11-04,10-Q
GECC,0001675033,2025-03-31,11.46,2026-03-02,10-K
GECC,0001675033,2025-03-31,11.46,2026-05-04,10-Q
GECC,0001675033,2025-03-31,11.46,2026-08-05,10-Q
GECC,0001675033,2025-06-30,12.1,2025-08-04,10-Q
GECC,0001675033,2025-06-30,12.1,2025-11-04,10-Q
GECC,0001675033,2025-06-30,12.1,2026-03-02,10-K
GECC,0001675033,2025-06-30,12.1,2026-05-04,10-Q
GECC,0001675033,2025-06-30,12.1,2026-08-05,10-Q
GECC,0001675033,2025-09-30,10.01,2025-11-04,10-Q
GECC,0001675033,2025-09-30,10.01,2026-03-02,10-K
GECC,0001675033,2025-09-30,10.01,2026-05-04,10-Q
GECC,0001675033,2025-09-30,10.01,2026-08-05,10-Q
GECC,0001675033,2025-12-31,8.07,2026-03-02,10-K
GECC,0001675033,2025-12-31,8.07,2026-05-04,10-Q
GECC,0001675033,2025-12-31,8.07,2026-08-05,10-Q
GECC,0001675033,2026-03-31,7.74,2026-05-04,10-Q
GECC,0001675033,2026-03-31,7.74,2026-08-05,10-Q
GECC,0001675033,2026-06-30,7.95,2026-08-05,10-Q
GLAD,0001143513,2013-09-30,9.81,2023-11-13,10-K
GLAD,0001143513,2014-09-30,9.51,2023-11-13,10-K
GLAD,0001143513,2014-09-30,19.02,2024-11-13,10-K
GLAD,0001143513,2015-09-30,9.06,2023-11-13,10-K
GLAD,0001143513,2015-09-30,18.12,2024-11-13,10-K
GLAD,0001143513,2015-09-30,18.12,2025-11-17,10-K
GLAD,0001143513,2016-09-30,8.62,2023-11-13,10-K
GLAD,0001143513,2016-09-30,17.24,2024-11-13,10-K
GLAD,0001143513,2016-09-30,17.24,2025-11-17,10-K
GLAD,0001143513,2017-09-30,8.4,2023-11-13,10-K
GLAD,0001143513,2017-09-30,16.8,2024-11-13,10-K
GLAD,0001143513,2017-09-30,16.8,2025-11-17,10-K
GLAD,0001143513,2018-09-30,8.32,2023-11-13,10-K
GLAD,0001143513,2018-09-30,16.64,2024-11-13,10-K
GLAD,0001143513,2018-09-30,16.64,2025-11-17,10-K
GLAD,0001143513,2019-09-30,8.22,2023-11-13,10-K
GLAD,0001143513,2019-09-30,16.44,2024-11-13,10-K
GLAD,0001143513,2019-09-30,16.44,2025-11-17,10-K
GLAD,0001143513,2020-09-30,7.4,2023-11-13,10-K
GLAD,0001143513,2020-09-30,14.8,2024-11-13,10-K
GLAD,0001143513,2020-09-30,14.8,2025-11-17,10-K
GLAD,0001143513,2021-09-30,9.28,2023-02-06,10-Q
GLAD,0001143513,2021-09-30,9.28,2023-05-02,10-Q
GLAD,0001143513,2021-09-30,9.28,2023-07-26,10-Q
GLAD,0001143513,2021-09-30,9.28,2023-11-13,10-K
GLAD,0001143513,2021-09-30,18.56,2024-11-13,10-K
GLAD,0001143513,2021-09-30,18.56,2025-11-17,10-K
GLAD,0001143513,2021-12-31,9.44,2023-02-06,10-Q
GLAD,0001143513,2021-12-31,9.44,2023-05-02,10-Q
GLAD,0001143513,2022-03-31,9.49,2023-05-02,10-Q
GLAD,0001143513,2022-03-31,9.49,2023-07-26,10-Q
GLAD,0001143513,2022-06-30,9.12,2023-07-26,10-Q
GLAD,0001143513,2022-09-30,9.08,2023-02-06,10-Q
GLAD,0001143513,2022-09-30,9.08,2023-05-02,10-Q
GLAD,0001143513,2022-09-30,9.08,2023-07-26,10-Q
GLAD,0001143513,2022-09-30,9.08,2023-11-13,10-K
GLAD,0001143513,2022-09-30,9.08,2024-02-05,10-Q
GLAD,0001143513,2022-09-30,9.08,2024-05-01,10-Q
GLAD,0001143513,2022-09-30,18.16,2024-08-07,10-Q
GLAD,0001143513,2022-09-30,18.16,2024-11-13,10-K
GLAD,0001143513,2022-09-30,18.16,2025-11-17,10-K
GLAD,0001143513,2022-12-31,9.06,2023-02-06,10-Q
GLAD,0001143513,2022-12-31,9.06,2023-05-02,10-Q
GLAD,0001143513,2022-12-31,9.06,2024-02-05,10-Q
GLAD,0001143513,2022-12-31,9.06,2024-05-01,10-Q
GLAD,0001143513,2023-03-31,9.19,2023-05-02,10-Q
GLAD,0001143513,2023-03-31,9.19,2023-07-26,10-Q
GLAD,0001143513,2023-03-31,9.19,2024-05-01,10-Q
GLAD,0001143513,2023-03-31,18.38,2024-08-07,10-Q
GLAD,0001143513,2023-06-30,9.27,2023-07-26,10-Q
GLAD,0001143513,2023-06-30,18.54,2024-08-07,10-Q
GLAD,0001143513,2023-09-30,9.39,2023-11-13,10-K
GLAD,0001143513,2023-09-30,9.39,2024-02-05,10-Q
GLAD,0001143513,2023-09-30,9.39,2024-05-01,10-Q
GLAD,0001143513,2023-09-30,18.79,2024-08-07,10-Q
GLAD,0001143513,2023-09-30,18.79,2024-11-13,10-K
GLAD,0001143513,2023-09-30,18.78,2025-02-11,10-Q
GLAD,0001143513,2023-09-30,18.78,2025-05-06,10-Q
GLAD,0001143513,2023-09-30,18.79,2025-08-04,10-Q
GLAD,0001143513,2023-09-30,18.79,2025-11-17,10-K
GLAD,0001143513,2023-12-31,9.61,2024-02-05,10-Q
GLAD,0001143513,2023-12-31,9.61,2024-05-01,10-Q
GLAD,0001143513,2023-12-31,19.22,2025-02-11,10-Q
GLAD,0001143513,2023-12-31,19.22,2025-05-06,10-Q
GLAD,0001143513,2024-03-31,9.9,2024-05-01,10-Q
GLAD,0001143513,2024-03-31,19.8,2024-08-07,10-Q
GLAD,0001143513,2024-03-31,19.81,2025-05-06,10-Q
GLAD,0001143513,2024-03-31,19.8,2025-08-04,10-Q
GLAD,0001143513,2024-06-30,20.18,2024-08-07,10-Q
GLAD,0001143513,2024-06-30,20.18,2025-08-04,10-Q
GLAD,0001143513,2024-09-30,21.18,2024-11-13,10-K
GLAD,0001143513,2024-09-30,21.18,2025-02-11,10-Q
GLAD,0001143513,2024-09-30,21.18,2025-05-06,10-Q
GLAD,0001143513,2024-09-30,21.18,2025-08-04,10-Q
GLAD,0001143513,2024-09-30,21.18,2025-11-17,10-K
GLAD,0001143513,2024-09-30,21.18,2026-02-04,10-Q
GLAD,0001143513,2024-09-30,21.18,2026-05-06,10-Q
GLAD,0001143513,2024-09-30,21.18,2026-08-04,10-Q
GLAD,0001143513,2024-12-31,21.51,2025-02-11,10-Q
GLAD,0001143513,2024-12-31,21.51,2025-05-06,10-Q
GLAD,0001143513,2024-12-31,21.51,2026-02-04,10-Q
GLAD,0001143513,2025-03-31,21.41,2025-05-06,10-Q
GLAD,0001143513,2025-03-31,21.41,2025-08-04,10-Q
GLAD,0001143513,2025-03-31,21.41,2026-05-06,10-Q
GLAD,0001143513,2025-06-30,21.25,2025-08-04,10-Q
GLAD,0001143513,2025-06-30,21.25,2026-08-04,10-Q
GLAD,0001143513,2025-09-30,21.34,2025-11-17,10-K
GLAD,0001143513,2025-09-30,21.34,2026-02-04,10-Q
GLAD,0001143513,2025-09-30,21.34,2026-05-06,10-Q
GLAD,0001143513,2025-09-30,21.34,2026-08-04,10-Q
GLAD,0001143513,2025-12-31,21.13,2026-02-04,10-Q
GLAD,0001143513,2026-03-31,21.36,2026-05-06,10-Q
GLAD,0001143513,2026-06-30,21.5,2026-08-04,10-Q
GSBD,0001572694,2013-01-31,20,2024-02-28,10-K
GSBD,0001572694,2014-12-31,19.56,2024-02-28,10-K
GSBD,0001572694,2014-12-31,19.56,2025-02-27,10-K
GSBD,0001572694,2015-12-31,18.97,2024-02-28,10-K
GSBD,0001572694,2015-12-31,18.97,2025-02-27,10-K
GSBD,0001572694,2015-12-31,18.97,2026-02-26,10-K
GSBD,0001572694,2016-12-31,18.31,2024-02-28,10-K
GSBD,0001572694,2016-12-31,18.31,2025-02-27,10-K
GSBD,0001572694,2016-12-31,18.31,2026-02-26,10-K
GSBD,0001572694,2017-12-31,18.09,2023-02-23,10-K
GSBD,0001572694,2017-12-31,18.09,2024-02-28,10-K
GSBD,0001572694,2017-12-31,18.09,2025-02-27,10-K
GSBD,0001572694,2017-12-31,18.09,2026-02-26,10-K
GSBD,0001572694,2018-12-31,17.65,2023-02-23,10-K
GSBD,0001572694,2018-12-31,17.65,2024-02-28,10-K
GSBD,0001572694,2018-12-31,17.65,2025-02-27,10-K
GSBD,0001572694,2018-12-31,17.65,2026-02-26,10-K
GSBD,0001572694,2019-12-31,16.75,2023-02-23,10-K
GSBD,0001572694,2019-12-31,16.75,2024-02-28,10-K
GSBD,0001572694,2019-12-31,16.75,2025-02-27,10-K
GSBD,0001572694,2019-12-31,16.75,2026-02-26,10-K
GSBD,0001572694,2020-12-31,15.91,2022-11-03,10-Q
GSBD,0001572694,2020-12-31,15.91,2023-02-23,10-K
GSBD,0001572694,2020-12-31,15.91,2024-02-28,10-K
GSBD,0001572694,2020-12-31,15.91,2025-02-27,10-K
GSBD,0001572694,2020-12-31,15.91,2026-02-26,10-K
GSBD,0001572694,2021-03-31,16,2024-02-28,10-K
GSBD,0001572694,2021-06-30,16.05,2024-02-28,10-K
GSBD,0001572694,2021-09-30,15.92,2022-11-03,10-Q
GSBD,0001572694,2021-09-30,15.92,2024-02-28,10-K
GSBD,0001572694,2021-12-31,15.86,2022-11-03,10-Q
GSBD,0001572694,2021-12-31,15.86,2023-02-23,10-K
GSBD,0001572694,2021-12-31,15.86,2023-05-04,10-Q
GSBD,0001572694,2021-12-31,15.86,2023-08-03,10-Q
GSBD,0001572694,2021-12-31,15.86,2023-11-07,10-Q
GSBD,0001572694,2021-12-31,15.86,2024-02-28,10-K
GSBD,0001572694,2021-12-31,15.86,2025-02-27,10-K
GSBD,0001572694,2021-12-31,15.86,2026-02-26,10-K
GSBD,0001572694,2022-03-31,15.8,2023-05-04,10-Q
GSBD,0001572694,2022-03-31,15.8,2024-02-28,10-K
GSBD,0001572694,2022-03-31,15.8,2025-02-27,10-K
GSBD,0001572694,2022-06-30,15.53,2023-08-03,10-Q
GSBD,0001572694,2022-06-30,15.53,2024-02-28,10-K
GSBD,0001572694,2022-06-30,15.53,2025-02-27,10-K
GSBD,0001572694,2022-09-30,15.02,2022-11-03,10-Q
GSBD,0001572694,2022-09-30,15.02,2023-11-07,10-Q
GSBD,0001572694,2022-09-30,15.02,2024-02-28,10-K
GSBD,0001572694,2022-09-30,15.02,2025-02-27,10-K
GSBD,0001572694,2022-12-31,14.61,2023-02-23,10-K
GSBD,0001572694,2022-12-31,14.61,2023-05-04,10-Q
GSBD,0001572694,2022-12-31,14.61,2023-08-03,10-Q
GSBD,0001572694,2022-12-31,14.61,2023-11-07,10-Q
GSBD,0001572694,2022-12-31,14.61,2024-02-28,10-K
GSBD,0001572694,2022-12-31,14.61,2024-05-07,10-Q
GSBD,0001572694,2022-12-31,14.61,2024-08-08,10-Q
GSBD,0001572694,2022-12-31,14.61,2024-11-07,10-Q
GSBD,0001572694,2022-12-31,14.61,2025-02-27,10-K
GSBD,0001572694,2022-12-31,14.61,2026-02-26,10-K
GSBD,0001572694,2023-03-31,14.44,2023-05-04,10-Q
GSBD,0001572694,2023-03-31,14.44,2024-02-28,10-K
GSBD,0001572694,2023-03-31,14.44,2024-05-07,10-Q
GSBD,0001572694,2023-03-31,14.44,2025-02-27,10-K
GSBD,0001572694,2023-03-31,14.44,2026-02-26,10-K
GSBD,0001572694,2023-06-30,14.59,2023-08-03,10-Q
GSBD,0001572694,2023-06-30,14.59,2024-02-28,10-K
GSBD,0001572694,2023-06-30,14.59,2024-08-08,10-Q
GSBD,0001572694,2023-06-30,14.59,2025-02-27,10-K
GSBD,0001572694,2023-06-30,14.59,2026-02-26,10-K
GSBD,0001572694,2023-09-30,14.61,2023-11-07,10-Q
GSBD,0001572694,2023-09-30,14.61,2024-02-28,10-K
GSBD,0001572694,2023-09-30,14.61,2024-11-07,10-Q
GSBD,0001572694,2023-09-30,14.61,2025-02-27,10-K
GSBD,0001572694,2023-09-30,14.61,2026-02-26,10-K
GSBD,0001572694,2023-12-31,14.62,2024-02-28,10-K
GSBD,0001572694,2023-12-31,14.62,2024-05-07,10-Q
GSBD,0001572694,2023-12-31,14.62,2024-08-08,10-Q
GSBD,0001572694,2023-12-31,14.62,2024-11-07,10-Q
GSBD,0001572694,2023-12-31,14.62,2025-02-27,10-K
GSBD,0001572694,2023-12-31,14.62,2025-05-08,10-Q
GSBD,0001572694,2023-12-31,14.62,2025-08-07,10-Q
GSBD,0001572694,2023-12-31,14.62,2025-11-06,10-Q
GSBD,0001572694,2023-12-31,14.62,2026-02-26,10-K
GSBD,0001572694,2024-03-31,14.55,2024-05-07,10-Q
GSBD,0001572694,2024-03-31,14.55,2025-02-27,10-K
GSBD,0001572694,2024-03-31,14.55,2025-05-08,10-Q
GSBD,0001572694,2024-03-31,14.55,2026-02-26,10-K
GSBD,0001572694,2024-06-30,13.67,2024-08-08,10-Q
GSBD,0001572694,2024-06-30,13.67,2025-02-27,10-K
GSBD,0001572694,2024-06-30,13.67,2025-08-07,10-Q
GSBD,0001572694,2024-06-30,13.67,2026-02-26,10-K
GSBD,0001572694,2024-09-30,13.54,2024-11-07,10-Q
GSBD,0001572694,2024-09-30,13.54,2025-02-27,10-K
GSBD,0001572694,2024-09-30,13.54,2025-11-06,10-Q
GSBD,0001572694,2024-09-30,13.54,2026-02-26,10-K
GSBD,0001572694,2024-12-31,13.41,2025-02-27,10-K
GSBD,0001572694,2024-12-31,13.41,2025-05-08,10-Q
GSBD,0001572694,2024-12-31,13.41,2025-08-07,10-Q
GSBD,0001572694,2024-12-31,13.41,2025-11-06,10-Q
GSBD,0001572694,2024-12-31,13.41,2026-02-26,10-K
GSBD,0001572694,2024-12-31,13.41,2026-05-07,10-Q
GSBD,0001572694,2024-12-31,13.41,2026-08-06,10-Q
GSBD,0001572694,2025-03-31,13.2,2025-05-08,10-Q
GSBD,0001572694,2025-03-31,13.2,2026-02-26,10-K
GSBD,0001572694,2025-03-31,13.2,2026-05-07,10-Q
GSBD,0001572694,2025-06-30,13.02,2025-08-07,10-Q
GSBD,0001572694,2025-06-30,13.02,2026-02-26,10-K
GSBD,0001572694,2025-06-30,13.02,2026-08-06,10-Q
GSBD,0001572694,2025-09-30,12.75,2025-11-06,10-Q
GSBD,0001572694,2025-09-30,12.75,2026-02-26,10-K
GSBD,0001572694,2025-12-31,12.64,2026-02-26,10-K
GSBD,0001572694,2025-12-31,12.64,2026-05-07,10-Q
GSBD,0001572694,2025-12-31,12.64,2026-08-06,10-Q
GSBD,0001572694,2026-03-31,12.17,2026-05-07,10-Q
GSBD,0001572694,2026-06-30,12.06,2026-08-06,10-Q
HRZN,0001487428,2014-12-31,14.36,2025-03-04,10-K
HRZN,0001487428,2015-12-31,13.85,2025-03-04,10-K
HRZN,0001487428,2015-12-31,13.85,2026-03-03,10-K
HRZN,0001487428,2016-12-31,12.09,2025-03-04,10-K
HRZN,0001487428,2016-12-31,12.09,2026-03-03,10-K
HRZN,0001487428,2017-12-31,11.72,2023-02-28,10-K
HRZN,0001487428,2017-12-31,11.72,2025-03-04,10-K
HRZN,0001487428,2017-12-31,11.72,2026-03-03,10-K
HRZN,0001487428,2018-12-31,11.64,2023-02-28,10-K
HRZN,0001487428,2018-12-31,11.64,2024-02-27,10-K
HRZN,0001487428,2018-12-31,11.64,2025-03-04,10-K
HRZN,0001487428,2018-12-31,11.64,2026-03-03,10-K
HRZN,0001487428,2019-12-31,11.83,2023-02-28,10-K
HRZN,0001487428,2019-12-31,11.83,2024-02-27,10-K
HRZN,0001487428,2019-12-31,11.83,2025-03-04,10-K
HRZN,0001487428,2019-12-31,11.83,2026-03-03,10-K
HRZN,0001487428,2020-12-31,11.02,2022-11-01,10-Q
HRZN,0001487428,2020-12-31,11.02,2023-02-28,10-K
HRZN,0001487428,2020-12-31,11.02,2024-02-27,10-K
HRZN,0001487428,2020-12-31,11.02,2025-03-04,10-K
HRZN,0001487428,2020-12-31,11.02,2026-03-03,10-K
HRZN,0001487428,2021-09-30,11.63,2022-11-01,10-Q
HRZN,0001487428,2021-12-31,11.56,2022-11-01,10-Q
HRZN,0001487428,2021-12-31,11.56,2023-02-28,10-K
HRZN,0001487428,2021-12-31,11.56,2023-05-02,10-Q
HRZN,0001487428,2021-12-31,11.56,2023-08-01,10-Q
HRZN,0001487428,2021-12-31,11.56,2023-10-31,10-Q
HRZN,0001487428,2021-12-31,11.56,2024-02-27,10-K
HRZN,0001487428,2021-12-31,11.56,2025-03-04,10-K
HRZN,0001487428,2021-12-31,11.56,2026-03-03,10-K
HRZN,0001487428,2022-03-31,11.68,2023-05-02,10-Q
HRZN,0001487428,2022-06-30,11.69,2023-08-01,10-Q
HRZN,0001487428,2022-09-30,11.66,2022-11-01,10-Q
HRZN,0001487428,2022-09-30,11.66,2023-10-31,10-Q
HRZN,0001487428,2022-12-31,11.47,2023-02-28,10-K
HRZN,0001487428,2022-12-31,11.47,2023-05-02,10-Q
HRZN,0001487428,2022-12-31,11.47,2023-08-01,10-Q
HRZN,0001487428,2022-12-31,11.47,2023-10-31,10-Q
HRZN,0001487428,2022-12-31,11.47,2024-02-27,10-K
HRZN,0001487428,2022-12-31,11.47,2024-04-30,10-Q
HRZN,0001487428,2022-12-31,11.47,2024-07-30,10-Q
HRZN,0001487428,2022-12-31,11.47,2024-10-29,10-Q
HRZN,0001487428,2022-12-31,11.47,2025-03-04,10-K
HRZN,0001487428,2022-12-31,11.47,2026-03-03,10-K
HRZN,0001487428,2023-03-31,11.34,2023-05-02,10-Q
HRZN,0001487428,2023-03-31,11.34,2024-04-30,10-Q
HRZN,0001487428,2023-06-30,11.07,2023-08-01,10-Q
HRZN,0001487428,2023-06-30,11.07,2024-07-30,10-Q
HRZN,0001487428,2023-09-30,10.41,2023-10-31,10-Q
HRZN,0001487428,2023-09-30,10.41,2024-10-29,10-Q
HRZN,0001487428,2023-12-31,9.71,2024-02-27,10-K
HRZN,0001487428,2023-12-31,9.71,2024-04-30,10-Q
HRZN,0001487428,2023-12-31,9.71,2024-07-30,10-Q
HRZN,0001487428,2023-12-31,9.71,2024-10-29,10-Q
HRZN,0001487428,2023-12-31,9.71,2025-03-04,10-K
HRZN,0001487428,2023-12-31,9.71,2025-04-29,10-Q
HRZN,0001487428,2023-12-31,9.71,2025-08-07,10-Q
HRZN,0001487428,2023-12-31,9.71,2025-10-28,10-Q
HRZN,0001487428,2023-12-31,9.71,2026-03-03,10-K
HRZN,0001487428,2024-03-31,9.64,2024-04-30,10-Q
HRZN,0001487428,2024-03-31,9.64,2025-04-29,10-Q
HRZN,0001487428,2024-06-30,9.12,2024-07-30,10-Q
HRZN,0001487428,2024-06-30,9.12,2025-08-07,10-Q
HRZN,0001487428,2024-09-30,9.06,2024-10-29,10-Q
HRZN,0001487428,2024-09-30,9.06,2025-10-28,10-Q
HRZN,0001487428,2024-12-31,8.43,2025-03-04,10-K
HRZN,0001487428,2024-12-31,8.43,2025-04-29,10-Q
HRZN,0001487428,2024-12-31,8.43,2025-08-07,10-Q
HRZN,0001487428,2024-12-31,8.43,2025-10-28,10-Q
HRZN,0001487428,2024-12-31,8.43,2026-03-03,10-K
HRZN,0001487428,2024-12-31,8.43,2026-05-05,10-Q
HRZN,0001487428,2024-12-31,8.43,2026-08-04,10-Q
HRZN,0001487428,2025-03-31,7.57,2025-04-29,10-Q
HRZN,0001487428,2025-03-31,7.57,2026-05-05,10-Q
HRZN,0001487428,2025-06-30,6.75,2025-08-07,10-Q
HRZN,0001487428,2025-06-30,6.75,2026-08-04,10-Q
HRZN,0001487428,2025-09-30,7.12,2025-10-28,10-Q
HRZN,0001487428,2025-12-31,6.98,2026-03-03,10-K
HRZN,0001487428,2025-12-31,6.98,2026-05-05,10-Q
HRZN,0001487428,2025-12-31,6.98,2026-08-04,10-Q
HRZN,0001487428,2026-03-31,6.98,2026-05-05,10-Q
HRZN,0001487428,2026-06-30,6.23,2026-08-04,10-Q
HTGC,0001280784,2014-12-31,10.18,2025-02-13,10-K
HTGC,0001280784,2015-12-31,9.94,2025-02-13,10-K
HTGC,0001280784,2015-12-31,9.94,2026-02-12,10-K
HTGC,0001280784,2016-12-31,9.9,2025-02-13,10-K
HTGC,0001280784,2016-12-31,9.9,2026-02-12,10-K
HTGC,0001280784,2017-12-31,9.96,2023-02-16,10-K
HTGC,0001280784,2017-12-31,9.96,2025-02-13,10-K
HTGC,0001280784,2017-12-31,9.96,2026-02-12,10-K
HTGC,0001280784,2018-12-31,9.9,2023-02-16,10-K
HTGC,0001280784,2018-12-31,9.9,2024-02-15,10-K
HTGC,0001280784,2018-12-31,9.9,2025-02-13,10-K
HTGC,0001280784,2018-12-31,9.9,2026-02-12,10-K
HTGC,0001280784,2019-12-31,10.55,2023-02-16,10-K
HTGC,0001280784,2019-12-31,10.55,2024-02-15,10-K
HTGC,0001280784,2019-12-31,10.55,2025-02-13,10-K
HTGC,0001280784,2019-12-31,10.55,2026-02-12,10-K
HTGC,0001280784,2020-12-31,11.26,2022-11-02,10-Q
HTGC,0001280784,2020-12-31,11.26,2023-02-16,10-K
HTGC,0001280784,2020-12-31,11.26,2024-02-15,10-K
HTGC,0001280784,2020-12-31,11.26,2025-02-13,10-K
HTGC,0001280784,2020-12-31,11.26,2026-02-12,10-K
HTGC,0001280784,2021-03-31,11.36,2024-02-15,10-K
HTGC,0001280784,2021-06-30,11.71,2024-02-15,10-K
HTGC,0001280784,2021-09-30,11.54,2022-11-02,10-Q
HTGC,0001280784,2021-09-30,11.54,2024-02-15,10-K
HTGC,0001280784,2021-12-31,11.22,2022-11-02,10-Q
HTGC,0001280784,2021-12-31,11.22,2023-02-16,10-K
HTGC,0001280784,2021-12-31,11.22,2023-05-04,10-Q
HTGC,0001280784,2021-12-31,11.22,2023-08-03,10-Q
HTGC,0001280784,2021-12-31,11.22,2023-11-02,10-Q
HTGC,0001280784,2021-12-31,11.22,2024-02-15,10-K
HTGC,0001280784,2021-12-31,11.22,2025-02-13,10-K
HTGC,0001280784,2021-12-31,11.22,2026-02-12,10-K
HTGC,0001280784,2022-03-31,10.82,2023-05-04,10-Q
HTGC,0001280784,2022-03-31,10.82,2024-02-15,10-K
HTGC,0001280784,2022-06-30,10.43,2023-08-03,10-Q
HTGC,0001280784,2022-06-30,10.43,2024-02-15,10-K
HTGC,0001280784,2022-09-30,10.47,2022-11-02,10-Q
HTGC,0001280784,2022-09-30,10.47,2023-11-02,10-Q
HTGC,0001280784,2022-09-30,10.47,2024-02-15,10-K
HTGC,0001280784,2022-12-31,10.53,2023-02-16,10-K
HTGC,0001280784,2022-12-31,10.53,2023-05-04,10-Q
HTGC,0001280784,2022-12-31,10.53,2023-08-03,10-Q
HTGC,0001280784,2022-12-31,10.53,2023-11-02,10-Q
HTGC,0001280784,2022-12-31,10.53,2024-02-15,10-K
HTGC,0001280784,2022-12-31,10.53,2024-05-02,10-Q
HTGC,0001280784,2022-12-31,10.53,2024-08-01,10-Q
HTGC,0001280784,2022-12-31,10.53,2024-10-30,10-Q
HTGC,0001280784,2022-12-31,10.53,2025-02-13,10-K
HTGC,0001280784,2022-12-31,10.53,2026-02-12,10-K
HTGC,0001280784,2023-03-31,10.82,2023-05-04,10-Q
HTGC,0001280784,2023-03-31,10.82,2024-02-15,10-K
HTGC,0001280784,2023-03-31,10.82,2024-05-02,10-Q
HTGC,0001280784,2023-03-31,10.82,2025-02-13,10-K
HTGC,0001280784,2023-06-30,10.96,2023-08-03,10-Q
HTGC,0001280784,2023-06-30,10.96,2024-02-15,10-K
HTGC,0001280784,2023-06-30,10.96,2024-08-01,10-Q
HTGC,0001280784,2023-06-30,10.96,2025-02-13,10-K
HTGC,0001280784,2023-09-30,10.93,2023-11-02,10-Q
HTGC,0001280784,2023-09-30,10.93,2024-02-15,10-K
HTGC,0001280784,2023-09-30,10.93,2024-10-30,10-Q
HTGC,0001280784,2023-09-30,10.93,2025-02-13,10-K
HTGC,0001280784,2023-12-31,11.43,2024-02-15,10-K
HTGC,0001280784,2023-12-31,11.43,2024-05-02,10-Q
HTGC,0001280784,2023-12-31,11.43,2024-08-01,10-Q
HTGC,0001280784,2023-12-31,11.43,2024-10-30,10-Q
HTGC,0001280784,2023-12-31,11.43,2025-02-13,10-K
HTGC,0001280784,2023-12-31,11.43,2025-05-01,10-Q
HTGC,0001280784,2023-12-31,11.43,2025-07-31,10-Q
HTGC,0001280784,2023-12-31,11.43,2025-10-30,10-Q
HTGC,0001280784,2023-12-31,11.43,2026-02-12,10-K
HTGC,0001280784,2024-03-31,11.63,2024-05-02,10-Q
HTGC,0001280784,2024-03-31,11.63,2025-02-13,10-K
HTGC,0001280784,2024-03-31,11.63,2025-05-01,10-Q
HTGC,0001280784,2024-03-31,11.63,2026-02-12,10-K
HTGC,0001280784,2024-06-30,11.43,2024-08-01,10-Q
HTGC,0001280784,2024-06-30,11.43,2025-02-13,10-K
HTGC,0001280784,2024-06-30,11.43,2025-07-31,10-Q
HTGC,0001280784,2024-06-30,11.43,2026-02-12,10-K
HTGC,0001280784,2024-09-30,11.4,2024-10-30,10-Q
HTGC,0001280784,2024-09-30,11.4,2025-02-13,10-K
HTGC,0001280784,2024-09-30,11.4,2025-10-30,10-Q
HTGC,0001280784,2024-09-30,11.4,2026-02-12,10-K
HTGC,0001280784,2024-12-31,11.66,2025-02-13,10-K
HTGC,0001280784,2024-12-31,11.66,2025-05-01,10-Q
HTGC,0001280784,2024-12-31,11.66,2025-07-31,10-Q
HTGC,0001280784,2024-12-31,11.66,2025-10-30,10-Q
HTGC,0001280784,2024-12-31,11.66,2026-02-12,10-K
HTGC,0001280784,2024-12-31,11.66,2026-05-05,10-Q
HTGC,0001280784,2024-12-31,11.66,2026-07-30,10-Q
HTGC,0001280784,2025-03-31,11.55,2025-05-01,10-Q
HTGC,0001280784,2025-03-31,11.55,2026-02-12,10-K
HTGC,0001280784,2025-03-31,11.55,2026-05-05,10-Q
HTGC,0001280784,2025-06-30,11.84,2025-07-31,10-Q
HTGC,0001280784,2025-06-30,11.84,2026-02-12,10-K
HTGC,0001280784,2025-06-30,11.84,2026-07-30,10-Q
HTGC,0001280784,2025-09-30,12.05,2025-10-30,10-Q
HTGC,0001280784,2025-09-30,12.05,2026-02-12,10-K
HTGC,0001280784,2025-12-31,12.13,2026-02-12,10-K
HTGC,0001280784,2025-12-31,12.13,2026-05-05,10-Q
HTGC,0001280784,2025-12-31,12.13,2026-07-30,10-Q
HTGC,0001280784,2026-03-31,11.9,2026-05-05,10-Q
HTGC,0001280784,2026-06-30,12.15,2026-07-30,10-Q
ICMB,0001578348,2018-06-30,12.57,2023-09-21,10-K
ICMB,0001578348,2019-06-30,10.51,2023-09-21,10-K
ICMB,0001578348,2019-06-30,10.51,2024-09-25,10-K
ICMB,0001578348,2020-06-30,7.79,2023-09-21,10-K
ICMB,0001578348,2020-06-30,7.79,2024-09-25,10-K
ICMB,0001578348,2020-06-30,7.79,2026-03-31,10-K
ICMB,0001578348,2021-06-30,6.92,2023-02-13,10-Q
ICMB,0001578348,2021-06-30,6.92,2023-05-15,10-Q
ICMB,0001578348,2021-06-30,6.92,2023-09-21,10-K
ICMB,0001578348,2021-06-30,6.92,2024-09-25,10-K
ICMB,0001578348,2021-06-30,6.92,2026-03-31,10-K
ICMB,0001578348,2021-12-31,7.09,2023-02-13,10-Q
ICMB,0001578348,2022-03-31,6.93,2023-05-15,10-Q
ICMB,0001578348,2022-06-30,6.5,2023-02-13,10-Q
ICMB,0001578348,2022-06-30,6.5,2023-05-15,10-Q
ICMB,0001578348,2022-06-30,6.5,2023-09-21,10-K
ICMB,0001578348,2022-06-30,6.5,2023-11-13,10-Q
ICMB,0001578348,2022-06-30,6.5,2024-02-20,10-Q
ICMB,0001578348,2022-06-30,6.5,2024-05-14,10-Q
ICMB,0001578348,2022-06-30,6.5,2024-09-25,10-K
ICMB,0001578348,2022-06-30,6.5,2026-03-31,10-K
ICMB,0001578348,2022-09-30,6.47,2023-11-13,10-Q
ICMB,0001578348,2022-12-31,6.36,2023-02-13,10-Q
ICMB,0001578348,2022-12-31,6.36,2024-02-20,10-Q
ICMB,0001578348,2023-03-31,6.13,2023-05-15,10-Q
ICMB,0001578348,2023-03-31,6.13,2024-05-14,10-Q
ICMB,0001578348,2023-06-30,6.09,2023-09-21,10-K
ICMB,0001578348,2023-06-30,6.09,2023-11-13,10-Q
ICMB,0001578348,2023-06-30,6.09,2024-02-20,10-Q
ICMB,0001578348,2023-06-30,6.09,2024-05-14,10-Q
ICMB,0001578348,2023-06-30,6.09,2024-09-25,10-K
ICMB,0001578348,2023-06-30,6.09,2024-11-13,10-Q
ICMB,0001578348,2023-06-30,6.09,2026-03-31,10-K
ICMB,0001578348,2023-09-30,5.83,2023-11-13,10-Q
ICMB,0001578348,2023-09-30,5.83,2024-11-13,10-Q
ICMB,0001578348,2023-12-31,5.48,2024-02-20,10-Q
ICMB,0001578348,2023-12-31,5.48,2025-05-14,10-Q
ICMB,0001578348,2023-12-31,5.48,2025-08-13,10-Q
ICMB,0001578348,2023-12-31,5.48,2025-11-12,10-Q
ICMB,0001578348,2024-03-31,5.49,2024-05-14,10-Q
ICMB,0001578348,2024-03-31,5.49,2025-05-14,10-Q
ICMB,0001578348,2024-06-30,5.21,2024-09-25,10-K
ICMB,0001578348,2024-06-30,5.21,2024-11-13,10-Q
ICMB,0001578348,2024-06-30,5.21,2025-08-13,10-Q
ICMB,0001578348,2024-06-30,5.21,2026-03-31,10-K
ICMB,0001578348,2024-09-30,5.55,2024-11-13,10-Q
ICMB,0001578348,2024-09-30,5.55,2025-11-12,10-Q
ICMB,0001578348,2024-12-31,5.39,2025-05-14,10-Q
ICMB,0001578348,2024-12-31,5.39,2025-08-13,10-Q
ICMB,0001578348,2024-12-31,5.39,2025-11-12,10-Q
ICMB,0001578348,2024-12-31,5.39,2026-03-31,10-K
ICMB,0001578348,2024-12-31,5.39,2026-05-13,10-Q
ICMB,0001578348,2024-12-31,5.32,2026-08-14,10-Q
ICMB,0001578348,2025-03-31,5.42,2025-05-14,10-Q
ICMB,0001578348,2025-03-31,5.42,2026-05-13,10-Q
ICMB,0001578348,2025-06-30,5.27,2025-08-13,10-Q
ICMB,0001578348,2025-06-30,5.17,2026-08-14,10-Q
ICMB,0001578348,2025-09-30,5.04,2025-11-12,10-Q
ICMB,0001578348,2025-12-31,4.25,2026-03-31,10-K
ICMB,0001578348,2025-12-31,4.25,2026-05-13,10-Q
ICMB,0001578348,2025-12-31,4.12,2026-08-14,10-Q
ICMB,0001578348,2026-03-31,3.65,2026-05-13,10-Q
ICMB,0001578348,2026-06-30,3.44,2026-08-14,10-Q
KBDC,0001747172,2020-12-31,14.86,2024-02-29,10-K
KBDC,0001747172,2020-12-31,14.86,2025-03-03,10-K
KBDC,0001747172,2020-12-31,14.86,2026-03-02,10-K
KBDC,0001747172,2021-12-31,16.22,2022-11-14,10-Q
KBDC,0001747172,2021-12-31,16.22,2023-03-13,10-K
KBDC,0001747172,2021-12-31,16.22,2023-08-14,10-Q
KBDC,0001747172,2021-12-31,16.22,2023-11-14,10-Q
KBDC,0001747172,2021-12-31,16.22,2024-02-29,10-K
KBDC,0001747172,2021-12-31,16.22,2025-03-03,10-K
KBDC,0001747172,2021-12-31,16.22,2026-03-02,10-K
KBDC,0001747172,2022-06-30,16.55,2023-08-14,10-Q
KBDC,0001747172,2022-09-30,16.73,2022-11-14,10-Q
KBDC,0001747172,2022-09-30,16.73,2023-11-14,10-Q
KBDC,0001747172,2022-12-31,16.5,2023-03-13,10-K
KBDC,0001747172,2022-12-31,16.5,2023-05-15,10-Q
KBDC,0001747172,2022-12-31,16.5,2023-08-14,10-Q
KBDC,0001747172,2022-12-31,16.5,2023-11-14,10-Q
KBDC,0001747172,2022-12-31,16.5,2024-02-29,10-K
KBDC,0001747172,2022-12-31,16.5,2024-05-09,10-Q
KBDC,0001747172,2022-12-31,16.5,2024-08-13,10-Q
KBDC,0001747172,2022-12-31,16.5,2024-11-13,10-Q
KBDC,0001747172,2022-12-31,16.5,2025-03-03,10-K
KBDC,0001747172,2022-12-31,16.5,2026-03-02,10-K
KBDC,0001747172,2023-03-31,16.57,2023-05-15,10-Q
KBDC,0001747172,2023-03-31,16.57,2024-05-09,10-Q
KBDC,0001747172,2023-06-30,16.58,2023-08-14,10-Q
KBDC,0001747172,2023-06-30,16.58,2024-08-13,10-Q
KBDC,0001747172,2023-09-30,16.4,2023-11-14,10-Q
KBDC,0001747172,2023-09-30,16.4,2024-11-13,10-Q
KBDC,0001747172,2023-12-31,16.42,2024-02-29,10-K
KBDC,0001747172,2023-12-31,16.42,2024-05-09,10-Q
KBDC,0001747172,2023-12-31,16.42,2024-08-13,10-Q
KBDC,0001747172,2023-12-31,16.42,2024-11-13,10-Q
KBDC,0001747172,2023-12-31,16.42,2025-03-03,10-K
KBDC,0001747172,2023-12-31,16.42,2025-05-12,10-Q
KBDC,0001747172,2023-12-31,16.42,2025-08-11,10-Q
KBDC,0001747172,2023-12-31,16.42,2025-11-10,10-Q
KBDC,0001747172,2023-12-31,16.42,2026-03-02,10-K
KBDC,0001747172,2024-03-31,16.63,2024-05-09,10-Q
KBDC,0001747172,2024-03-31,16.63,2025-05-12,10-Q
KBDC,0001747172,2024-06-30,16.57,2024-08-13,10-Q
KBDC,0001747172,2024-06-30,16.57,2025-08-11,10-Q
KBDC,0001747172,2024-09-30,16.7,2024-11-13,10-Q
KBDC,0001747172,2024-09-30,16.7,2025-11-10,10-Q
KBDC,0001747172,2024-12-31,16.7,2025-03-03,10-K
KBDC,0001747172,2024-12-31,16.7,2025-05-12,10-Q
KBDC,0001747172,2024-12-31,16.7,2025-08-11,10-Q
KBDC,0001747172,2024-12-31,16.7,2025-11-10,10-Q
KBDC,0001747172,2024-12-31,16.7,2026-03-02,10-K
KBDC,0001747172,2024-12-31,16.7,2026-05-11,10-Q
KBDC,0001747172,2024-12-31,16.7,2026-08-10,10-Q
KBDC,0001747172,2025-03-31,16.51,2025-05-12,10-Q
KBDC,0001747172,2025-03-31,16.51,2026-05-11,10-Q
KBDC,0001747172,2025-06-30,16.37,2025-08-11,10-Q
KBDC,0001747172,2025-06-30,16.37,2026-08-10,10-Q
KBDC,0001747172,2025-09-30,16.34,2025-11-10,10-Q
KBDC,0001747172,2025-12-31,16.32,2026-03-02,10-K
KBDC,0001747172,2025-12-31,16.32,2026-05-11,10-Q
KBDC,0001747172,2025-12-31,16.32,2026-08-10,10-Q
KBDC,0001747172,2026-03-31,16.23,2026-05-11,10-Q
KBDC,0001747172,2026-06-30,16,2026-08-10,10-Q
LIEN,0001843162,2022-02-02,14,2023-05-12,10-Q
LIEN,0001843162,2022-02-02,14,2023-08-11,10-Q
LIEN,0001843162,2022-02-02,14,2023-11-09,10-Q
LIEN,0001843162,2022-02-02,14,2024-03-28,10-K
LIEN,0001843162,2022-02-02,14,2025-03-31,10-K
LIEN,0001843162,2022-02-02,14,2026-03-19,10-K
LIEN,0001843162,2022-03-31,13.61,2023-05-12,10-Q
LIEN,0001843162,2022-03-31,13.61,2024-03-28,10-K
LIEN,0001843162,2022-03-31,13.61,2025-03-31,10-K
LIEN,0001843162,2022-03-31,13.61,2026-03-19,10-K
LIEN,0001843162,2022-06-30,13.64,2023-08-11,10-Q
LIEN,0001843162,2022-09-30,13.73,2023-11-09,10-Q
LIEN,0001843162,2022-12-31,13.91,2023-05-12,10-Q
LIEN,0001843162,2022-12-31,13.91,2023-08-11,10-Q
LIEN,0001843162,2022-12-31,13.91,2023-11-09,10-Q
LIEN,0001843162,2022-12-31,13.91,2024-03-28,10-K
LIEN,0001843162,2022-12-31,13.91,2024-05-09,10-Q
LIEN,0001843162,2022-12-31,13.91,2024-08-08,10-Q
LIEN,0001843162,2022-12-31,13.91,2024-11-08,10-Q
LIEN,0001843162,2022-12-31,13.91,2025-03-31,10-K
LIEN,0001843162,2022-12-31,13.91,2026-03-19,10-K
LIEN,0001843162,2023-03-31,14.29,2023-05-12,10-Q
LIEN,0001843162,2023-03-31,14.29,2024-05-09,10-Q
LIEN,0001843162,2023-06-30,14.49,2023-08-11,10-Q
LIEN,0001843162,2023-06-30,14.49,2024-08-08,10-Q
LIEN,0001843162,2023-09-30,14.06,2023-11-09,10-Q
LIEN,0001843162,2023-09-30,14.06,2024-11-08,10-Q
LIEN,0001843162,2023-12-31,13.77,2024-03-28,10-K
LIEN,0001843162,2023-12-31,13.77,2024-05-09,10-Q
LIEN,0001843162,2023-12-31,13.77,2024-08-08,10-Q
LIEN,0001843162,2023-12-31,13.77,2024-11-08,10-Q
LIEN,0001843162,2023-12-31,13.77,2025-03-31,10-K
LIEN,0001843162,2023-12-31,13.77,2025-05-14,10-Q
LIEN,0001843162,2023-12-31,13.77,2025-08-14,10-Q
LIEN,0001843162,2023-12-31,13.77,2025-11-13,10-Q
LIEN,0001843162,2023-12-31,13.77,2026-03-19,10-K
LIEN,0001843162,2024-03-31,13.6,2024-05-09,10-Q
LIEN,0001843162,2024-03-31,13.6,2025-05-14,10-Q
LIEN,0001843162,2024-06-30,13.56,2024-08-08,10-Q
LIEN,0001843162,2024-06-30,13.56,2025-08-14,10-Q
LIEN,0001843162,2024-09-30,13.28,2024-11-08,10-Q
LIEN,0001843162,2024-09-30,13.28,2025-11-13,10-Q
LIEN,0001843162,2024-12-31,13.2,2025-03-31,10-K
LIEN,0001843162,2024-12-31,13.2,2025-05-14,10-Q
LIEN,0001843162,2024-12-31,13.2,2025-08-14,10-Q
LIEN,0001843162,2024-12-31,13.2,2025-11-13,10-Q
LIEN,0001843162,2024-12-31,13.2,2026-03-19,10-K
LIEN,0001843162,2024-12-31,13.2,2026-05-14,10-Q
LIEN,0001843162,2024-12-31,13.2,2026-08-13,10-Q
LIEN,0001843162,2025-03-31,13.19,2025-05-14,10-Q
LIEN,0001843162,2025-03-31,13.19,2026-05-14,10-Q
LIEN,0001843162,2025-06-30,13.23,2025-08-14,10-Q
LIEN,0001843162,2025-06-30,13.23,2026-08-13,10-Q
LIEN,0001843162,2025-09-30,13.27,2025-11-13,10-Q
LIEN,0001843162,2025-12-31,13.3,2026-03-19,10-K
LIEN,0001843162,2025-12-31,13.3,2026-05-14,10-Q
LIEN,0001843162,2025-12-31,13.3,2026-08-13,10-Q
LIEN,0001843162,2026-03-31,13.33,2026-05-14,10-Q
LIEN,0001843162,2026-06-30,13.26,2026-08-13,10-Q
MAIN,0001396440,2012-12-31,18.59,2023-02-24,10-K
MAIN,0001396440,2013-12-31,19.89,2023-02-24,10-K
MAIN,0001396440,2013-12-31,19.89,2024-02-23,10-K
MAIN,0001396440,2014-12-31,20.85,2023-02-24,10-K
MAIN,0001396440,2014-12-31,20.85,2024-02-23,10-K
MAIN,0001396440,2014-12-31,20.85,2025-02-28,10-K
MAIN,0001396440,2015-12-31,21.24,2023-02-24,10-K
MAIN,0001396440,2015-12-31,21.24,2024-02-23,10-K
MAIN,0001396440,2015-12-31,21.24,2025-02-28,10-K
MAIN,0001396440,2015-12-31,21.24,2026-02-27,10-K
MAIN,0001396440,2016-12-31,22.1,2023-02-24,10-K
MAIN,0001396440,2016-12-31,22.1,2024-02-23,10-K
MAIN,0001396440,2016-12-31,22.1,2025-02-28,10-K
MAIN,0001396440,2016-12-31,22.1,2026-02-27,10-K
MAIN,0001396440,2017-12-31,23.53,2023-02-24,10-K
MAIN,0001396440,2017-12-31,23.53,2024-02-23,10-K
MAIN,0001396440,2017-12-31,23.53,2025-02-28,10-K
MAIN,0001396440,2017-12-31,23.53,2026-02-27,10-K
MAIN,0001396440,2018-12-31,24.09,2023-02-24,10-K
MAIN,0001396440,2018-12-31,24.09,2024-02-23,10-K
MAIN,0001396440,2018-12-31,24.09,2025-02-28,10-K
MAIN,0001396440,2018-12-31,24.09,2026-02-27,10-K
MAIN,0001396440,2019-12-31,23.91,2023-02-24,10-K
MAIN,0001396440,2019-12-31,23.91,2024-02-23,10-K
MAIN,0001396440,2019-12-31,23.91,2025-02-28,10-K
MAIN,0001396440,2019-12-31,23.91,2026-02-27,10-K
MAIN,0001396440,2020-12-31,22.35,2022-11-04,10-Q
MAIN,0001396440,2020-12-31,22.35,2023-02-24,10-K
MAIN,0001396440,2020-12-31,22.35,2024-02-23,10-K
MAIN,0001396440,2020-12-31,22.35,2025-02-28,10-K
MAIN,0001396440,2020-12-31,22.35,2026-02-27,10-K
MAIN,0001396440,2021-09-30,24.27,2022-11-04,10-Q
MAIN,0001396440,2021-12-31,25.29,2022-11-04,10-Q
MAIN,0001396440,2021-12-31,25.29,2023-02-24,10-K
MAIN,0001396440,2021-12-31,25.29,2023-05-05,10-Q
MAIN,0001396440,2021-12-31,25.29,2023-08-04,10-Q
MAIN,0001396440,2021-12-31,25.29,2023-11-03,10-Q
MAIN,0001396440,2021-12-31,25.29,2024-02-23,10-K
MAIN,0001396440,2021-12-31,25.29,2025-02-28,10-K
MAIN,0001396440,2021-12-31,25.29,2026-02-27,10-K
MAIN,0001396440,2022-03-31,25.89,2023-05-05,10-Q
MAIN,0001396440,2022-03-31,25.89,2024-02-23,10-K
MAIN,0001396440,2022-06-30,25.37,2023-08-04,10-Q
MAIN,0001396440,2022-06-30,25.37,2024-02-23,10-K
MAIN,0001396440,2022-09-30,25.94,2022-11-04,10-Q
MAIN,0001396440,2022-09-30,25.94,2023-11-03,10-Q
MAIN,0001396440,2022-09-30,25.94,2024-02-23,10-K
MAIN,0001396440,2022-12-31,26.86,2023-02-24,10-K
MAIN,0001396440,2022-12-31,26.86,2023-05-05,10-Q
MAIN,0001396440,2022-12-31,26.86,2023-08-04,10-Q
MAIN,0001396440,2022-12-31,26.86,2023-11-03,10-Q
MAIN,0001396440,2022-12-31,26.86,2024-02-23,10-K
MAIN,0001396440,2022-12-31,26.86,2024-05-10,10-Q
MAIN,0001396440,2022-12-31,26.86,2024-08-09,10-Q
MAIN,0001396440,2022-12-31,26.86,2024-11-08,10-Q
MAIN,0001396440,2022-12-31,26.86,2025-02-28,10-K
MAIN,0001396440,2022-12-31,26.86,2026-02-27,10-K
MAIN,0001396440,2023-03-31,27.23,2023-05-05,10-Q
MAIN,0001396440,2023-03-31,27.23,2024-02-23,10-K
MAIN,0001396440,2023-03-31,27.23,2024-05-10,10-Q
MAIN,0001396440,2023-03-31,27.23,2025-02-28,10-K
MAIN,0001396440,2023-06-30,27.69,2023-08-04,10-Q
MAIN,0001396440,2023-06-30,27.69,2024-02-23,10-K
MAIN,0001396440,2023-06-30,27.69,2024-08-09,10-Q
MAIN,0001396440,2023-06-30,27.69,2025-02-28,10-K
MAIN,0001396440,2023-09-30,28.33,2023-11-03,10-Q
MAIN,0001396440,2023-09-30,28.33,2024-02-23,10-K
MAIN,0001396440,2023-09-30,28.33,2024-11-08,10-Q
MAIN,0001396440,2023-09-30,28.33,2025-02-28,10-K
MAIN,0001396440,2023-12-31,29.2,2024-02-23,10-K
MAIN,0001396440,2023-12-31,29.2,2024-05-10,10-Q
MAIN,0001396440,2023-12-31,29.2,2024-08-09,10-Q
MAIN,0001396440,2023-12-31,29.2,2024-11-08,10-Q
MAIN,0001396440,2023-12-31,29.2,2025-02-28,10-K
MAIN,0001396440,2023-12-31,29.2,2025-05-09,10-Q
MAIN,0001396440,2023-12-31,29.2,2025-08-08,10-Q
MAIN,0001396440,2023-12-31,29.2,2025-11-07,10-Q
MAIN,0001396440,2023-12-31,29.2,2026-02-27,10-K
MAIN,0001396440,2024-03-31,29.54,2024-05-10,10-Q
MAIN,0001396440,2024-03-31,29.54,2025-02-28,10-K
MAIN,0001396440,2024-03-31,29.54,2025-05-09,10-Q
MAIN,0001396440,2024-03-31,29.54,2026-02-27,10-K
MAIN,0001396440,2024-06-30,29.8,2024-08-09,10-Q
MAIN,0001396440,2024-06-30,29.8,2025-02-28,10-K
MAIN,0001396440,2024-06-30,29.8,2025-08-08,10-Q
MAIN,0001396440,2024-06-30,29.8,2026-02-27,10-K
MAIN,0001396440,2024-09-30,30.57,2024-11-08,10-Q
MAIN,0001396440,2024-09-30,30.57,2025-02-28,10-K
MAIN,0001396440,2024-09-30,30.57,2025-11-07,10-Q
MAIN,0001396440,2024-09-30,30.57,2026-02-27,10-K
MAIN,0001396440,2024-12-31,31.65,2025-02-28,10-K
MAIN,0001396440,2024-12-31,31.65,2025-05-09,10-Q
MAIN,0001396440,2024-12-31,31.65,2025-08-08,10-Q
MAIN,0001396440,2024-12-31,31.65,2025-11-07,10-Q
MAIN,0001396440,2024-12-31,31.65,2026-02-27,10-K
MAIN,0001396440,2024-12-31,31.65,2026-05-08,10-Q
MAIN,0001396440,2024-12-31,31.65,2026-08-07,10-Q
MAIN,0001396440,2025-03-31,32.03,2025-05-09,10-Q
MAIN,0001396440,2025-03-31,32.03,2026-02-27,10-K
MAIN,0001396440,2025-03-31,32.03,2026-05-08,10-Q
MAIN,0001396440,2025-06-30,32.3,2025-08-08,10-Q
MAIN,0001396440,2025-06-30,32.3,2026-02-27,10-K
MAIN,0001396440,2025-06-30,32.3,2026-08-07,10-Q
MAIN,0001396440,2025-09-30,32.78,2025-11-07,10-Q
MAIN,0001396440,2025-09-30,32.78,2026-02-27,10-K
MAIN,0001396440,2025-12-31,33.33,2026-02-27,10-K
MAIN,0001396440,2025-12-31,33.33,2026-05-08,10-Q
MAIN,0001396440,2025-12-31,33.33,2026-08-07,10-Q
MAIN,0001396440,2026-03-31,33.46,2026-05-08,10-Q
MAIN,0001396440,2026-06-30,33.92,2026-08-07,10-Q
MFIC,0001278752,2019-03-31,19.06,2024-02-26,10-K
MFIC,0001278752,2020-03-31,15.7,2024-02-26,10-K
MFIC,0001278752,2020-03-31,15.7,2025-02-25,10-K
MFIC,0001278752,2021-03-31,15.88,2022-11-03,10-Q
MFIC,0001278752,2021-03-31,15.88,2024-02-26,10-K
MFIC,0001278752,2021-03-31,15.88,2025-02-25,10-K
MFIC,0001278752,2021-03-31,15.88,2026-02-26,10-K
MFIC,0001278752,2021-09-30,16.07,2022-11-03,10-Q
MFIC,0001278752,2021-12-31,16.08,2023-05-02,10-Q
MFIC,0001278752,2021-12-31,16.08,2023-08-02,10-Q
MFIC,0001278752,2021-12-31,16.08,2023-11-07,10-Q
MFIC,0001278752,2022-03-31,15.79,2022-11-03,10-Q
MFIC,0001278752,2022-03-31,15.79,2023-05-02,10-Q
MFIC,0001278752,2022-03-31,15.79,2024-02-26,10-K
MFIC,0001278752,2022-03-31,15.79,2025-02-25,10-K
MFIC,0001278752,2022-03-31,15.79,2026-02-26,10-K
MFIC,0001278752,2022-06-30,15.52,2023-08-02,10-Q
MFIC,0001278752,2022-09-30,15.45,2022-11-03,10-Q
MFIC,0001278752,2022-09-30,15.45,2023-11-07,10-Q
MFIC,0001278752,2022-12-31,15.1,2023-05-02,10-Q
MFIC,0001278752,2022-12-31,15.1,2023-08-02,10-Q
MFIC,0001278752,2022-12-31,15.1,2023-11-07,10-Q
MFIC,0001278752,2022-12-31,15.1,2024-02-26,10-K
MFIC,0001278752,2022-12-31,15.1,2024-05-07,10-Q
MFIC,0001278752,2022-12-31,15.1,2024-08-07,10-Q
MFIC,0001278752,2022-12-31,15.1,2024-11-07,10-Q
MFIC,0001278752,2022-12-31,15.1,2025-02-25,10-K
MFIC,0001278752,2022-12-31,15.1,2026-02-26,10-K
MFIC,0001278752,2023-03-31,15.18,2023-05-02,10-Q
MFIC,0001278752,2023-03-31,15.18,2024-05-07,10-Q
MFIC,0001278752,2023-03-31,15.18,2025-02-25,10-K
MFIC,0001278752,2023-06-30,15.2,2023-08-02,10-Q
MFIC,0001278752,2023-06-30,15.2,2024-08-07,10-Q
MFIC,0001278752,2023-06-30,15.2,2025-02-25,10-K
MFIC,0001278752,2023-09-30,15.28,2023-11-07,10-Q
MFIC,0001278752,2023-09-30,15.28,2024-11-07,10-Q
MFIC,0001278752,2023-09-30,15.28,2025-02-25,10-K
MFIC,0001278752,2023-12-31,15.41,2024-02-26,10-K
MFIC,0001278752,2023-12-31,15.41,2024-05-07,10-Q
MFIC,0001278752,2023-12-31,15.41,2024-08-07,10-Q
MFIC,0001278752,2023-12-31,15.41,2024-11-07,10-Q
MFIC,0001278752,2023-12-31,15.41,2025-02-25,10-K
MFIC,0001278752,2023-12-31,15.41,2025-05-12,10-Q
MFIC,0001278752,2023-12-31,15.41,2025-08-11,10-Q
MFIC,0001278752,2023-12-31,15.41,2025-11-06,10-Q
MFIC,0001278752,2023-12-31,15.41,2026-02-26,10-K
MFIC,0001278752,2024-03-31,15.42,2024-05-07,10-Q
MFIC,0001278752,2024-03-31,15.42,2025-02-25,10-K
MFIC,0001278752,2024-03-31,15.42,2025-05-12,10-Q
MFIC,0001278752,2024-03-31,15.42,2026-02-26,10-K
MFIC,0001278752,2024-06-30,15.38,2024-08-07,10-Q
MFIC,0001278752,2024-06-30,15.38,2025-02-25,10-K
MFIC,0001278752,2024-06-30,15.38,2025-08-11,10-Q
MFIC,0001278752,2024-06-30,15.38,2026-02-26,10-K
MFIC,0001278752,2024-09-30,15.1,2024-11-07,10-Q
MFIC,0001278752,2024-09-30,15.1,2025-02-25,10-K
MFIC,0001278752,2024-09-30,15.1,2025-11-06,10-Q
MFIC,0001278752,2024-09-30,15.1,2026-02-26,10-K
MFIC,0001278752,2024-12-31,14.98,2025-02-25,10-K
MFIC,0001278752,2024-12-31,14.98,2025-05-12,10-Q
MFIC,0001278752,2024-12-31,14.98,2025-08-11,10-Q
MFIC,0001278752,2024-12-31,14.98,2025-11-06,10-Q
MFIC,0001278752,2024-12-31,14.98,2026-02-26,10-K
MFIC,0001278752,2024-12-31,14.98,2026-05-06,10-Q
MFIC,0001278752,2024-12-31,14.98,2026-08-06,10-Q
MFIC,0001278752,2025-03-31,14.93,2025-05-12,10-Q
MFIC,0001278752,2025-03-31,14.93,2026-02-26,10-K
MFIC,0001278752,2025-03-31,14.93,2026-05-06,10-Q
MFIC,0001278752,2025-06-30,14.75,2025-08-11,10-Q
MFIC,0001278752,2025-06-30,14.75,2026-02-26,10-K
MFIC,0001278752,2025-06-30,14.75,2026-08-06,10-Q
MFIC,0001278752,2025-09-30,14.66,2025-11-06,10-Q
MFIC,0001278752,2025-09-30,14.66,2026-02-26,10-K
MFIC,0001278752,2025-12-31,14.18,2026-02-26,10-K
MFIC,0001278752,2025-12-31,14.18,2026-05-06,10-Q
MFIC,0001278752,2025-12-31,14.18,2026-08-06,10-Q
MFIC,0001278752,2026-03-31,13.82,2026-05-06,10-Q
MFIC,0001278752,2026-06-30,13.37,2026-08-06,10-Q
MSDL,0001782524,2019-12-31,20,2024-03-01,10-K
MSDL,0001782524,2019-12-31,20,2025-02-27,10-K
MSDL,0001782524,2020-12-31,20.08,2024-03-01,10-K
MSDL,0001782524,2020-12-31,20.08,2025-02-27,10-K
MSDL,0001782524,2020-12-31,20.08,2026-02-26,10-K
MSDL,0001782524,2021-12-31,20.91,2023-05-10,10-Q
MSDL,0001782524,2021-12-31,20.91,2023-08-09,10-Q
MSDL,0001782524,2021-12-31,20.91,2023-11-02,10-Q
MSDL,0001782524,2021-12-31,20.91,2024-03-01,10-K
MSDL,0001782524,2021-12-31,20.91,2025-02-27,10-K
MSDL,0001782524,2021-12-31,20.91,2026-02-26,10-K
MSDL,0001782524,2022-03-31,20.82,2023-05-10,10-Q
MSDL,0001782524,2022-06-30,20.32,2023-08-09,10-Q
MSDL,0001782524,2022-09-30,20,2023-11-02,10-Q
MSDL,0001782524,2022-12-31,19.81,2023-05-10,10-Q
MSDL,0001782524,2022-12-31,19.81,2023-08-09,10-Q
MSDL,0001782524,2022-12-31,19.81,2023-11-02,10-Q
MSDL,0001782524,2022-12-31,19.81,2024-03-01,10-K
MSDL,0001782524,2022-12-31,19.81,2024-05-09,10-Q
MSDL,0001782524,2022-12-31,19.81,2024-08-08,10-Q
MSDL,0001782524,2022-12-31,19.81,2024-11-07,10-Q
MSDL,0001782524,2022-12-31,19.81,2025-02-27,10-K
MSDL,0001782524,2022-12-31,19.81,2026-02-26,10-K
MSDL,0001782524,2023-03-31,19.93,2023-05-10,10-Q
MSDL,0001782524,2023-03-31,19.93,2024-05-09,10-Q
MSDL,0001782524,2023-06-30,20.15,2023-08-09,10-Q
MSDL,0001782524,2023-06-30,20.15,2024-08-08,10-Q
MSDL,0001782524,2023-09-30,20.57,2023-11-02,10-Q
MSDL,0001782524,2023-09-30,20.57,2024-11-07,10-Q
MSDL,0001782524,2023-12-31,20.67,2024-03-01,10-K
MSDL,0001782524,2023-12-31,20.67,2024-05-09,10-Q
MSDL,0001782524,2023-12-31,20.67,2024-08-08,10-Q
MSDL,0001782524,2023-12-31,20.67,2024-11-07,10-Q
MSDL,0001782524,2023-12-31,20.67,2025-02-27,10-K
MSDL,0001782524,2023-12-31,20.67,2025-05-08,10-Q
MSDL,0001782524,2023-12-31,20.67,2025-08-07,10-Q
MSDL,0001782524,2023-12-31,20.67,2025-11-06,10-Q
MSDL,0001782524,2023-12-31,20.67,2026-02-26,10-K
MSDL,0001782524,2024-03-31,20.67,2024-05-09,10-Q
MSDL,0001782524,2024-03-31,20.67,2025-05-08,10-Q
MSDL,0001782524,2024-06-30,20.83,2024-08-08,10-Q
MSDL,0001782524,2024-06-30,20.83,2025-08-07,10-Q
MSDL,0001782524,2024-09-30,20.83,2024-11-07,10-Q
MSDL,0001782524,2024-09-30,20.83,2025-11-06,10-Q
MSDL,0001782524,2024-12-31,20.81,2025-02-27,10-K
MSDL,0001782524,2024-12-31,20.81,2025-05-08,10-Q
MSDL,0001782524,2024-12-31,20.81,2025-08-07,10-Q
MSDL,0001782524,2024-12-31,20.81,2025-11-06,10-Q
MSDL,0001782524,2024-12-31,20.81,2026-02-26,10-K
MSDL,0001782524,2024-12-31,20.81,2026-05-07,10-Q
MSDL,0001782524,2024-12-31,20.81,2026-08-06,10-Q
MSDL,0001782524,2025-03-31,20.65,2025-05-08,10-Q
MSDL,0001782524,2025-03-31,20.65,2026-05-07,10-Q
MSDL,0001782524,2025-06-30,20.59,2025-08-07,10-Q
MSDL,0001782524,2025-06-30,20.59,2026-08-06,10-Q
MSDL,0001782524,2025-09-30,20.41,2025-11-06,10-Q
MSDL,0001782524,2025-12-31,20.26,2026-02-26,10-K
MSDL,0001782524,2025-12-31,20.26,2026-05-07,10-Q
MSDL,0001782524,2025-12-31,20.26,2026-08-06,10-Q
MSDL,0001782524,2026-03-31,19.81,2026-05-07,10-Q
MSDL,0001782524,2026-06-30,19.5,2026-08-06,10-Q
MSIF,0001535778,2014-12-31,16.8,2025-03-20,10-K
MSIF,0001535778,2015-12-31,15.76,2025-03-20,10-K
MSIF,0001535778,2015-12-31,15.76,2026-02-27,10-K
MSIF,0001535778,2016-12-31,16.29,2025-03-20,10-K
MSIF,0001535778,2016-12-31,16.29,2026-02-27,10-K
MSIF,0001535778,2017-12-31,16.29,2025-03-20,10-K
MSIF,0001535778,2017-12-31,16.29,2026-02-27,10-K
MSIF,0001535778,2018-12-31,7.96,2024-03-08,10-K
MSIF,0001535778,2018-12-31,15.92,2025-03-20,10-K
MSIF,0001535778,2018-12-31,15.92,2026-02-27,10-K
MSIF,0001535778,2019-12-31,7.77,2024-03-08,10-K
MSIF,0001535778,2019-12-31,15.54,2025-03-20,10-K
MSIF,0001535778,2019-12-31,15.54,2026-02-27,10-K
MSIF,0001535778,2020-12-31,7.28,2024-03-08,10-K
MSIF,0001535778,2020-12-31,14.56,2025-03-20,10-K
MSIF,0001535778,2020-12-31,14.56,2026-02-27,10-K
MSIF,0001535778,2021-12-31,7.68,2023-05-12,10-Q
MSIF,0001535778,2021-12-31,7.68,2023-08-11,10-Q
MSIF,0001535778,2021-12-31,7.68,2023-11-13,10-Q
MSIF,0001535778,2021-12-31,7.68,2024-03-08,10-K
MSIF,0001535778,2021-12-31,15.36,2025-03-20,10-K
MSIF,0001535778,2021-12-31,15.36,2026-02-27,10-K
MSIF,0001535778,2022-03-31,7.72,2023-05-12,10-Q
MSIF,0001535778,2022-06-30,7.58,2023-08-11,10-Q
MSIF,0001535778,2022-09-30,7.62,2023-11-13,10-Q
MSIF,0001535778,2022-12-31,7.61,2023-05-12,10-Q
MSIF,0001535778,2022-12-31,7.61,2023-08-11,10-Q
MSIF,0001535778,2022-12-31,7.61,2023-11-13,10-Q
MSIF,0001535778,2022-12-31,7.61,2024-03-08,10-K
MSIF,0001535778,2022-12-31,7.61,2024-05-15,10-Q
MSIF,0001535778,2022-12-31,7.61,2024-08-14,10-Q
MSIF,0001535778,2022-12-31,7.61,2024-11-14,10-Q
MSIF,0001535778,2022-12-31,7.61,2024-11-15,10-Q/A
MSIF,0001535778,2022-12-31,15.22,2025-03-20,10-K
MSIF,0001535778,2022-12-31,15.22,2026-02-27,10-K
MSIF,0001535778,2023-03-31,7.59,2023-05-12,10-Q
MSIF,0001535778,2023-03-31,7.59,2024-05-15,10-Q
MSIF,0001535778,2023-06-30,7.67,2023-08-11,10-Q
MSIF,0001535778,2023-06-30,7.67,2024-08-14,10-Q
MSIF,0001535778,2023-09-30,7.67,2023-11-13,10-Q
MSIF,0001535778,2023-09-30,7.67,2024-11-14,10-Q
MSIF,0001535778,2023-09-30,7.67,2024-11-15,10-Q/A
MSIF,0001535778,2023-12-31,7.77,2024-03-08,10-K
MSIF,0001535778,2023-12-31,7.77,2024-05-15,10-Q
MSIF,0001535778,2023-12-31,7.77,2024-08-14,10-Q
MSIF,0001535778,2023-12-31,7.77,2024-11-14,10-Q
MSIF,0001535778,2023-12-31,7.77,2024-11-15,10-Q/A
MSIF,0001535778,2023-12-31,15.54,2025-03-20,10-K
MSIF,0001535778,2023-12-31,15.54,2025-05-13,10-Q
MSIF,0001535778,2023-12-31,15.54,2025-08-14,10-Q
MSIF,0001535778,2023-12-31,15.54,2025-11-14,10-Q
MSIF,0001535778,2023-12-31,15.54,2026-02-27,10-K
MSIF,0001535778,2024-03-31,7.72,2024-05-15,10-Q
MSIF,0001535778,2024-03-31,15.44,2025-05-13,10-Q
MSIF,0001535778,2024-06-30,7.78,2024-08-14,10-Q
MSIF,0001535778,2024-06-30,15.56,2025-08-14,10-Q
MSIF,0001535778,2024-09-30,7.69,2024-11-14,10-Q
MSIF,0001535778,2024-09-30,7.69,2024-11-15,10-Q/A
MSIF,0001535778,2024-09-30,15.38,2025-11-14,10-Q
MSIF,0001535778,2024-12-31,15.53,2025-03-20,10-K
MSIF,0001535778,2024-12-31,15.53,2025-05-13,10-Q
MSIF,0001535778,2024-12-31,15.53,2025-08-14,10-Q
MSIF,0001535778,2024-12-31,15.53,2025-11-14,10-Q
MSIF,0001535778,2024-12-31,15.53,2026-02-27,10-K
MSIF,0001535778,2024-12-31,15.53,2026-05-08,10-Q
MSIF,0001535778,2024-12-31,15.53,2026-08-07,10-Q
MSIF,0001535778,2025-03-31,15.35,2025-05-13,10-Q
MSIF,0001535778,2025-03-31,15.35,2026-05-08,10-Q
MSIF,0001535778,2025-06-30,15.33,2025-08-14,10-Q
MSIF,0001535778,2025-06-30,15.33,2026-08-07,10-Q
MSIF,0001535778,2025-09-30,15.54,2025-11-14,10-Q
MSIF,0001535778,2025-12-31,15.85,2026-02-27,10-K
MSIF,0001535778,2025-12-31,15.85,2026-05-08,10-Q
MSIF,0001535778,2025-12-31,15.85,2026-08-07,10-Q
MSIF,0001535778,2026-03-31,15.87,2026-05-08,10-Q
MSIF,0001535778,2026-06-30,16.51,2026-08-07,10-Q
NCDL,0001737924,2018-12-31,19.48,2024-02-27,10-K
NCDL,0001737924,2018-12-31,19.48,2026-02-26,10-K
NCDL,0001737924,2019-12-31,20,2024-02-27,10-K
NCDL,0001737924,2019-12-31,20,2025-02-27,10-K
NCDL,0001737924,2019-12-31,20,2026-02-26,10-K
NCDL,0001737924,2020-12-31,18.74,2024-02-27,10-K
NCDL,0001737924,2020-12-31,18.74,2025-02-27,10-K
NCDL,0001737924,2020-12-31,18.74,2026-02-26,10-K
NCDL,0001737924,2021-12-31,19.39,2023-05-05,10-Q
NCDL,0001737924,2021-12-31,19.39,2023-08-04,10-Q
NCDL,0001737924,2021-12-31,19.39,2023-10-30,10-Q
NCDL,0001737924,2021-12-31,19.39,2024-02-27,10-K
NCDL,0001737924,2021-12-31,19.39,2025-02-27,10-K
NCDL,0001737924,2021-12-31,19.39,2026-02-26,10-K
NCDL,0001737924,2022-03-31,19.31,2023-05-05,10-Q
NCDL,0001737924,2022-06-30,18.76,2023-08-04,10-Q
NCDL,0001737924,2022-09-30,18.54,2023-10-30,10-Q
NCDL,0001737924,2022-12-31,18.32,2023-05-05,10-Q
NCDL,0001737924,2022-12-31,18.32,2023-08-04,10-Q
NCDL,0001737924,2022-12-31,18.32,2023-10-30,10-Q
NCDL,0001737924,2022-12-31,18.32,2024-02-27,10-K
NCDL,0001737924,2022-12-31,18.32,2024-05-09,10-Q
NCDL,0001737924,2022-12-31,18.32,2024-08-07,10-Q
NCDL,0001737924,2022-12-31,18.32,2024-11-07,10-Q
NCDL,0001737924,2022-12-31,18.32,2025-02-27,10-K
NCDL,0001737924,2022-12-31,18.32,2026-02-26,10-K
NCDL,0001737924,2023-03-31,18.01,2023-05-05,10-Q
NCDL,0001737924,2023-03-31,18.01,2024-05-09,10-Q
NCDL,0001737924,2023-06-30,17.93,2023-08-04,10-Q
NCDL,0001737924,2023-06-30,17.93,2024-08-07,10-Q
NCDL,0001737924,2023-09-30,17.96,2023-10-30,10-Q
NCDL,0001737924,2023-09-30,17.96,2024-11-07,10-Q
NCDL,0001737924,2023-12-31,18.13,2024-02-27,10-K
NCDL,0001737924,2023-12-31,18.13,2024-05-09,10-Q
NCDL,0001737924,2023-12-31,18.13,2024-08-07,10-Q
NCDL,0001737924,2023-12-31,18.13,2024-11-07,10-Q
NCDL,0001737924,2023-12-31,18.13,2025-02-27,10-K
NCDL,0001737924,2023-12-31,18.13,2025-05-08,10-Q
NCDL,0001737924,2023-12-31,18.13,2025-08-06,10-Q
NCDL,0001737924,2023-12-31,18.13,2025-11-04,10-Q
NCDL,0001737924,2023-12-31,18.13,2026-02-26,10-K
NCDL,0001737924,2024-03-31,18.21,2024-05-09,10-Q
NCDL,0001737924,2024-03-31,18.21,2025-02-27,10-K
NCDL,0001737924,2024-03-31,18.21,2025-05-08,10-Q
NCDL,0001737924,2024-06-30,18.03,2024-08-07,10-Q
NCDL,0001737924,2024-06-30,18.03,2025-02-27,10-K
NCDL,0001737924,2024-06-30,18.03,2025-08-06,10-Q
NCDL,0001737924,2024-09-30,18.15,2024-11-07,10-Q
NCDL,0001737924,2024-09-30,18.15,2025-02-27,10-K
NCDL,0001737924,2024-09-30,18.15,2025-11-04,10-Q
NCDL,0001737924,2024-12-31,18.18,2025-02-27,10-K
NCDL,0001737924,2024-12-31,18.18,2025-05-08,10-Q
NCDL,0001737924,2024-12-31,18.18,2025-08-06,10-Q
NCDL,0001737924,2024-12-31,18.18,2025-11-04,10-Q
NCDL,0001737924,2024-12-31,18.18,2026-02-26,10-K
NCDL,0001737924,2024-12-31,18.18,2026-05-07,10-Q
NCDL,0001737924,2024-12-31,18.18,2026-08-06,10-Q
NCDL,0001737924,2025-03-31,17.96,2025-05-08,10-Q
NCDL,0001737924,2025-03-31,17.96,2026-05-07,10-Q
NCDL,0001737924,2025-06-30,17.92,2025-08-06,10-Q
NCDL,0001737924,2025-06-30,17.92,2026-08-06,10-Q
NCDL,0001737924,2025-09-30,17.85,2025-11-04,10-Q
NCDL,0001737924,2025-12-31,17.72,2026-02-26,10-K
NCDL,0001737924,2025-12-31,17.72,2026-05-07,10-Q
NCDL,0001737924,2025-12-31,17.72,2026-08-06,10-Q
NCDL,0001737924,2026-03-31,17.5,2026-05-07,10-Q
NCDL,0001737924,2026-06-30,17.19,2026-08-06,10-Q
NMFC,0001496099,2017-12-31,13.63,2023-02-27,10-K
NMFC,0001496099,2018-12-31,13.22,2023-02-27,10-K
NMFC,0001496099,2018-12-31,13.22,2024-02-26,10-K
NMFC,0001496099,2019-12-31,13.26,2023-02-27,10-K
NMFC,0001496099,2019-12-31,13.26,2024-02-26,10-K
NMFC,0001496099,2019-12-31,13.26,2025-02-26,10-K
NMFC,0001496099,2020-12-31,12.62,2022-11-08,10-Q
NMFC,0001496099,2020-12-31,12.62,2023-02-27,10-K
NMFC,0001496099,2020-12-31,12.62,2024-02-26,10-K
NMFC,0001496099,2020-12-31,12.62,2025-02-26,10-K
NMFC,0001496099,2020-12-31,12.62,2026-02-24,10-K
NMFC,0001496099,2021-09-30,13.26,2022-11-08,10-Q
NMFC,0001496099,2021-12-31,13.49,2022-11-08,10-Q
NMFC,0001496099,2021-12-31,13.49,2023-02-27,10-K
NMFC,0001496099,2021-12-31,13.49,2023-05-08,10-Q
NMFC,0001496099,2021-12-31,13.49,2023-08-02,10-Q
NMFC,0001496099,2021-12-31,13.49,2023-11-02,10-Q
NMFC,0001496099,2021-12-31,13.49,2024-02-26,10-K
NMFC,0001496099,2021-12-31,13.49,2025-02-26,10-K
NMFC,0001496099,2021-12-31,13.49,2026-02-24,10-K
NMFC,0001496099,2022-03-31,13.56,2023-05-08,10-Q
NMFC,0001496099,2022-03-31,13.56,2024-02-26,10-K
NMFC,0001496099,2022-06-30,13.42,2023-08-02,10-Q
NMFC,0001496099,2022-06-30,13.42,2024-02-26,10-K
NMFC,0001496099,2022-09-30,13.2,2022-11-08,10-Q
NMFC,0001496099,2022-09-30,13.2,2023-11-02,10-Q
NMFC,0001496099,2022-09-30,13.2,2024-02-26,10-K
NMFC,0001496099,2022-12-31,13.02,2023-02-27,10-K
NMFC,0001496099,2022-12-31,13.02,2023-05-08,10-Q
NMFC,0001496099,2022-12-31,13.02,2023-08-02,10-Q
NMFC,0001496099,2022-12-31,13.02,2023-11-02,10-Q
NMFC,0001496099,2022-12-31,13.02,2024-02-26,10-K
NMFC,0001496099,2022-12-31,13.02,2024-05-01,10-Q
NMFC,0001496099,2022-12-31,13.02,2024-07-31,10-Q
NMFC,0001496099,2022-12-31,13.02,2024-10-30,10-Q
NMFC,0001496099,2022-12-31,13.02,2025-02-26,10-K
NMFC,0001496099,2022-12-31,13.02,2026-02-24,10-K
NMFC,0001496099,2023-03-31,13.14,2023-05-08,10-Q
NMFC,0001496099,2023-03-31,13.14,2024-02-26,10-K
NMFC,0001496099,2023-03-31,13.14,2024-05-01,10-Q
NMFC,0001496099,2023-03-31,13.14,2025-02-26,10-K
NMFC,0001496099,2023-06-30,13.14,2023-08-02,10-Q
NMFC,0001496099,2023-06-30,13.14,2024-02-26,10-K
NMFC,0001496099,2023-06-30,13.14,2024-07-31,10-Q
NMFC,0001496099,2023-06-30,13.14,2025-02-26,10-K
NMFC,0001496099,2023-09-30,13.06,2023-11-02,10-Q
NMFC,0001496099,2023-09-30,13.06,2024-02-26,10-K
NMFC,0001496099,2023-09-30,13.06,2024-10-30,10-Q
NMFC,0001496099,2023-09-30,13.06,2025-02-26,10-K
NMFC,0001496099,2023-12-31,12.87,2024-02-26,10-K
NMFC,0001496099,2023-12-31,12.87,2024-05-01,10-Q
NMFC,0001496099,2023-12-31,12.87,2024-07-31,10-Q
NMFC,0001496099,2023-12-31,12.87,2024-10-30,10-Q
NMFC,0001496099,2023-12-31,12.87,2025-02-26,10-K
NMFC,0001496099,2023-12-31,12.87,2025-05-05,10-Q
NMFC,0001496099,2023-12-31,12.87,2025-08-04,10-Q
NMFC,0001496099,2023-12-31,12.87,2025-11-03,10-Q
NMFC,0001496099,2023-12-31,12.87,2026-02-24,10-K
NMFC,0001496099,2024-03-31,12.77,2024-05-01,10-Q
NMFC,0001496099,2024-03-31,12.77,2025-02-26,10-K
NMFC,0001496099,2024-03-31,12.77,2025-05-05,10-Q
NMFC,0001496099,2024-03-31,12.77,2026-02-24,10-K
NMFC,0001496099,2024-06-30,12.74,2024-07-31,10-Q
NMFC,0001496099,2024-06-30,12.74,2025-02-26,10-K
NMFC,0001496099,2024-06-30,12.74,2025-08-04,10-Q
NMFC,0001496099,2024-06-30,12.74,2026-02-24,10-K
NMFC,0001496099,2024-09-30,12.62,2024-10-30,10-Q
NMFC,0001496099,2024-09-30,12.62,2025-02-26,10-K
NMFC,0001496099,2024-09-30,12.62,2025-11-03,10-Q
NMFC,0001496099,2024-09-30,12.62,2026-02-24,10-K
NMFC,0001496099,2024-12-31,12.55,2025-02-26,10-K
NMFC,0001496099,2024-12-31,12.55,2025-05-05,10-Q
NMFC,0001496099,2024-12-31,12.55,2025-08-04,10-Q
NMFC,0001496099,2024-12-31,12.55,2025-11-03,10-Q
NMFC,0001496099,2024-12-31,12.55,2026-02-24,10-K
NMFC,0001496099,2024-12-31,12.55,2026-05-04,10-Q
NMFC,0001496099,2024-12-31,12.55,2026-08-03,10-Q
NMFC,0001496099,2025-03-31,12.45,2025-05-05,10-Q
NMFC,0001496099,2025-03-31,12.45,2026-02-24,10-K
NMFC,0001496099,2025-03-31,12.45,2026-05-04,10-Q
NMFC,0001496099,2025-06-30,12.21,2025-08-04,10-Q
NMFC,0001496099,2025-06-30,12.21,2026-02-24,10-K
NMFC,0001496099,2025-06-30,12.21,2026-08-03,10-Q
NMFC,0001496099,2025-09-30,12.06,2025-11-03,10-Q
NMFC,0001496099,2025-09-30,12.06,2026-02-24,10-K
NMFC,0001496099,2025-12-31,11.52,2026-02-24,10-K
NMFC,0001496099,2025-12-31,11.52,2026-05-04,10-Q
NMFC,0001496099,2025-12-31,11.52,2026-08-03,10-Q
NMFC,0001496099,2026-03-31,10.92,2026-05-04,10-Q
NMFC,0001496099,2026-06-30,10.89,2026-08-03,10-Q
NSLR,0001509470,2017-12-31,9.64,2023-03-16,10-K
NSLR,0001509470,2017-12-31,9.64,2023-08-15,10-K/A
NSLR,0001509470,2018-12-31,9.89,2023-03-16,10-K
NSLR,0001509470,2018-12-31,9.89,2023-08-15,10-K/A
NSLR,0001509470,2018-12-31,9.89,2024-03-14,10-K
NSLR,0001509470,2019-12-31,11.38,2023-03-16,10-K
NSLR,0001509470,2019-12-31,11.38,2023-08-15,10-K/A
NSLR,0001509470,2019-12-31,11.38,2024-03-14,10-K
NSLR,0001509470,2019-12-31,11.38,2025-03-12,10-K
NSLR,0001509470,2020-12-31,15.14,2022-11-09,10-Q
NSLR,0001509470,2020-12-31,15.14,2023-03-16,10-K
NSLR,0001509470,2020-12-31,15.14,2023-08-15,10-K/A
NSLR,0001509470,2020-12-31,15.14,2024-03-14,10-K
NSLR,0001509470,2020-12-31,15.14,2025-03-12,10-K
NSLR,0001509470,2020-12-31,15.14,2026-03-11,10-K
NSLR,0001509470,2021-06-30,16.56,2022-11-09,10-Q
NSLR,0001509470,2021-09-30,14.79,2022-11-09,10-Q
NSLR,0001509470,2021-12-31,11.72,2022-11-09,10-Q
NSLR,0001509470,2021-12-31,11.72,2023-03-16,10-K
NSLR,0001509470,2021-12-31,11.72,2023-05-10,10-Q
NSLR,0001509470,2021-12-31,11.72,2023-08-09,10-Q
NSLR,0001509470,2021-12-31,11.72,2023-08-15,10-K/A
NSLR,0001509470,2021-12-31,11.72,2023-11-09,10-Q
NSLR,0001509470,2021-12-31,11.72,2024-03-14,10-K
NSLR,0001509470,2021-12-31,11.72,2025-03-12,10-K
NSLR,0001509470,2021-12-31,11.72,2026-03-11,10-K
NSLR,0001509470,2022-03-31,12.22,2023-05-10,10-Q
NSLR,0001509470,2022-03-31,12.22,2023-08-09,10-Q
NSLR,0001509470,2022-06-30,9.24,2022-11-09,10-Q
NSLR,0001509470,2022-06-30,9.24,2023-08-09,10-Q
NSLR,0001509470,2022-06-30,9.24,2023-11-09,10-Q
NSLR,0001509470,2022-09-30,7.83,2022-11-09,10-Q
NSLR,0001509470,2022-09-30,7.83,2023-11-09,10-Q
NSLR,0001509470,2022-12-31,7.39,2023-03-16,10-K
NSLR,0001509470,2022-12-31,7.39,2023-05-10,10-Q
NSLR,0001509470,2022-12-31,7.39,2023-08-09,10-Q
NSLR,0001509470,2022-12-31,7.39,2023-08-15,10-K/A
NSLR,0001509470,2022-12-31,7.39,2023-11-09,10-Q
NSLR,0001509470,2022-12-31,7.39,2024-03-14,10-K
NSLR,0001509470,2022-12-31,7.39,2024-05-09,10-Q
NSLR,0001509470,2022-12-31,7.39,2024-08-08,10-Q
NSLR,0001509470,2022-12-31,7.39,2024-11-08,10-Q
NSLR,0001509470,2022-12-31,7.39,2025-03-12,10-K
NSLR,0001509470,2022-12-31,7.39,2026-03-11,10-K
NSLR,0001509470,2023-03-31,7.59,2023-05-10,10-Q
NSLR,0001509470,2023-03-31,7.59,2023-08-09,10-Q
NSLR,0001509470,2023-03-31,7.59,2024-05-09,10-Q
NSLR,0001509470,2023-03-31,7.59,2024-08-08,10-Q
NSLR,0001509470,2023-06-30,7.35,2023-08-09,10-Q
NSLR,0001509470,2023-06-30,7.35,2023-11-09,10-Q
NSLR,0001509470,2023-06-30,7.35,2024-08-08,10-Q
NSLR,0001509470,2023-06-30,7.35,2024-11-08,10-Q
NSLR,0001509470,2023-09-30,8.41,2023-11-09,10-Q
NSLR,0001509470,2023-09-30,8.41,2024-11-08,10-Q
NSLR,0001509470,2023-12-31,7.99,2024-03-14,10-K
NSLR,0001509470,2023-12-31,7.99,2024-05-09,10-Q
NSLR,0001509470,2023-12-31,7.99,2024-08-08,10-Q
NSLR,0001509470,2023-12-31,7.99,2024-11-08,10-Q
NSLR,0001509470,2023-12-31,7.99,2025-03-12,10-K
NSLR,0001509470,2023-12-31,7.99,2025-05-07,10-Q
NSLR,0001509470,2023-12-31,7.99,2025-08-07,10-Q
NSLR,0001509470,2023-12-31,7.99,2025-11-06,10-Q
NSLR,0001509470,2023-12-31,7.99,2026-03-11,10-K
NSLR,0001509470,2024-03-31,7.17,2024-05-09,10-Q
NSLR,0001509470,2024-03-31,7.17,2024-08-08,10-Q
NSLR,0001509470,2024-03-31,7.17,2025-05-07,10-Q
NSLR,0001509470,2024-03-31,7.17,2025-08-07,10-Q
NSLR,0001509470,2024-06-30,6.94,2024-08-08,10-Q
NSLR,0001509470,2024-06-30,6.94,2024-11-08,10-Q
NSLR,0001509470,2024-06-30,6.94,2025-08-07,10-Q
NSLR,0001509470,2024-06-30,6.94,2025-11-06,10-Q
NSLR,0001509470,2024-09-30,6.73,2024-11-08,10-Q
NSLR,0001509470,2024-09-30,6.73,2025-11-06,10-Q
NSLR,0001509470,2024-12-31,6.68,2025-03-12,10-K
NSLR,0001509470,2024-12-31,6.68,2025-05-07,10-Q
NSLR,0001509470,2024-12-31,6.68,2025-08-07,10-Q
NSLR,0001509470,2024-12-31,6.68,2025-11-06,10-Q
NSLR,0001509470,2024-12-31,6.68,2026-03-11,10-K
NSLR,0001509470,2024-12-31,6.68,2026-05-06,10-Q
NSLR,0001509470,2024-12-31,6.68,2026-08-06,10-Q
NSLR,0001509470,2025-03-31,6.66,2025-05-07,10-Q
NSLR,0001509470,2025-03-31,6.66,2025-08-07,10-Q
NSLR,0001509470,2025-03-31,6.66,2026-05-06,10-Q
NSLR,0001509470,2025-03-31,6.66,2026-08-06,10-Q
NSLR,0001509470,2025-06-30,9.18,2025-08-07,10-Q
NSLR,0001509470,2025-06-30,9.18,2025-11-06,10-Q
NSLR,0001509470,2025-06-30,9.18,2026-08-06,10-Q
NSLR,0001509470,2025-09-30,9.23,2025-11-06,10-Q
NSLR,0001509470,2025-12-31,8.09,2026-03-11,10-K
NSLR,0001509470,2025-12-31,8.09,2026-05-06,10-Q
NSLR,0001509470,2025-12-31,8.09,2026-08-06,10-Q
NSLR,0001509470,2026-03-31,14.24,2026-05-06,10-Q
NSLR,0001509470,2026-03-31,14.24,2026-08-06,10-Q
NSLR,0001509470,2026-06-30,13.44,2026-08-06,10-Q
OBDC,0001655888,2015-12-31,0,2023-02-22,10-K
OBDC,0001655888,2015-12-31,0,2024-02-21,10-K
OBDC,0001655888,2015-12-31,0,2025-02-19,10-K
OBDC,0001655888,2015-12-31,0,2026-02-18,10-K
OBDC,0001655888,2016-12-31,14.85,2023-02-22,10-K
OBDC,0001655888,2016-12-31,14.85,2024-02-21,10-K
OBDC,0001655888,2016-12-31,14.85,2025-02-19,10-K
OBDC,0001655888,2016-12-31,14.85,2026-02-18,10-K
OBDC,0001655888,2017-12-31,15.03,2023-02-22,10-K
OBDC,0001655888,2017-12-31,15.03,2024-02-21,10-K
OBDC,0001655888,2017-12-31,15.03,2025-02-19,10-K
OBDC,0001655888,2017-12-31,15.03,2026-02-18,10-K
OBDC,0001655888,2018-12-31,15.1,2023-02-22,10-K
OBDC,0001655888,2018-12-31,15.1,2024-02-21,10-K
OBDC,0001655888,2018-12-31,15.1,2025-02-19,10-K
OBDC,0001655888,2018-12-31,15.1,2026-02-18,10-K
OBDC,0001655888,2019-12-31,15.24,2023-02-22,10-K
OBDC,0001655888,2019-12-31,15.24,2024-02-21,10-K
OBDC,0001655888,2019-12-31,15.24,2025-02-19,10-K
OBDC,0001655888,2019-12-31,15.24,2026-02-18,10-K
OBDC,0001655888,2020-12-31,14.74,2022-11-02,10-Q
OBDC,0001655888,2020-12-31,14.74,2023-02-22,10-K
OBDC,0001655888,2020-12-31,14.74,2024-02-21,10-K
OBDC,0001655888,2020-12-31,14.74,2025-02-19,10-K
OBDC,0001655888,2020-12-31,14.74,2026-02-18,10-K
OBDC,0001655888,2021-09-30,14.95,2022-11-02,10-Q
OBDC,0001655888,2021-12-31,15.08,2022-11-02,10-Q
OBDC,0001655888,2021-12-31,15.08,2023-02-22,10-K
OBDC,0001655888,2021-12-31,15.08,2023-05-10,10-Q
OBDC,0001655888,2021-12-31,15.08,2023-08-09,10-Q
OBDC,0001655888,2021-12-31,15.08,2023-11-09,10-Q/A
OBDC,0001655888,2021-12-31,15.08,2024-02-21,10-K
OBDC,0001655888,2021-12-31,15.08,2025-02-19,10-K
OBDC,0001655888,2021-12-31,15.08,2026-02-18,10-K
OBDC,0001655888,2022-03-31,14.88,2023-05-10,10-Q
OBDC,0001655888,2022-06-30,14.48,2023-08-09,10-Q
OBDC,0001655888,2022-09-30,14.85,2022-11-02,10-Q
OBDC,0001655888,2022-09-30,14.85,2023-11-09,10-Q/A
OBDC,0001655888,2022-12-31,14.99,2023-02-22,10-K
OBDC,0001655888,2022-12-31,14.99,2023-05-10,10-Q
OBDC,0001655888,2022-12-31,14.99,2023-08-09,10-Q
OBDC,0001655888,2022-12-31,14.99,2023-11-09,10-Q/A
OBDC,0001655888,2022-12-31,14.99,2024-02-21,10-K
OBDC,0001655888,2022-12-31,14.99,2024-05-08,10-Q
OBDC,0001655888,2022-12-31,14.99,2024-08-07,10-Q
OBDC,0001655888,2022-12-31,14.99,2024-11-06,10-Q
OBDC,0001655888,2022-12-31,14.99,2025-02-19,10-K
OBDC,0001655888,2022-12-31,14.99,2026-02-18,10-K
OBDC,0001655888,2023-03-31,15.15,2023-05-10,10-Q
OBDC,0001655888,2023-03-31,15.15,2024-05-08,10-Q
OBDC,0001655888,2023-06-30,15.26,2023-08-09,10-Q
OBDC,0001655888,2023-06-30,15.26,2024-08-07,10-Q
OBDC,0001655888,2023-09-30,15.4,2023-11-09,10-Q/A
OBDC,0001655888,2023-09-30,15.4,2024-11-06,10-Q
OBDC,0001655888,2023-12-31,15.45,2024-02-21,10-K
OBDC,0001655888,2023-12-31,15.45,2024-05-08,10-Q
OBDC,0001655888,2023-12-31,15.45,2024-08-07,10-Q
OBDC,0001655888,2023-12-31,15.45,2024-11-06,10-Q
OBDC,0001655888,2023-12-31,15.45,2025-02-19,10-K
OBDC,0001655888,2023-12-31,15.45,2025-05-07,10-Q
OBDC,0001655888,2023-12-31,15.45,2025-08-06,10-Q
OBDC,0001655888,2023-12-31,15.45,2025-11-05,10-Q
OBDC,0001655888,2023-12-31,15.45,2026-02-18,10-K
OBDC,0001655888,2024-03-31,15.47,2024-05-08,10-Q
OBDC,0001655888,2024-03-31,15.47,2025-05-07,10-Q
OBDC,0001655888,2024-06-30,15.36,2024-08-07,10-Q
OBDC,0001655888,2024-06-30,15.36,2025-08-06,10-Q
OBDC,0001655888,2024-09-30,15.28,2024-11-06,10-Q
OBDC,0001655888,2024-09-30,15.28,2025-11-05,10-Q
OBDC,0001655888,2024-12-31,15.26,2025-02-19,10-K
OBDC,0001655888,2024-12-31,15.26,2025-05-07,10-Q
OBDC,0001655888,2024-12-31,15.26,2025-08-06,10-Q
OBDC,0001655888,2024-12-31,15.26,2025-11-05,10-Q
OBDC,0001655888,2024-12-31,15.26,2026-02-18,10-K
OBDC,0001655888,2024-12-31,15.26,2026-05-06,10-Q
OBDC,0001655888,2024-12-31,15.26,2026-08-05,10-Q
OBDC,0001655888,2025-03-31,15.14,2025-05-07,10-Q
OBDC,0001655888,2025-03-31,15.14,2026-05-06,10-Q
OBDC,0001655888,2025-06-30,15.03,2025-08-06,10-Q
OBDC,0001655888,2025-06-30,15.03,2026-08-05,10-Q
OBDC,0001655888,2025-09-30,14.89,2025-11-05,10-Q
OBDC,0001655888,2025-12-31,14.81,2026-02-18,10-K
OBDC,0001655888,2025-12-31,14.81,2026-05-06,10-Q
OBDC,0001655888,2025-12-31,14.81,2026-08-05,10-Q
OBDC,0001655888,2026-03-31,14.41,2026-05-06,10-Q
OBDC,0001655888,2026-06-30,14.26,2026-08-05,10-Q
OCSL,0001414932,2018-09-30,18.26,2023-11-14,10-K
OCSL,0001414932,2019-09-30,19.81,2023-11-14,10-K
OCSL,0001414932,2019-09-30,19.81,2024-11-19,10-K
OCSL,0001414932,2020-09-30,19.47,2023-11-14,10-K
OCSL,0001414932,2020-09-30,19.47,2024-11-19,10-K
OCSL,0001414932,2020-09-30,19.47,2025-11-18,10-K
OCSL,0001414932,2021-09-30,21.84,2023-02-07,10-Q
OCSL,0001414932,2021-09-30,21.84,2023-05-04,10-Q
OCSL,0001414932,2021-09-30,21.84,2023-08-03,10-Q
OCSL,0001414932,2021-09-30,21.84,2023-11-14,10-K
OCSL,0001414932,2021-09-30,21.84,2024-11-19,10-K
OCSL,0001414932,2021-09-30,21.84,2025-11-18,10-K
OCSL,0001414932,2021-12-31,22.03,2023-02-07,10-Q
OCSL,0001414932,2021-12-31,22.03,2023-05-04,10-Q
OCSL,0001414932,2021-12-31,22.03,2023-11-14,10-K
OCSL,0001414932,2022-03-31,21.79,2023-05-04,10-Q
OCSL,0001414932,2022-03-31,21.79,2023-08-03,10-Q
OCSL,0001414932,2022-03-31,21.79,2023-11-14,10-K
OCSL,0001414932,2022-06-30,20.67,2023-08-03,10-Q
OCSL,0001414932,2022-06-30,20.67,2023-11-14,10-K
OCSL,0001414932,2022-09-30,20.38,2023-02-07,10-Q
OCSL,0001414932,2022-09-30,20.38,2023-05-04,10-Q
OCSL,0001414932,2022-09-30,20.38,2023-08-03,10-Q
OCSL,0001414932,2022-09-30,20.38,2023-11-14,10-K
OCSL,0001414932,2022-09-30,20.38,2024-02-01,10-Q
OCSL,0001414932,2022-09-30,20.38,2024-04-30,10-Q
OCSL,0001414932,2022-09-30,20.38,2024-08-01,10-Q
OCSL,0001414932,2022-09-30,20.38,2024-11-19,10-K
OCSL,0001414932,2022-09-30,20.38,2025-11-18,10-K
OCSL,0001414932,2022-12-31,19.63,2023-02-07,10-Q
OCSL,0001414932,2022-12-31,19.63,2023-05-04,10-Q
OCSL,0001414932,2022-12-31,19.63,2023-11-14,10-K
OCSL,0001414932,2022-12-31,19.63,2024-02-01,10-Q
OCSL,0001414932,2022-12-31,19.63,2024-04-30,10-Q
OCSL,0001414932,2022-12-31,19.63,2024-11-19,10-K
OCSL,0001414932,2023-03-31,19.66,2023-05-04,10-Q
OCSL,0001414932,2023-03-31,19.66,2023-08-03,10-Q
OCSL,0001414932,2023-03-31,19.66,2023-11-14,10-K
OCSL,0001414932,2023-03-31,19.66,2024-04-30,10-Q
OCSL,0001414932,2023-03-31,19.66,2024-08-01,10-Q
OCSL,0001414932,2023-03-31,19.66,2024-11-19,10-K
OCSL,0001414932,2023-06-30,19.58,2023-08-03,10-Q
OCSL,0001414932,2023-06-30,19.58,2023-11-14,10-K
OCSL,0001414932,2023-06-30,19.58,2024-08-01,10-Q
OCSL,0001414932,2023-06-30,19.58,2024-11-19,10-K
OCSL,0001414932,2023-09-30,19.63,2023-11-14,10-K
OCSL,0001414932,2023-09-30,19.63,2024-02-01,10-Q
OCSL,0001414932,2023-09-30,19.63,2024-04-30,10-Q
OCSL,0001414932,2023-09-30,19.63,2024-08-01,10-Q
OCSL,0001414932,2023-09-30,19.63,2024-11-19,10-K
OCSL,0001414932,2023-09-30,19.63,2025-02-04,10-Q
OCSL,0001414932,2023-09-30,19.63,2025-05-01,10-Q
OCSL,0001414932,2023-09-30,19.63,2025-08-05,10-Q
OCSL,0001414932,2023-09-30,19.63,2025-11-18,10-K
OCSL,0001414932,2023-12-31,19.14,2024-02-01,10-Q
OCSL,0001414932,2023-12-31,19.14,2024-04-30,10-Q
OCSL,0001414932,2023-12-31,19.14,2024-11-19,10-K
OCSL,0001414932,2023-12-31,19.14,2025-02-04,10-Q
OCSL,0001414932,2023-12-31,19.14,2025-05-01,10-Q
OCSL,0001414932,2023-12-31,19.14,2025-11-18,10-K
OCSL,0001414932,2024-03-31,18.72,2024-04-30,10-Q
OCSL,0001414932,2024-03-31,18.72,2024-08-01,10-Q
OCSL,0001414932,2024-03-31,18.72,2024-11-19,10-K
OCSL,0001414932,2024-03-31,18.72,2025-05-01,10-Q
OCSL,0001414932,2024-03-31,18.72,2025-08-05,10-Q
OCSL,0001414932,2024-03-31,18.72,2025-11-18,10-K
OCSL,0001414932,2024-06-30,18.19,2024-08-01,10-Q
OCSL,0001414932,2024-06-30,18.19,2024-11-19,10-K
OCSL,0001414932,2024-06-30,18.19,2025-08-05,10-Q
OCSL,0001414932,2024-06-30,18.19,2025-11-18,10-K
OCSL,0001414932,2024-09-30,18.09,2024-11-19,10-K
OCSL,0001414932,2024-09-30,18.09,2025-02-04,10-Q
OCSL,0001414932,2024-09-30,18.09,2025-05-01,10-Q
OCSL,0001414932,2024-09-30,18.09,2025-08-05,10-Q
OCSL,0001414932,2024-09-30,18.09,2025-11-18,10-K
OCSL,0001414932,2024-09-30,18.09,2026-02-04,10-Q
OCSL,0001414932,2024-09-30,18.09,2026-05-05,10-Q
OCSL,0001414932,2024-09-30,18.09,2026-08-05,10-Q
OCSL,0001414932,2024-12-31,17.63,2025-02-04,10-Q
OCSL,0001414932,2024-12-31,17.63,2025-05-01,10-Q
OCSL,0001414932,2024-12-31,17.63,2025-11-18,10-K
OCSL,0001414932,2024-12-31,17.63,2026-02-04,10-Q
OCSL,0001414932,2024-12-31,17.63,2026-05-05,10-Q
OCSL,0001414932,2025-03-31,16.75,2025-05-01,10-Q
OCSL,0001414932,2025-03-31,16.75,2025-08-05,10-Q
OCSL,0001414932,2025-03-31,16.75,2025-11-18,10-K
OCSL,0001414932,2025-03-31,16.75,2026-05-05,10-Q
OCSL,0001414932,2025-03-31,16.75,2026-08-05,10-Q
OCSL,0001414932,2025-06-30,16.76,2025-08-05,10-Q
OCSL,0001414932,2025-06-30,16.76,2025-11-18,10-K
OCSL,0001414932,2025-06-30,16.76,2026-08-05,10-Q
OCSL,0001414932,2025-09-30,16.64,2025-11-18,10-K
OCSL,0001414932,2025-09-30,16.64,2026-02-04,10-Q
OCSL,0001414932,2025-09-30,16.64,2026-05-05,10-Q
OCSL,0001414932,2025-09-30,16.64,2026-08-05,10-Q
OCSL,0001414932,2025-12-31,16.3,2026-02-04,10-Q
OCSL,0001414932,2025-12-31,16.3,2026-05-05,10-Q
OCSL,0001414932,2026-03-31,15.69,2026-05-05,10-Q
OCSL,0001414932,2026-03-31,15.69,2026-08-05,10-Q
OCSL,0001414932,2026-06-30,15.7,2026-08-05,10-Q
OFS,0001487918,2017-12-31,14.12,2023-03-03,10-K
OFS,0001487918,2018-12-31,13.1,2023-03-03,10-K
OFS,0001487918,2018-12-31,13.1,2024-03-05,10-K
OFS,0001487918,2019-12-31,12.46,2023-03-03,10-K
OFS,0001487918,2019-12-31,12.46,2024-03-05,10-K
OFS,0001487918,2019-12-31,12.46,2025-03-04,10-K
OFS,0001487918,2020-12-31,11.85,2022-11-04,10-Q
OFS,0001487918,2020-12-31,11.85,2023-03-03,10-K
OFS,0001487918,2020-12-31,11.85,2024-03-05,10-K
OFS,0001487918,2020-12-31,11.85,2025-03-04,10-K
OFS,0001487918,2020-12-31,11.85,2026-03-03,10-K
OFS,0001487918,2021-06-30,13.42,2022-11-04,10-Q
OFS,0001487918,2021-09-30,14.16,2022-11-04,10-Q
OFS,0001487918,2021-12-31,15.18,2022-11-04,10-Q
OFS,0001487918,2021-12-31,15.18,2023-03-03,10-K
OFS,0001487918,2021-12-31,15.18,2023-05-05,10-Q
OFS,0001487918,2021-12-31,15.18,2023-08-04,10-Q
OFS,0001487918,2021-12-31,15.18,2023-11-03,10-Q
OFS,0001487918,2021-12-31,15.18,2024-03-05,10-K
OFS,0001487918,2021-12-31,15.18,2025-03-04,10-K
OFS,0001487918,2021-12-31,15.18,2026-03-03,10-K
OFS,0001487918,2022-03-31,15.52,2023-05-05,10-Q
OFS,0001487918,2022-03-31,15.52,2023-08-04,10-Q
OFS,0001487918,2022-06-30,14.57,2022-11-04,10-Q
OFS,0001487918,2022-06-30,14.57,2023-08-04,10-Q
OFS,0001487918,2022-06-30,14.57,2023-11-03,10-Q
OFS,0001487918,2022-09-30,13.58,2022-11-04,10-Q
OFS,0001487918,2022-09-30,13.58,2023-11-03,10-Q
OFS,0001487918,2022-12-31,13.47,2023-03-03,10-K
OFS,0001487918,2022-12-31,13.47,2023-05-05,10-Q
OFS,0001487918,2022-12-31,13.47,2023-08-04,10-Q
OFS,0001487918,2022-12-31,13.47,2023-11-03,10-Q
OFS,0001487918,2022-12-31,13.47,2024-03-05,10-K
OFS,0001487918,2022-12-31,13.47,2024-05-03,10-Q
OFS,0001487918,2022-12-31,13.47,2024-08-02,10-Q
OFS,0001487918,2022-12-31,13.47,2024-11-01,10-Q
OFS,0001487918,2022-12-31,13.47,2025-03-04,10-K
OFS,0001487918,2022-12-31,13.47,2026-03-03,10-K
OFS,0001487918,2023-03-31,13.42,2023-05-05,10-Q
OFS,0001487918,2023-03-31,13.42,2023-08-04,10-Q
OFS,0001487918,2023-03-31,13.42,2024-05-03,10-Q
OFS,0001487918,2023-03-31,13.42,2024-08-02,10-Q
OFS,0001487918,2023-06-30,12.94,2023-08-04,10-Q
OFS,0001487918,2023-06-30,12.94,2023-11-03,10-Q
OFS,0001487918,2023-06-30,12.94,2024-08-02,10-Q
OFS,0001487918,2023-06-30,12.94,2024-11-01,10-Q
OFS,0001487918,2023-09-30,12.74,2023-11-03,10-Q
OFS,0001487918,2023-09-30,12.74,2024-11-01,10-Q
OFS,0001487918,2023-12-31,12.09,2024-03-05,10-K
OFS,0001487918,2023-12-31,12.09,2024-05-03,10-Q
OFS,0001487918,2023-12-31,12.09,2024-08-02,10-Q
OFS,0001487918,2023-12-31,12.09,2024-11-01,10-Q
OFS,0001487918,2023-12-31,12.09,2025-03-04,10-K
OFS,0001487918,2023-12-31,12.09,2025-05-02,10-Q
OFS,0001487918,2023-12-31,12.09,2025-08-01,10-Q
OFS,0001487918,2023-12-31,12.09,2025-10-31,10-Q
OFS,0001487918,2023-12-31,12.09,2026-03-03,10-K
OFS,0001487918,2024-03-31,11.08,2024-05-03,10-Q
OFS,0001487918,2024-03-31,11.08,2024-08-02,10-Q
OFS,0001487918,2024-03-31,11.08,2025-05-02,10-Q
OFS,0001487918,2024-03-31,11.08,2025-08-01,10-Q
OFS,0001487918,2024-03-31,11.08,2026-05-01,10-Q
OFS,0001487918,2024-03-31,11.08,2026-07-31,10-Q
OFS,0001487918,2024-06-30,11.51,2024-08-02,10-Q
OFS,0001487918,2024-06-30,11.51,2024-11-01,10-Q
OFS,0001487918,2024-06-30,11.51,2025-08-01,10-Q
OFS,0001487918,2024-06-30,11.51,2025-10-31,10-Q
OFS,0001487918,2024-06-30,11.51,2026-05-01,10-Q
OFS,0001487918,2024-06-30,11.51,2026-07-31,10-Q
OFS,0001487918,2024-09-30,11.29,2024-11-01,10-Q
OFS,0001487918,2024-09-30,11.29,2025-10-31,10-Q
OFS,0001487918,2024-09-30,11.29,2026-05-01,10-Q
OFS,0001487918,2024-09-30,11.29,2026-07-31,10-Q
OFS,0001487918,2024-12-31,12.85,2025-03-04,10-K
OFS,0001487918,2024-12-31,12.85,2025-05-02,10-Q
OFS,0001487918,2024-12-31,12.85,2025-08-01,10-Q
OFS,0001487918,2024-12-31,12.85,2025-10-31,10-Q
OFS,0001487918,2024-12-31,12.85,2026-03-03,10-K
OFS,0001487918,2024-12-31,12.85,2026-05-01,10-Q
OFS,0001487918,2024-12-31,12.85,2026-07-31,10-Q
OFS,0001487918,2025-03-31,11.97,2025-05-02,10-Q
OFS,0001487918,2025-03-31,11.97,2025-08-01,10-Q
OFS,0001487918,2025-03-31,11.97,2026-05-01,10-Q
OFS,0001487918,2025-03-31,11.97,2026-07-31,10-Q
OFS,0001487918,2025-06-30,10.91,2025-08-01,10-Q
OFS,0001487918,2025-06-30,10.91,2025-10-31,10-Q
OFS,0001487918,2025-06-30,10.91,2026-05-01,10-Q
OFS,0001487918,2025-06-30,10.91,2026-07-31,10-Q
OFS,0001487918,2025-09-30,10.17,2025-10-31,10-Q
OFS,0001487918,2025-09-30,10.17,2026-05-01,10-Q
OFS,0001487918,2025-09-30,10.17,2026-07-31,10-Q
OFS,0001487918,2025-12-31,9.19,2026-03-03,10-K
OFS,0001487918,2025-12-31,9.19,2026-05-01,10-Q
OFS,0001487918,2025-12-31,9.19,2026-07-31,10-Q
OFS,0001487918,2026-03-31,8.16,2026-05-01,10-Q
OFS,0001487918,2026-03-31,8.16,2026-07-31,10-Q
OFS,0001487918,2026-06-30,8.41,2026-07-31,10-Q
OXSQ,0001259429,2012-12-31,9.9,2023-03-23,10-K
OXSQ,0001259429,2013-12-31,9.85,2023-03-23,10-K
OXSQ,0001259429,2014-12-31,8.64,2023-03-23,10-K
OXSQ,0001259429,2014-12-31,8.64,2025-03-05,10-K
OXSQ,0001259429,2015-12-31,6.4,2023-03-23,10-K
OXSQ,0001259429,2015-12-31,6.4,2025-03-05,10-K
OXSQ,0001259429,2015-12-31,6.4,2026-03-06,10-K
OXSQ,0001259429,2016-12-31,7.5,2023-03-23,10-K
OXSQ,0001259429,2016-12-31,7.5,2025-03-05,10-K
OXSQ,0001259429,2016-12-31,7.5,2026-03-06,10-K
OXSQ,0001259429,2017-12-31,7.55,2023-03-23,10-K
OXSQ,0001259429,2017-12-31,7.55,2025-03-05,10-K
OXSQ,0001259429,2017-12-31,7.55,2026-03-06,10-K
OXSQ,0001259429,2018-12-31,6.6,2023-03-23,10-K
OXSQ,0001259429,2018-12-31,6.6,2025-03-05,10-K
OXSQ,0001259429,2018-12-31,6.6,2026-03-06,10-K
OXSQ,0001259429,2019-12-31,5.12,2023-03-23,10-K
OXSQ,0001259429,2019-12-31,5.12,2025-03-05,10-K
OXSQ,0001259429,2019-12-31,5.12,2026-03-06,10-K
OXSQ,0001259429,2020-12-31,4.55,2022-11-08,10-Q
OXSQ,0001259429,2020-12-31,4.55,2023-03-23,10-K
OXSQ,0001259429,2020-12-31,4.55,2025-03-05,10-K
OXSQ,0001259429,2020-12-31,4.55,2026-03-06,10-K
OXSQ,0001259429,2021-06-30,4.91,2022-11-08,10-Q
OXSQ,0001259429,2021-09-30,5.03,2022-11-08,10-Q
OXSQ,0001259429,2021-12-31,4.92,2022-11-08,10-Q
OXSQ,0001259429,2021-12-31,4.92,2023-03-23,10-K
OXSQ,0001259429,2021-12-31,4.92,2023-05-02,10-Q
OXSQ,0001259429,2021-12-31,4.92,2023-08-10,10-Q
OXSQ,0001259429,2021-12-31,4.92,2023-11-08,10-Q
OXSQ,0001259429,2021-12-31,4.92,2025-03-05,10-K
OXSQ,0001259429,2021-12-31,4.92,2026-03-06,10-K
OXSQ,0001259429,2022-03-31,4.65,2023-05-02,10-Q
OXSQ,0001259429,2022-03-31,4.65,2023-08-10,10-Q
OXSQ,0001259429,2022-06-30,3.67,2022-11-08,10-Q
OXSQ,0001259429,2022-06-30,3.67,2023-08-10,10-Q
OXSQ,0001259429,2022-06-30,3.67,2023-11-08,10-Q
OXSQ,0001259429,2022-09-30,3.34,2022-11-08,10-Q
OXSQ,0001259429,2022-09-30,3.34,2023-11-08,10-Q
OXSQ,0001259429,2022-12-31,2.78,2023-03-23,10-K
OXSQ,0001259429,2022-12-31,2.78,2023-05-02,10-Q
OXSQ,0001259429,2022-12-31,2.78,2023-08-10,10-Q
OXSQ,0001259429,2022-12-31,2.78,2023-11-08,10-Q
OXSQ,0001259429,2022-12-31,2.78,2024-03-19,10-K
OXSQ,0001259429,2022-12-31,2.78,2025-03-05,10-K
OXSQ,0001259429,2022-12-31,2.78,2026-03-06,10-K
OXSQ,0001259429,2023-03-31,2.8,2023-05-02,10-Q
OXSQ,0001259429,2023-03-31,2.8,2023-08-10,10-Q
OXSQ,0001259429,2023-06-30,2.88,2023-08-10,10-Q
OXSQ,0001259429,2023-06-30,2.88,2023-11-08,10-Q
OXSQ,0001259429,2023-09-30,2.78,2023-11-08,10-Q
OXSQ,0001259429,2023-12-31,2.55,2024-03-19,10-K
OXSQ,0001259429,2023-12-31,2.55,2024-05-03,10-Q
OXSQ,0001259429,2023-12-31,2.55,2024-08-14,10-Q
OXSQ,0001259429,2023-12-31,2.55,2024-11-07,10-Q
OXSQ,0001259429,2023-12-31,2.55,2025-03-05,10-K
OXSQ,0001259429,2023-12-31,2.55,2025-05-01,10-Q
OXSQ,0001259429,2023-12-31,2.55,2025-08-12,10-Q
OXSQ,0001259429,2023-12-31,2.55,2025-11-07,10-Q
OXSQ,0001259429,2023-12-31,2.55,2026-03-06,10-K
OXSQ,0001259429,2024-03-31,2.42,2024-05-03,10-Q
OXSQ,0001259429,2024-03-31,2.42,2025-05-01,10-Q
OXSQ,0001259429,2024-03-31,2.42,2025-08-12,10-Q
OXSQ,0001259429,2024-06-30,2.43,2024-08-14,10-Q
OXSQ,0001259429,2024-06-30,2.43,2025-08-12,10-Q
OXSQ,0001259429,2024-06-30,2.43,2025-11-07,10-Q
OXSQ,0001259429,2024-09-30,2.35,2024-11-07,10-Q
OXSQ,0001259429,2024-09-30,2.35,2025-11-07,10-Q
OXSQ,0001259429,2024-12-31,2.3,2025-03-05,10-K
OXSQ,0001259429,2024-12-31,2.3,2025-05-01,10-Q
OXSQ,0001259429,2024-12-31,2.3,2025-08-12,10-Q
OXSQ,0001259429,2024-12-31,2.3,2025-11-07,10-Q
OXSQ,0001259429,2024-12-31,2.3,2026-03-06,10-K
OXSQ,0001259429,2024-12-31,2.3,2026-05-01,10-Q
OXSQ,0001259429,2024-12-31,2.3,2026-08-10,10-Q
OXSQ,0001259429,2025-03-31,2.09,2025-05-01,10-Q
OXSQ,0001259429,2025-03-31,2.09,2025-08-12,10-Q
OXSQ,0001259429,2025-03-31,2.09,2026-05-01,10-Q
OXSQ,0001259429,2025-03-31,2.09,2026-08-10,10-Q
OXSQ,0001259429,2025-06-30,2.06,2025-08-12,10-Q
OXSQ,0001259429,2025-06-30,2.06,2025-11-07,10-Q
OXSQ,0001259429,2025-06-30,2.06,2026-08-10,10-Q
OXSQ,0001259429,2025-09-30,1.95,2025-11-07,10-Q
OXSQ,0001259429,2025-12-31,1.69,2026-03-06,10-K
OXSQ,0001259429,2025-12-31,1.69,2026-05-01,10-Q
OXSQ,0001259429,2025-12-31,1.69,2026-08-10,10-Q
OXSQ,0001259429,2026-03-31,1.32,2026-05-01,10-Q
OXSQ,0001259429,2026-03-31,1.32,2026-08-10,10-Q
OXSQ,0001259429,2026-06-30,1.29,2026-08-10,10-Q
PFLT,0001504619,2017-09-30,14.1,2022-11-17,10-K
PFLT,0001504619,2018-09-30,13.82,2022-11-17,10-K
PFLT,0001504619,2018-09-30,13.82,2023-12-08,10-K
PFLT,0001504619,2019-09-30,12.97,2022-11-17,10-K
PFLT,0001504619,2019-09-30,12.97,2023-12-08,10-K
PFLT,0001504619,2019-09-30,12.97,2024-11-26,10-K
PFLT,0001504619,2020-09-30,12.31,2022-11-17,10-K
PFLT,0001504619,2020-09-30,12.31,2023-12-08,10-K
PFLT,0001504619,2020-09-30,12.31,2024-11-26,10-K
PFLT,0001504619,2020-09-30,12.31,2025-11-24,10-K
PFLT,0001504619,2021-09-30,12.62,2022-11-17,10-K
PFLT,0001504619,2021-09-30,12.62,2023-02-08,10-Q
PFLT,0001504619,2021-09-30,12.62,2023-05-11,10-Q
PFLT,0001504619,2021-09-30,12.62,2023-08-09,10-Q
PFLT,0001504619,2021-09-30,12.62,2023-12-08,10-K
PFLT,0001504619,2021-09-30,12.62,2024-11-26,10-K
PFLT,0001504619,2021-09-30,12.62,2025-11-24,10-K
PFLT,0001504619,2021-12-31,12.7,2023-02-08,10-Q
PFLT,0001504619,2021-12-31,12.7,2023-12-08,10-K
PFLT,0001504619,2022-03-31,12.62,2023-05-11,10-Q
PFLT,0001504619,2022-03-31,12.62,2023-12-08,10-K
PFLT,0001504619,2022-06-30,12.21,2023-08-09,10-Q
PFLT,0001504619,2022-06-30,12.21,2023-12-08,10-K
PFLT,0001504619,2022-09-30,11.62,2022-11-17,10-K
PFLT,0001504619,2022-09-30,11.62,2023-02-08,10-Q
PFLT,0001504619,2022-09-30,11.62,2023-05-11,10-Q
PFLT,0001504619,2022-09-30,11.62,2023-08-09,10-Q
PFLT,0001504619,2022-09-30,11.62,2023-12-08,10-K
PFLT,0001504619,2022-09-30,11.62,2024-02-07,10-Q
PFLT,0001504619,2022-09-30,11.62,2024-05-08,10-Q
PFLT,0001504619,2022-09-30,11.62,2024-08-07,10-Q
PFLT,0001504619,2022-09-30,11.62,2024-11-26,10-K
PFLT,0001504619,2022-09-30,11.62,2025-11-24,10-K
PFLT,0001504619,2022-12-31,11.3,2023-02-08,10-Q
PFLT,0001504619,2022-12-31,11.3,2023-12-08,10-K
PFLT,0001504619,2022-12-31,11.3,2024-02-07,10-Q
PFLT,0001504619,2022-12-31,11.3,2024-11-26,10-K
PFLT,0001504619,2023-03-31,11.15,2023-05-11,10-Q
PFLT,0001504619,2023-03-31,11.15,2023-12-08,10-K
PFLT,0001504619,2023-03-31,11.15,2024-05-08,10-Q
PFLT,0001504619,2023-03-31,11.15,2024-11-26,10-K
PFLT,0001504619,2023-06-30,10.96,2023-08-09,10-Q
PFLT,0001504619,2023-06-30,10.96,2023-12-08,10-K
PFLT,0001504619,2023-06-30,10.96,2024-08-07,10-Q
PFLT,0001504619,2023-06-30,10.96,2024-11-26,10-K
PFLT,0001504619,2023-09-30,11.13,2023-12-08,10-K
PFLT,0001504619,2023-09-30,11.13,2024-02-07,10-Q
PFLT,0001504619,2023-09-30,11.13,2024-05-08,10-Q
PFLT,0001504619,2023-09-30,11.13,2024-08-07,10-Q
PFLT,0001504619,2023-09-30,11.13,2024-11-26,10-K
PFLT,0001504619,2023-09-30,11.13,2025-02-10,10-Q
PFLT,0001504619,2023-09-30,11.13,2025-05-12,10-Q
PFLT,0001504619,2023-09-30,11.13,2025-08-11,10-Q
PFLT,0001504619,2023-09-30,11.13,2025-11-24,10-K
PFLT,0001504619,2023-12-31,11.2,2024-02-07,10-Q
PFLT,0001504619,2023-12-31,11.2,2024-11-26,10-K
PFLT,0001504619,2023-12-31,11.2,2025-02-10,10-Q
PFLT,0001504619,2023-12-31,11.2,2025-11-24,10-K
PFLT,0001504619,2024-03-31,11.4,2024-05-08,10-Q
PFLT,0001504619,2024-03-31,11.4,2024-11-26,10-K
PFLT,0001504619,2024-03-31,11.4,2025-05-12,10-Q
PFLT,0001504619,2024-03-31,11.4,2025-11-24,10-K
PFLT,0001504619,2024-06-30,11.34,2024-08-07,10-Q
PFLT,0001504619,2024-06-30,11.34,2024-11-26,10-K
PFLT,0001504619,2024-06-30,11.34,2025-08-11,10-Q
PFLT,0001504619,2024-06-30,11.34,2025-11-24,10-K
PFLT,0001504619,2024-09-30,11.31,2024-11-26,10-K
PFLT,0001504619,2024-09-30,11.31,2025-02-10,10-Q
PFLT,0001504619,2024-09-30,11.31,2025-05-12,10-Q
PFLT,0001504619,2024-09-30,11.31,2025-08-11,10-Q
PFLT,0001504619,2024-09-30,11.31,2025-11-24,10-K
PFLT,0001504619,2024-09-30,11.31,2026-02-09,10-Q
PFLT,0001504619,2024-09-30,11.31,2026-05-07,10-Q
PFLT,0001504619,2024-09-30,11.31,2026-08-10,10-Q
PFLT,0001504619,2024-12-31,11.34,2025-02-10,10-Q
PFLT,0001504619,2024-12-31,11.34,2025-11-24,10-K
PFLT,0001504619,2024-12-31,11.34,2026-02-09,10-Q
PFLT,0001504619,2025-03-31,11.07,2025-05-12,10-Q
PFLT,0001504619,2025-03-31,11.07,2025-11-24,10-K
PFLT,0001504619,2025-03-31,11.07,2026-05-07,10-Q
PFLT,0001504619,2025-06-30,10.96,2025-08-11,10-Q
PFLT,0001504619,2025-06-30,10.96,2025-11-24,10-K
PFLT,0001504619,2025-06-30,10.96,2026-08-10,10-Q
PFLT,0001504619,2025-09-30,10.83,2025-11-24,10-K
PFLT,0001504619,2025-09-30,10.83,2026-02-09,10-Q
PFLT,0001504619,2025-09-30,10.83,2026-05-07,10-Q
PFLT,0001504619,2025-09-30,10.83,2026-08-10,10-Q
PFLT,0001504619,2025-12-31,10.49,2026-02-09,10-Q
PFLT,0001504619,2026-03-31,10.47,2026-05-07,10-Q
PFLT,0001504619,2026-06-30,10.26,2026-08-10,10-Q
PFX,0001490349,2018-09-30,117.92,2023-12-22,10-K
PFX,0001490349,2019-09-30,79.46,2023-12-22,10-K
PFX,0001490349,2019-09-30,79.46,2024-12-17,10-K
PFX,0001490349,2020-09-30,55.3,2023-12-22,10-K
PFX,0001490349,2020-09-30,55.3,2024-12-17,10-K
PFX,0001490349,2020-09-30,55.3,2025-12-12,10-K
PFX,0001490349,2021-09-30,57.08,2023-02-09,10-Q
PFX,0001490349,2021-09-30,57.08,2023-05-11,10-Q
PFX,0001490349,2021-09-30,57.08,2023-08-11,10-Q
PFX,0001490349,2021-09-30,57.08,2023-12-22,10-K
PFX,0001490349,2021-09-30,57.08,2024-12-17,10-K
PFX,0001490349,2021-09-30,57.08,2025-12-12,10-K
PFX,0001490349,2021-12-31,58.99,2023-02-09,10-Q
PFX,0001490349,2022-03-31,62.94,2023-05-11,10-Q
PFX,0001490349,2022-06-30,58.74,2023-08-11,10-Q
PFX,0001490349,2022-09-30,57.49,2023-02-09,10-Q
PFX,0001490349,2022-09-30,57.49,2023-05-11,10-Q
PFX,0001490349,2022-09-30,57.49,2023-08-11,10-Q
PFX,0001490349,2022-09-30,57.49,2023-12-22,10-K
PFX,0001490349,2022-09-30,57.49,2024-02-08,10-Q
PFX,0001490349,2022-09-30,57.49,2024-05-10,10-Q
PFX,0001490349,2022-09-30,57.49,2024-08-06,10-Q
PFX,0001490349,2022-09-30,57.49,2024-12-17,10-K
PFX,0001490349,2022-09-30,57.49,2025-12-12,10-K
PFX,0001490349,2022-12-31,59.38,2023-02-09,10-Q
PFX,0001490349,2022-12-31,59.38,2024-02-08,10-Q
PFX,0001490349,2023-03-31,62.7,2023-05-11,10-Q
PFX,0001490349,2023-03-31,62.7,2024-05-10,10-Q
PFX,0001490349,2023-06-30,67.01,2023-08-11,10-Q
PFX,0001490349,2023-06-30,67.01,2024-08-06,10-Q
PFX,0001490349,2023-09-30,70.75,2023-12-22,10-K
PFX,0001490349,2023-09-30,70.75,2024-02-08,10-Q
PFX,0001490349,2023-09-30,70.75,2024-05-10,10-Q
PFX,0001490349,2023-09-30,70.75,2024-08-06,10-Q
PFX,0001490349,2023-09-30,70.75,2024-12-17,10-K
PFX,0001490349,2023-09-30,70.75,2025-02-07,10-Q
PFX,0001490349,2023-09-30,70.75,2025-05-07,10-Q
PFX,0001490349,2023-09-30,70.75,2025-08-06,10-Q
PFX,0001490349,2023-09-30,70.75,2025-12-12,10-K
PFX,0001490349,2023-12-31,73.14,2024-02-08,10-Q
PFX,0001490349,2023-12-31,73.14,2025-02-07,10-Q
PFX,0001490349,2024-03-31,76.35,2024-05-10,10-Q
PFX,0001490349,2024-03-31,76.35,2025-05-07,10-Q
PFX,0001490349,2024-06-30,76.35,2024-08-06,10-Q
PFX,0001490349,2024-06-30,76.35,2025-08-06,10-Q
PFX,0001490349,2024-09-30,79.37,2024-12-17,10-K
PFX,0001490349,2024-09-30,79.37,2025-02-07,10-Q
PFX,0001490349,2024-09-30,79.37,2025-05-07,10-Q
PFX,0001490349,2024-09-30,79.37,2025-08-06,10-Q
PFX,0001490349,2024-09-30,79.37,2025-12-12,10-K
PFX,0001490349,2024-09-30,79.37,2026-02-09,10-Q
PFX,0001490349,2024-09-30,79.37,2026-05-05,10-Q
PFX,0001490349,2024-09-30,79.37,2026-08-05,10-Q
PFX,0001490349,2024-12-31,80.59,2025-02-07,10-Q
PFX,0001490349,2024-12-31,80.59,2026-02-09,10-Q
PFX,0001490349,2025-03-31,78.72,2025-05-07,10-Q
PFX,0001490349,2025-03-31,78.72,2026-05-05,10-Q
PFX,0001490349,2025-06-30,78.2,2025-08-06,10-Q
PFX,0001490349,2025-06-30,78.2,2026-08-05,10-Q
PFX,0001490349,2025-09-30,80.24,2025-12-12,10-K
PFX,0001490349,2025-09-30,80.24,2026-02-09,10-Q
PFX,0001490349,2025-09-30,80.24,2026-05-05,10-Q
PFX,0001490349,2025-09-30,80.24,2026-08-05,10-Q
PFX,0001490349,2025-12-31,77.92,2026-02-09,10-Q
PFX,0001490349,2026-03-31,79.56,2026-05-05,10-Q
PFX,0001490349,2026-06-30,81.69,2026-08-05,10-Q
PNNT,0001383414,2017-09-30,9.1,2022-11-17,10-K
PNNT,0001383414,2018-09-30,9.11,2022-11-17,10-K
PNNT,0001383414,2018-09-30,9.11,2023-12-08,10-K
PNNT,0001383414,2019-09-30,8.68,2022-11-17,10-K
PNNT,0001383414,2019-09-30,8.68,2023-12-08,10-K
PNNT,0001383414,2019-09-30,8.68,2024-11-26,10-K
PNNT,0001383414,2020-09-30,7.84,2022-11-17,10-K
PNNT,0001383414,2020-09-30,7.84,2023-12-08,10-K
PNNT,0001383414,2020-09-30,7.84,2024-11-26,10-K
PNNT,0001383414,2020-09-30,7.84,2025-11-24,10-K
PNNT,0001383414,2020-09-30,7.84,2026-01-23,10-K/A
PNNT,0001383414,2021-09-30,9.85,2022-11-17,10-K
PNNT,0001383414,2021-09-30,9.85,2023-02-08,10-Q
PNNT,0001383414,2021-09-30,9.85,2023-05-11,10-Q
PNNT,0001383414,2021-09-30,9.85,2023-08-09,10-Q
PNNT,0001383414,2021-09-30,9.85,2023-12-08,10-K
PNNT,0001383414,2021-09-30,9.85,2024-11-26,10-K
PNNT,0001383414,2021-09-30,9.85,2025-11-24,10-K
PNNT,0001383414,2021-09-30,9.85,2026-01-23,10-K/A
PNNT,0001383414,2021-12-31,10.11,2023-02-08,10-Q
PNNT,0001383414,2021-12-31,10.11,2023-12-08,10-K
PNNT,0001383414,2022-03-31,10.05,2023-05-11,10-Q
PNNT,0001383414,2022-03-31,10.05,2023-12-08,10-K
PNNT,0001383414,2022-06-30,9.65,2023-08-09,10-Q
PNNT,0001383414,2022-06-30,9.65,2023-12-08,10-K
PNNT,0001383414,2022-09-30,8.98,2022-11-17,10-K
PNNT,0001383414,2022-09-30,8.98,2023-02-08,10-Q
PNNT,0001383414,2022-09-30,8.98,2023-05-11,10-Q
PNNT,0001383414,2022-09-30,8.98,2023-08-09,10-Q
PNNT,0001383414,2022-09-30,8.98,2023-12-08,10-K
PNNT,0001383414,2022-09-30,8.98,2024-02-07,10-Q
PNNT,0001383414,2022-09-30,8.98,2024-05-08,10-Q
PNNT,0001383414,2022-09-30,8.98,2024-08-07,10-Q
PNNT,0001383414,2022-09-30,8.98,2024-11-26,10-K
PNNT,0001383414,2022-09-30,8.98,2025-11-24,10-K
PNNT,0001383414,2022-09-30,8.98,2026-01-23,10-K/A
PNNT,0001383414,2022-12-31,7.71,2023-02-08,10-Q
PNNT,0001383414,2022-12-31,7.71,2023-12-08,10-K
PNNT,0001383414,2022-12-31,7.71,2024-02-07,10-Q
PNNT,0001383414,2022-12-31,7.71,2024-11-26,10-K
PNNT,0001383414,2023-03-31,7.6,2023-05-11,10-Q
PNNT,0001383414,2023-03-31,7.6,2023-12-08,10-K
PNNT,0001383414,2023-03-31,7.6,2024-05-08,10-Q
PNNT,0001383414,2023-03-31,7.6,2024-11-26,10-K
PNNT,0001383414,2023-06-30,7.72,2023-08-09,10-Q
PNNT,0001383414,2023-06-30,7.72,2023-12-08,10-K
PNNT,0001383414,2023-06-30,7.72,2024-08-07,10-Q
PNNT,0001383414,2023-06-30,7.72,2024-11-26,10-K
PNNT,0001383414,2023-09-30,7.7,2023-12-08,10-K
PNNT,0001383414,2023-09-30,7.7,2024-02-07,10-Q
PNNT,0001383414,2023-09-30,7.7,2024-05-08,10-Q
PNNT,0001383414,2023-09-30,7.7,2024-08-07,10-Q
PNNT,0001383414,2023-09-30,7.7,2024-11-26,10-K
PNNT,0001383414,2023-09-30,7.7,2025-02-10,10-Q
PNNT,0001383414,2023-09-30,7.7,2025-05-12,10-Q
PNNT,0001383414,2023-09-30,7.7,2025-08-11,10-Q
PNNT,0001383414,2023-09-30,7.7,2025-11-24,10-K
PNNT,0001383414,2023-09-30,7.7,2026-01-23,10-K/A
PNNT,0001383414,2023-12-31,7.65,2024-02-07,10-Q
PNNT,0001383414,2023-12-31,7.65,2024-11-26,10-K
PNNT,0001383414,2023-12-31,7.65,2025-02-10,10-Q
PNNT,0001383414,2023-12-31,7.65,2025-11-24,10-K
PNNT,0001383414,2024-03-31,7.69,2024-05-08,10-Q
PNNT,0001383414,2024-03-31,7.69,2024-11-26,10-K
PNNT,0001383414,2024-03-31,7.69,2025-05-12,10-Q
PNNT,0001383414,2024-03-31,7.69,2025-11-24,10-K
PNNT,0001383414,2024-06-30,7.52,2024-08-07,10-Q
PNNT,0001383414,2024-06-30,7.52,2024-11-26,10-K
PNNT,0001383414,2024-06-30,7.52,2025-08-11,10-Q
PNNT,0001383414,2024-06-30,7.36,2025-11-24,10-K
PNNT,0001383414,2024-09-30,7.56,2024-11-26,10-K
PNNT,0001383414,2024-09-30,7.56,2025-02-10,10-Q
PNNT,0001383414,2024-09-30,7.56,2025-05-12,10-Q
PNNT,0001383414,2024-09-30,7.56,2025-08-11,10-Q
PNNT,0001383414,2024-09-30,7.56,2025-11-24,10-K
PNNT,0001383414,2024-09-30,7.56,2026-01-23,10-K/A
PNNT,0001383414,2024-09-30,7.56,2026-02-09,10-Q
PNNT,0001383414,2024-09-30,7.56,2026-05-07,10-Q
PNNT,0001383414,2024-09-30,7.56,2026-08-10,10-Q
PNNT,0001383414,2024-12-31,7.57,2025-02-10,10-Q
PNNT,0001383414,2024-12-31,7.57,2025-11-24,10-K
PNNT,0001383414,2024-12-31,7.57,2026-02-09,10-Q
PNNT,0001383414,2025-03-31,7.48,2025-05-12,10-Q
PNNT,0001383414,2025-03-31,7.48,2025-11-24,10-K
PNNT,0001383414,2025-03-31,7.48,2026-05-07,10-Q
PNNT,0001383414,2025-06-30,7.36,2025-08-11,10-Q
PNNT,0001383414,2025-06-30,7.52,2025-11-24,10-K
PNNT,0001383414,2025-06-30,7.36,2026-08-10,10-Q
PNNT,0001383414,2025-09-30,7.11,2025-11-24,10-K
PNNT,0001383414,2025-09-30,7.11,2026-01-23,10-K/A
PNNT,0001383414,2025-09-30,7.11,2026-02-09,10-Q
PNNT,0001383414,2025-09-30,7.11,2026-05-07,10-Q
PNNT,0001383414,2025-09-30,7.11,2026-08-10,10-Q
PNNT,0001383414,2025-12-31,7,2026-02-09,10-Q
PNNT,0001383414,2026-03-31,6.73,2026-05-07,10-Q
PNNT,0001383414,2026-06-30,6.56,2026-08-10,10-Q
PSBD,0001794776,2020-01-22,20,2023-03-10,10-K
PSBD,0001794776,2020-01-22,20,2024-02-28,10-K
PSBD,0001794776,2020-01-22,20,2025-02-27,10-K
PSBD,0001794776,2020-12-31,20.15,2022-11-10,10-Q
PSBD,0001794776,2020-12-31,20.15,2023-03-10,10-K
PSBD,0001794776,2020-12-31,20.15,2024-02-28,10-K
PSBD,0001794776,2020-12-31,20.15,2025-02-27,10-K
PSBD,0001794776,2020-12-31,20.15,2026-02-26,10-K
PSBD,0001794776,2021-09-30,20.7,2022-11-10,10-Q
PSBD,0001794776,2021-12-31,20.06,2022-11-10,10-Q
PSBD,0001794776,2021-12-31,20.06,2023-03-10,10-K
PSBD,0001794776,2021-12-31,20.06,2023-08-10,10-Q
PSBD,0001794776,2021-12-31,20.06,2023-11-09,10-Q
PSBD,0001794776,2021-12-31,20.06,2024-02-28,10-K
PSBD,0001794776,2021-12-31,20.06,2025-02-27,10-K
PSBD,0001794776,2021-12-31,20.06,2026-02-26,10-K
PSBD,0001794776,2022-09-30,16,2022-11-10,10-Q
PSBD,0001794776,2022-09-30,16,2023-11-09,10-Q
PSBD,0001794776,2022-12-31,14.96,2023-03-10,10-K
PSBD,0001794776,2022-12-31,14.96,2023-05-11,10-Q
PSBD,0001794776,2022-12-31,14.96,2023-08-10,10-Q
PSBD,0001794776,2022-12-31,14.96,2023-11-09,10-Q
PSBD,0001794776,2022-12-31,14.96,2024-02-28,10-K
PSBD,0001794776,2022-12-31,14.96,2024-05-07,10-Q
PSBD,0001794776,2022-12-31,14.96,2024-08-08,10-Q
PSBD,0001794776,2022-12-31,14.96,2024-11-05,10-Q
PSBD,0001794776,2022-12-31,14.96,2025-02-27,10-K
PSBD,0001794776,2022-12-31,14.96,2026-02-26,10-K
PSBD,0001794776,2023-03-31,16.12,2023-05-11,10-Q
PSBD,0001794776,2023-03-31,16.12,2024-05-07,10-Q
PSBD,0001794776,2023-06-30,16.55,2023-08-10,10-Q
PSBD,0001794776,2023-06-30,16.55,2024-08-08,10-Q
PSBD,0001794776,2023-09-30,16.76,2023-11-09,10-Q
PSBD,0001794776,2023-09-30,16.76,2024-11-05,10-Q
PSBD,0001794776,2023-12-31,17.04,2024-02-28,10-K
PSBD,0001794776,2023-12-31,17.04,2024-05-07,10-Q
PSBD,0001794776,2023-12-31,17.04,2024-08-08,10-Q
PSBD,0001794776,2023-12-31,17.04,2024-11-05,10-Q
PSBD,0001794776,2023-12-31,17.04,2025-02-27,10-K
PSBD,0001794776,2023-12-31,17.04,2025-05-07,10-Q
PSBD,0001794776,2023-12-31,17.04,2025-08-06,10-Q
PSBD,0001794776,2023-12-31,17.04,2025-11-05,10-Q
PSBD,0001794776,2023-12-31,17.04,2026-02-26,10-K
PSBD,0001794776,2024-03-31,17.16,2024-05-07,10-Q
PSBD,0001794776,2024-03-31,17.16,2025-05-07,10-Q
PSBD,0001794776,2024-06-30,16.85,2024-08-08,10-Q
PSBD,0001794776,2024-06-30,16.85,2025-08-06,10-Q
PSBD,0001794776,2024-09-30,16.61,2024-11-05,10-Q
PSBD,0001794776,2024-09-30,16.61,2025-11-05,10-Q
PSBD,0001794776,2024-12-31,16.5,2025-02-27,10-K
PSBD,0001794776,2024-12-31,16.5,2025-05-07,10-Q
PSBD,0001794776,2024-12-31,16.5,2025-08-06,10-Q
PSBD,0001794776,2024-12-31,16.5,2025-11-05,10-Q
PSBD,0001794776,2024-12-31,16.5,2026-02-26,10-K
PSBD,0001794776,2024-12-31,16.5,2026-05-06,10-Q
PSBD,0001794776,2024-12-31,16.5,2026-08-05,10-Q
PSBD,0001794776,2025-03-31,15.85,2025-05-07,10-Q
PSBD,0001794776,2025-03-31,15.85,2026-05-06,10-Q
PSBD,0001794776,2025-06-30,15.68,2025-08-06,10-Q
PSBD,0001794776,2025-06-30,15.68,2026-08-05,10-Q
PSBD,0001794776,2025-09-30,15.39,2025-11-05,10-Q
PSBD,0001794776,2025-12-31,14.85,2026-02-26,10-K
PSBD,0001794776,2025-12-31,14.85,2026-05-06,10-Q
PSBD,0001794776,2025-12-31,14.85,2026-08-05,10-Q
PSBD,0001794776,2026-03-31,13.3,2026-05-06,10-Q
PSBD,0001794776,2026-06-30,13.21,2026-08-05,10-Q
PSEC,0001287032,2017-06-30,9.32,2022-11-09,10-Q
PSEC,0001287032,2017-06-30,9.32,2023-02-08,10-Q
PSEC,0001287032,2017-06-30,9.32,2023-05-09,10-Q
PSEC,0001287032,2018-06-30,9.35,2022-11-09,10-Q
PSEC,0001287032,2018-06-30,9.35,2023-02-08,10-Q
PSEC,0001287032,2018-06-30,9.35,2023-05-09,10-Q
PSEC,0001287032,2018-06-30,9.35,2023-09-08,10-K
PSEC,0001287032,2019-06-30,9.01,2022-11-09,10-Q
PSEC,0001287032,2019-06-30,9.01,2023-02-08,10-Q
PSEC,0001287032,2019-06-30,9.01,2023-05-09,10-Q
PSEC,0001287032,2019-06-30,9.01,2023-09-08,10-K
PSEC,0001287032,2019-06-30,9.01,2024-08-28,10-K
PSEC,0001287032,2020-06-30,8.18,2022-11-09,10-Q
PSEC,0001287032,2020-06-30,8.18,2023-02-08,10-Q
PSEC,0001287032,2020-06-30,8.18,2023-05-09,10-Q
PSEC,0001287032,2020-06-30,8.18,2023-09-08,10-K
PSEC,0001287032,2020-06-30,8.18,2024-08-28,10-K
PSEC,0001287032,2020-06-30,8.18,2025-08-26,10-K
PSEC,0001287032,2021-06-30,9.81,2022-11-09,10-Q
PSEC,0001287032,2021-06-30,9.81,2023-02-08,10-Q
PSEC,0001287032,2021-06-30,9.81,2023-05-09,10-Q
PSEC,0001287032,2021-06-30,9.81,2023-09-08,10-K
PSEC,0001287032,2021-06-30,9.81,2024-08-28,10-K
PSEC,0001287032,2021-06-30,9.81,2025-08-26,10-K
PSEC,0001287032,2021-06-30,9.81,2026-08-20,10-K
PSEC,0001287032,2021-09-30,10.12,2022-11-09,10-Q
PSEC,0001287032,2021-09-30,10.12,2023-02-08,10-Q
PSEC,0001287032,2021-09-30,10.12,2023-09-08,10-K
PSEC,0001287032,2021-09-30,10.12,2024-02-08,10-Q
PSEC,0001287032,2021-09-30,10.12,2024-05-08,10-Q
PSEC,0001287032,2021-12-31,10.6,2023-02-08,10-Q
PSEC,0001287032,2021-12-31,10.6,2023-05-09,10-Q
PSEC,0001287032,2021-12-31,10.6,2023-09-08,10-K
PSEC,0001287032,2021-12-31,10.6,2024-02-08,10-Q
PSEC,0001287032,2021-12-31,10.6,2024-05-08,10-Q
PSEC,0001287032,2022-03-31,10.81,2023-05-09,10-Q
PSEC,0001287032,2022-03-31,10.81,2023-09-08,10-K
PSEC,0001287032,2022-03-31,10.81,2024-02-08,10-Q
PSEC,0001287032,2022-03-31,10.81,2024-05-08,10-Q
PSEC,0001287032,2022-06-30,10.48,2022-11-09,10-Q
PSEC,0001287032,2022-06-30,10.48,2023-02-08,10-Q
PSEC,0001287032,2022-06-30,10.48,2023-05-09,10-Q
PSEC,0001287032,2022-06-30,10.48,2023-09-08,10-K
PSEC,0001287032,2022-06-30,10.48,2024-02-08,10-Q
PSEC,0001287032,2022-06-30,10.48,2024-05-08,10-Q
PSEC,0001287032,2022-06-30,10.48,2024-08-28,10-K
PSEC,0001287032,2022-06-30,10.48,2025-08-26,10-K
PSEC,0001287032,2022-06-30,10.48,2026-08-20,10-K
PSEC,0001287032,2022-09-30,10.01,2022-11-09,10-Q
PSEC,0001287032,2022-09-30,10.01,2023-02-08,10-Q
PSEC,0001287032,2022-09-30,10.01,2023-09-08,10-K
PSEC,0001287032,2022-09-30,10.01,2024-02-08,10-Q
PSEC,0001287032,2022-09-30,10.01,2024-05-08,10-Q
PSEC,0001287032,2022-09-30,10.01,2024-08-28,10-K
PSEC,0001287032,2022-09-30,10.01,2024-11-08,10-Q
PSEC,0001287032,2022-09-30,10.01,2025-02-10,10-Q
PSEC,0001287032,2022-09-30,10.01,2025-05-08,10-Q
PSEC,0001287032,2022-12-31,9.94,2023-02-08,10-Q
PSEC,0001287032,2022-12-31,9.94,2023-05-09,10-Q
PSEC,0001287032,2022-12-31,9.94,2023-09-08,10-K
PSEC,0001287032,2022-12-31,9.94,2024-02-08,10-Q
PSEC,0001287032,2022-12-31,9.94,2024-05-08,10-Q
PSEC,0001287032,2022-12-31,9.94,2024-08-28,10-K
PSEC,0001287032,2022-12-31,9.94,2024-11-08,10-Q
PSEC,0001287032,2022-12-31,9.94,2025-02-10,10-Q
PSEC,0001287032,2022-12-31,9.94,2025-05-08,10-Q
PSEC,0001287032,2023-03-31,9.48,2023-05-09,10-Q
PSEC,0001287032,2023-03-31,9.48,2023-09-08,10-K
PSEC,0001287032,2023-03-31,9.48,2024-02-08,10-Q
PSEC,0001287032,2023-03-31,9.48,2024-05-08,10-Q
PSEC,0001287032,2023-03-31,9.48,2024-08-28,10-K
PSEC,0001287032,2023-03-31,9.48,2024-11-08,10-Q
PSEC,0001287032,2023-03-31,9.48,2025-02-10,10-Q
PSEC,0001287032,2023-03-31,9.48,2025-05-08,10-Q
PSEC,0001287032,2023-06-30,9.24,2023-09-08,10-K
PSEC,0001287032,2023-06-30,9.24,2024-02-08,10-Q
PSEC,0001287032,2023-06-30,9.24,2024-05-08,10-Q
PSEC,0001287032,2023-06-30,9.24,2024-08-28,10-K
PSEC,0001287032,2023-06-30,9.24,2024-11-08,10-Q
PSEC,0001287032,2023-06-30,9.24,2025-02-10,10-Q
PSEC,0001287032,2023-06-30,9.24,2025-05-08,10-Q
PSEC,0001287032,2023-06-30,9.24,2025-08-26,10-K
PSEC,0001287032,2023-06-30,9.24,2026-08-20,10-K
PSEC,0001287032,2023-09-30,9.25,2024-02-08,10-Q
PSEC,0001287032,2023-09-30,9.25,2024-05-08,10-Q
PSEC,0001287032,2023-09-30,9.25,2024-08-28,10-K
PSEC,0001287032,2023-09-30,9.25,2024-11-08,10-Q
PSEC,0001287032,2023-09-30,9.25,2025-02-10,10-Q
PSEC,0001287032,2023-09-30,9.25,2025-05-08,10-Q
PSEC,0001287032,2023-09-30,9.25,2025-11-06,10-Q
PSEC,0001287032,2023-09-30,9.25,2026-02-09,10-Q
PSEC,0001287032,2023-09-30,9.25,2026-05-07,10-Q
PSEC,0001287032,2023-12-31,8.92,2024-02-08,10-Q
PSEC,0001287032,2023-12-31,8.92,2024-05-08,10-Q
PSEC,0001287032,2023-12-31,8.92,2024-08-28,10-K
PSEC,0001287032,2023-12-31,8.92,2024-11-08,10-Q
PSEC,0001287032,2023-12-31,8.92,2025-02-10,10-Q
PSEC,0001287032,2023-12-31,8.92,2025-05-08,10-Q
PSEC,0001287032,2023-12-31,8.92,2025-11-06,10-Q
PSEC,0001287032,2023-12-31,8.92,2026-02-09,10-Q
PSEC,0001287032,2023-12-31,8.92,2026-05-07,10-Q
PSEC,0001287032,2024-03-31,8.99,2024-05-08,10-Q
PSEC,0001287032,2024-03-31,8.99,2024-08-28,10-K
PSEC,0001287032,2024-03-31,8.99,2024-11-08,10-Q
PSEC,0001287032,2024-03-31,8.99,2025-02-10,10-Q
PSEC,0001287032,2024-03-31,8.99,2025-05-08,10-Q
PSEC,0001287032,2024-03-31,8.99,2025-11-06,10-Q
PSEC,0001287032,2024-03-31,8.99,2026-02-09,10-Q
PSEC,0001287032,2024-03-31,8.99,2026-05-07,10-Q
PSEC,0001287032,2024-06-30,8.74,2024-08-28,10-K
PSEC,0001287032,2024-06-30,8.74,2024-11-08,10-Q
PSEC,0001287032,2024-06-30,8.74,2025-02-10,10-Q
PSEC,0001287032,2024-06-30,8.74,2025-05-08,10-Q
PSEC,0001287032,2024-06-30,8.74,2025-08-26,10-K
PSEC,0001287032,2024-06-30,8.74,2025-11-06,10-Q
PSEC,0001287032,2024-06-30,8.74,2026-02-09,10-Q
PSEC,0001287032,2024-06-30,8.74,2026-05-07,10-Q
PSEC,0001287032,2024-06-30,8.74,2026-08-20,10-K
PSEC,0001287032,2024-09-30,8.1,2024-11-08,10-Q
PSEC,0001287032,2024-09-30,8.1,2025-02-10,10-Q
PSEC,0001287032,2024-09-30,8.1,2025-05-08,10-Q
PSEC,0001287032,2024-09-30,8.1,2025-11-06,10-Q
PSEC,0001287032,2024-09-30,8.1,2026-02-09,10-Q
PSEC,0001287032,2024-09-30,8.1,2026-05-07,10-Q
PSEC,0001287032,2024-09-30,8.1,2026-08-20,10-K
PSEC,0001287032,2024-12-31,7.84,2025-02-10,10-Q
PSEC,0001287032,2024-12-31,7.84,2025-05-08,10-Q
PSEC,0001287032,2024-12-31,7.84,2025-11-06,10-Q
PSEC,0001287032,2024-12-31,7.84,2026-02-09,10-Q
PSEC,0001287032,2024-12-31,7.84,2026-05-07,10-Q
PSEC,0001287032,2024-12-31,7.84,2026-08-20,10-K
PSEC,0001287032,2025-03-31,7.25,2025-05-08,10-Q
PSEC,0001287032,2025-03-31,7.25,2025-11-06,10-Q
PSEC,0001287032,2025-03-31,7.25,2026-02-09,10-Q
PSEC,0001287032,2025-03-31,7.25,2026-05-07,10-Q
PSEC,0001287032,2025-03-31,7.25,2026-08-20,10-K
PSEC,0001287032,2025-06-30,6.56,2025-08-26,10-K
PSEC,0001287032,2025-06-30,6.56,2025-11-06,10-Q
PSEC,0001287032,2025-06-30,6.56,2026-02-09,10-Q
PSEC,0001287032,2025-06-30,6.56,2026-05-07,10-Q
PSEC,0001287032,2025-06-30,6.56,2026-08-20,10-K
PSEC,0001287032,2025-09-30,6.45,2025-11-06,10-Q
PSEC,0001287032,2025-09-30,6.45,2026-02-09,10-Q
PSEC,0001287032,2025-09-30,6.45,2026-05-07,10-Q
PSEC,0001287032,2025-09-30,6.45,2026-08-20,10-K
PSEC,0001287032,2025-12-31,6.21,2026-02-09,10-Q
PSEC,0001287032,2025-12-31,6.21,2026-05-07,10-Q
PSEC,0001287032,2025-12-31,6.21,2026-08-20,10-K
PSEC,0001287032,2026-03-31,6.05,2026-05-07,10-Q
PSEC,0001287032,2026-03-31,6.05,2026-08-20,10-K
PSEC,0001287032,2026-06-30,5.71,2026-08-20,10-K
RAND,0000081955,2018-12-31,44.88,2024-03-05,10-K
RAND,0000081955,2019-12-31,32.93,2024-03-05,10-K
RAND,0000081955,2019-12-31,32.93,2025-03-10,10-K
RAND,0000081955,2020-12-31,17.86,2024-03-05,10-K
RAND,0000081955,2020-12-31,17.86,2025-03-10,10-K
RAND,0000081955,2020-12-31,17.86,2026-03-05,10-K
RAND,0000081955,2020-12-31,17.86,2026-03-31,10-K/A
RAND,0000081955,2021-12-31,23.54,2023-05-09,10-Q
RAND,0000081955,2021-12-31,23.54,2023-08-04,10-Q
RAND,0000081955,2021-12-31,23.54,2023-11-06,10-Q
RAND,0000081955,2021-12-31,23.54,2024-03-05,10-K
RAND,0000081955,2021-12-31,23.54,2025-03-10,10-K
RAND,0000081955,2021-12-31,23.54,2026-03-05,10-K
RAND,0000081955,2021-12-31,23.54,2026-03-31,10-K/A
RAND,0000081955,2022-03-31,23.23,2023-05-09,10-Q
RAND,0000081955,2022-03-31,23.23,2024-03-05,10-K
RAND,0000081955,2022-06-30,22.34,2023-08-04,10-Q
RAND,0000081955,2022-06-30,22.34,2024-03-05,10-K
RAND,0000081955,2022-09-30,22.62,2023-11-06,10-Q
RAND,0000081955,2022-09-30,22.62,2024-03-05,10-K
RAND,0000081955,2022-12-31,22.36,2023-05-09,10-Q
RAND,0000081955,2022-12-31,22.36,2023-08-04,10-Q
RAND,0000081955,2022-12-31,22.36,2023-11-06,10-Q
RAND,0000081955,2022-12-31,22.36,2024-03-05,10-K
RAND,0000081955,2022-12-31,22.36,2024-05-13,10-Q
RAND,0000081955,2022-12-31,22.36,2024-08-06,10-Q
RAND,0000081955,2022-12-31,22.36,2024-11-06,10-Q
RAND,0000081955,2022-12-31,22.36,2025-03-10,10-K
RAND,0000081955,2022-12-31,22.36,2026-03-05,10-K
RAND,0000081955,2022-12-31,22.36,2026-03-31,10-K/A
RAND,0000081955,2023-03-31,23,2023-05-09,10-Q
RAND,0000081955,2023-03-31,23,2024-03-05,10-K
RAND,0000081955,2023-03-31,23,2024-05-13,10-Q
RAND,0000081955,2023-03-31,23,2025-03-10,10-K
RAND,0000081955,2023-06-30,23.79,2023-08-04,10-Q
RAND,0000081955,2023-06-30,23.79,2024-03-05,10-K
RAND,0000081955,2023-06-30,23.79,2024-08-06,10-Q
RAND,0000081955,2023-06-30,23.79,2025-03-10,10-K
RAND,0000081955,2023-09-30,23.77,2023-11-06,10-Q
RAND,0000081955,2023-09-30,23.77,2024-03-05,10-K
RAND,0000081955,2023-09-30,23.77,2024-11-06,10-Q
RAND,0000081955,2023-09-30,23.77,2025-03-10,10-K
RAND,0000081955,2023-12-31,23.56,2024-03-05,10-K
RAND,0000081955,2023-12-31,23.56,2024-05-13,10-Q
RAND,0000081955,2023-12-31,23.56,2024-08-06,10-Q
RAND,0000081955,2023-12-31,23.56,2024-11-06,10-Q
RAND,0000081955,2023-12-31,23.56,2025-03-10,10-K
RAND,0000081955,2023-12-31,23.56,2025-05-05,10-Q
RAND,0000081955,2023-12-31,23.56,2025-08-04,10-Q
RAND,0000081955,2023-12-31,23.56,2025-11-07,10-Q
RAND,0000081955,2023-12-31,23.56,2026-03-05,10-K
RAND,0000081955,2023-12-31,23.56,2026-03-31,10-K/A
RAND,0000081955,2024-03-31,23.85,2024-05-13,10-Q
RAND,0000081955,2024-03-31,26.56,2024-08-06,10-Q
RAND,0000081955,2024-03-31,23.85,2025-03-10,10-K
RAND,0000081955,2024-03-31,23.85,2025-05-05,10-Q
RAND,0000081955,2024-03-31,23.85,2026-03-05,10-K
RAND,0000081955,2024-06-30,26.56,2024-08-06,10-Q
RAND,0000081955,2024-06-30,26.56,2025-03-10,10-K
RAND,0000081955,2024-06-30,26.56,2025-08-04,10-Q
RAND,0000081955,2024-06-30,26.56,2026-03-05,10-K
RAND,0000081955,2024-09-30,27.29,2024-11-06,10-Q
RAND,0000081955,2024-09-30,27.29,2025-03-10,10-K
RAND,0000081955,2024-09-30,27.29,2025-11-07,10-Q
RAND,0000081955,2024-09-30,27.29,2026-03-05,10-K
RAND,0000081955,2024-12-31,25.31,2025-03-10,10-K
RAND,0000081955,2024-12-31,25.31,2025-05-05,10-Q
RAND,0000081955,2024-12-31,25.31,2025-08-04,10-Q
RAND,0000081955,2024-12-31,25.31,2025-11-07,10-Q
RAND,0000081955,2024-12-31,25.31,2026-03-05,10-K
RAND,0000081955,2024-12-31,25.31,2026-03-31,10-K/A
RAND,0000081955,2024-12-31,25.31,2026-05-06,10-Q
RAND,0000081955,2024-12-31,25.31,2026-08-05,10-Q
RAND,0000081955,2025-03-31,21.99,2025-05-05,10-Q
RAND,0000081955,2025-03-31,21.99,2026-03-05,10-K
RAND,0000081955,2025-03-31,21.99,2026-05-06,10-Q
RAND,0000081955,2025-06-30,19.1,2025-08-04,10-Q
RAND,0000081955,2025-06-30,19.1,2026-03-05,10-K
RAND,0000081955,2025-06-30,19.1,2026-08-05,10-Q
RAND,0000081955,2025-09-30,18.06,2025-11-07,10-Q
RAND,0000081955,2025-09-30,18.06,2026-03-05,10-K
RAND,0000081955,2025-12-31,17.57,2026-03-05,10-K
RAND,0000081955,2025-12-31,17.57,2026-03-31,10-K/A
RAND,0000081955,2025-12-31,17.57,2026-05-06,10-Q
RAND,0000081955,2025-12-31,17.57,2026-08-05,10-Q
RAND,0000081955,2026-03-31,17.16,2026-05-06,10-Q
RAND,0000081955,2026-06-30,17.33,2026-08-05,10-Q
RWAY,0001653384,2015-12-31,15,2023-03-02,10-K
RWAY,0001653384,2015-12-31,15,2024-03-07,10-K
RWAY,0001653384,2015-12-31,15,2025-03-20,10-K
RWAY,0001653384,2015-12-31,15,2026-03-12,10-K
RWAY,0001653384,2016-12-31,10.38,2023-03-02,10-K
RWAY,0001653384,2016-12-31,10.38,2024-03-07,10-K
RWAY,0001653384,2016-12-31,10.38,2025-03-20,10-K
RWAY,0001653384,2016-12-31,10.38,2026-03-12,10-K
RWAY,0001653384,2017-12-31,14.66,2023-03-02,10-K
RWAY,0001653384,2017-12-31,14.66,2024-03-07,10-K
RWAY,0001653384,2017-12-31,14.66,2025-03-20,10-K
RWAY,0001653384,2017-12-31,14.66,2026-03-12,10-K
RWAY,0001653384,2018-12-31,15.14,2023-03-02,10-K
RWAY,0001653384,2018-12-31,15.14,2024-03-07,10-K
RWAY,0001653384,2018-12-31,15.14,2025-03-20,10-K
RWAY,0001653384,2018-12-31,15.14,2026-03-12,10-K
RWAY,0001653384,2019-12-31,14.58,2023-03-02,10-K
RWAY,0001653384,2019-12-31,14.58,2024-03-07,10-K
RWAY,0001653384,2019-12-31,14.58,2025-03-20,10-K
RWAY,0001653384,2019-12-31,14.58,2026-03-12,10-K
RWAY,0001653384,2020-12-31,14.84,2022-11-03,10-Q
RWAY,0001653384,2020-12-31,14.84,2023-03-02,10-K
RWAY,0001653384,2020-12-31,14.84,2024-03-07,10-K
RWAY,0001653384,2020-12-31,14.84,2025-03-20,10-K
RWAY,0001653384,2020-12-31,14.84,2026-03-12,10-K
RWAY,0001653384,2021-06-30,14.61,2022-11-03,10-Q
RWAY,0001653384,2021-09-30,14.6,2022-11-03,10-Q
RWAY,0001653384,2021-12-31,14.65,2022-11-03,10-Q
RWAY,0001653384,2021-12-31,14.65,2023-03-02,10-K
RWAY,0001653384,2021-12-31,14.65,2023-05-09,10-Q
RWAY,0001653384,2021-12-31,14.65,2023-08-08,10-Q
RWAY,0001653384,2021-12-31,14.65,2023-11-07,10-Q
RWAY,0001653384,2021-12-31,14.65,2024-03-07,10-K
RWAY,0001653384,2021-12-31,14.65,2025-03-20,10-K
RWAY,0001653384,2021-12-31,14.65,2026-03-12,10-K
RWAY,0001653384,2022-03-31,14.45,2023-05-09,10-Q
RWAY,0001653384,2022-03-31,14.45,2024-03-07,10-K
RWAY,0001653384,2022-06-30,14.14,2022-11-03,10-Q
RWAY,0001653384,2022-06-30,14.14,2023-08-08,10-Q
RWAY,0001653384,2022-06-30,14.14,2024-03-07,10-K
RWAY,0001653384,2022-09-30,14.12,2022-11-03,10-Q
RWAY,0001653384,2022-09-30,14.12,2023-11-07,10-Q
RWAY,0001653384,2022-09-30,14.12,2024-03-07,10-K
RWAY,0001653384,2022-12-31,14.22,2023-03-02,10-K
RWAY,0001653384,2022-12-31,14.22,2023-05-09,10-Q
RWAY,0001653384,2022-12-31,14.22,2023-08-08,10-Q
RWAY,0001653384,2022-12-31,14.22,2023-11-07,10-Q
RWAY,0001653384,2022-12-31,14.22,2024-03-07,10-K
RWAY,0001653384,2022-12-31,14.22,2024-05-07,10-Q
RWAY,0001653384,2022-12-31,14.22,2024-08-08,10-Q
RWAY,0001653384,2022-12-31,14.22,2024-11-12,10-Q
RWAY,0001653384,2022-12-31,14.22,2025-03-20,10-K
RWAY,0001653384,2022-12-31,14.22,2026-03-12,10-K
RWAY,0001653384,2023-03-31,14.07,2023-05-09,10-Q
RWAY,0001653384,2023-03-31,14.07,2024-03-07,10-K
RWAY,0001653384,2023-03-31,14.07,2024-05-07,10-Q
RWAY,0001653384,2023-03-31,14.07,2025-03-20,10-K
RWAY,0001653384,2023-06-30,14.17,2023-08-08,10-Q
RWAY,0001653384,2023-06-30,14.17,2024-03-07,10-K
RWAY,0001653384,2023-06-30,14.17,2024-08-08,10-Q
RWAY,0001653384,2023-06-30,14.17,2025-03-20,10-K
RWAY,0001653384,2023-09-30,14.08,2023-11-07,10-Q
RWAY,0001653384,2023-09-30,14.08,2024-03-07,10-K
RWAY,0001653384,2023-09-30,14.08,2024-11-12,10-Q
RWAY,0001653384,2023-09-30,14.08,2025-03-20,10-K
RWAY,0001653384,2023-12-31,13.5,2024-03-07,10-K
RWAY,0001653384,2023-12-31,13.5,2024-05-07,10-Q
RWAY,0001653384,2023-12-31,13.5,2024-08-08,10-Q
RWAY,0001653384,2023-12-31,13.5,2024-11-12,10-Q
RWAY,0001653384,2023-12-31,13.5,2025-03-20,10-K
RWAY,0001653384,2023-12-31,13.5,2025-05-12,10-Q
RWAY,0001653384,2023-12-31,13.5,2025-08-07,10-Q
RWAY,0001653384,2023-12-31,13.5,2025-11-06,10-Q
RWAY,0001653384,2023-12-31,13.5,2026-03-12,10-K
RWAY,0001653384,2024-03-06,13.5,2024-03-07,10-K
RWAY,0001653384,2024-03-31,13.36,2024-05-07,10-Q
RWAY,0001653384,2024-03-31,13.36,2025-03-20,10-K
RWAY,0001653384,2024-03-31,13.36,2025-05-12,10-Q
RWAY,0001653384,2024-03-31,13.36,2026-03-12,10-K
RWAY,0001653384,2024-06-30,13.14,2024-08-08,10-Q
RWAY,0001653384,2024-06-30,13.14,2025-03-20,10-K
RWAY,0001653384,2024-06-30,13.14,2025-08-07,10-Q
RWAY,0001653384,2024-06-30,13.14,2026-03-12,10-K
RWAY,0001653384,2024-09-30,13.39,2024-11-12,10-Q
RWAY,0001653384,2024-09-30,13.39,2025-03-20,10-K
RWAY,0001653384,2024-09-30,13.39,2025-11-06,10-Q
RWAY,0001653384,2024-09-30,13.39,2026-03-12,10-K
RWAY,0001653384,2024-12-31,13.79,2025-03-20,10-K
RWAY,0001653384,2024-12-31,13.79,2025-05-12,10-Q
RWAY,0001653384,2024-12-31,13.79,2025-08-07,10-Q
RWAY,0001653384,2024-12-31,13.79,2025-11-06,10-Q
RWAY,0001653384,2024-12-31,13.79,2026-03-12,10-K
RWAY,0001653384,2024-12-31,13.79,2026-05-07,10-Q
RWAY,0001653384,2024-12-31,13.79,2026-08-06,10-Q
RWAY,0001653384,2025-03-17,13.79,2025-03-20,10-K
RWAY,0001653384,2025-03-31,13.48,2025-05-12,10-Q
RWAY,0001653384,2025-03-31,13.48,2026-03-12,10-K
RWAY,0001653384,2025-03-31,13.48,2026-05-07,10-Q
RWAY,0001653384,2025-06-30,13.66,2025-08-07,10-Q
RWAY,0001653384,2025-06-30,13.66,2026-03-12,10-K
RWAY,0001653384,2025-06-30,13.66,2026-08-06,10-Q
RWAY,0001653384,2025-09-30,13.55,2025-11-06,10-Q
RWAY,0001653384,2025-09-30,13.55,2026-03-12,10-K
RWAY,0001653384,2025-12-31,13.42,2026-03-12,10-K
RWAY,0001653384,2025-12-31,13.42,2026-05-07,10-Q
RWAY,0001653384,2025-12-31,13.42,2026-08-06,10-Q
RWAY,0001653384,2026-03-09,13.42,2026-03-12,10-K
RWAY,0001653384,2026-03-31,12.13,2026-05-07,10-Q
RWAY,0001653384,2026-06-30,11.91,2026-08-06,10-Q
SAR,0001377936,2018-02-28,22.96,2023-05-02,10-K
SAR,0001377936,2019-02-28,23.62,2023-05-02,10-K
SAR,0001377936,2019-02-28,23.62,2024-05-06,10-K
SAR,0001377936,2020-02-29,27.13,2023-05-02,10-K
SAR,0001377936,2020-02-29,27.13,2024-05-06,10-K
SAR,0001377936,2020-02-29,27.13,2025-05-07,10-K
SAR,0001377936,2021-02-28,27.25,2022-10-04,10-Q
SAR,0001377936,2021-02-28,27.25,2023-01-10,10-Q
SAR,0001377936,2021-02-28,27.25,2023-05-02,10-K
SAR,0001377936,2021-02-28,27.25,2024-05-06,10-K
SAR,0001377936,2021-02-28,27.25,2025-05-07,10-K
SAR,0001377936,2021-02-28,27.25,2026-05-05,10-K
SAR,0001377936,2021-08-31,28.97,2022-10-04,10-Q
SAR,0001377936,2021-11-30,29.17,2023-01-10,10-Q
SAR,0001377936,2022-02-28,29.33,2022-10-04,10-Q
SAR,0001377936,2022-02-28,29.33,2023-01-10,10-Q
SAR,0001377936,2022-02-28,29.33,2023-05-02,10-K
SAR,0001377936,2022-02-28,29.33,2023-07-10,10-Q
SAR,0001377936,2022-02-28,29.33,2023-10-10,10-Q
SAR,0001377936,2022-02-28,29.33,2024-01-09,10-Q
SAR,0001377936,2022-02-28,29.33,2024-05-06,10-K
SAR,0001377936,2022-02-28,29.33,2025-05-07,10-K
SAR,0001377936,2022-02-28,29.33,2026-05-05,10-K
SAR,0001377936,2022-05-31,28.69,2023-07-10,10-Q
SAR,0001377936,2022-08-31,28.27,2022-10-04,10-Q
SAR,0001377936,2022-08-31,28.27,2023-10-10,10-Q
SAR,0001377936,2022-11-30,28.25,2023-01-10,10-Q
SAR,0001377936,2022-11-30,28.25,2024-01-09,10-Q
SAR,0001377936,2023-02-28,29.18,2023-05-02,10-K
SAR,0001377936,2023-02-28,29.18,2023-07-10,10-Q
SAR,0001377936,2023-02-28,29.18,2023-10-10,10-Q
SAR,0001377936,2023-02-28,29.18,2024-01-09,10-Q
SAR,0001377936,2023-02-28,29.18,2024-05-06,10-K
SAR,0001377936,2023-02-28,29.18,2024-07-09,10-Q
SAR,0001377936,2023-02-28,29.18,2024-10-08,10-Q
SAR,0001377936,2023-02-28,29.18,2025-01-08,10-Q
SAR,0001377936,2023-02-28,29.18,2025-05-07,10-K
SAR,0001377936,2023-02-28,29.18,2026-05-05,10-K
SAR,0001377936,2023-05-31,28.48,2023-07-10,10-Q
SAR,0001377936,2023-05-31,28.48,2024-07-09,10-Q
SAR,0001377936,2023-08-31,28.44,2023-10-10,10-Q
SAR,0001377936,2023-08-31,28.44,2024-10-08,10-Q
SAR,0001377936,2023-11-30,27.42,2024-01-09,10-Q
SAR,0001377936,2023-11-30,27.42,2025-01-08,10-Q
SAR,0001377936,2024-02-29,27.12,2024-05-06,10-K
SAR,0001377936,2024-02-29,27.12,2024-07-09,10-Q
SAR,0001377936,2024-02-29,27.12,2024-10-08,10-Q
SAR,0001377936,2024-02-29,27.12,2025-01-08,10-Q
SAR,0001377936,2024-02-29,27.12,2025-05-07,10-K
SAR,0001377936,2024-02-29,27.12,2025-07-08,10-Q
SAR,0001377936,2024-02-29,27.12,2025-10-07,10-Q
SAR,0001377936,2024-02-29,27.12,2026-01-07,10-Q
SAR,0001377936,2024-02-29,27.12,2026-05-05,10-K
SAR,0001377936,2024-05-31,26.85,2024-07-09,10-Q
SAR,0001377936,2024-05-31,26.85,2025-07-08,10-Q
SAR,0001377936,2024-08-31,27.07,2024-10-08,10-Q
SAR,0001377936,2024-08-31,27.07,2025-10-07,10-Q
SAR,0001377936,2024-11-30,26.95,2025-01-08,10-Q
SAR,0001377936,2024-11-30,26.95,2026-01-07,10-Q
SAR,0001377936,2025-02-28,25.86,2025-05-07,10-K
SAR,0001377936,2025-02-28,25.86,2025-07-08,10-Q
SAR,0001377936,2025-02-28,25.86,2025-10-07,10-Q
SAR,0001377936,2025-02-28,25.86,2026-01-07,10-Q
SAR,0001377936,2025-02-28,25.86,2026-05-05,10-K
SAR,0001377936,2025-02-28,25.86,2026-07-07,10-Q
SAR,0001377936,2025-05-31,25.52,2025-07-08,10-Q
SAR,0001377936,2025-05-31,25.52,2026-07-07,10-Q
SAR,0001377936,2025-08-31,25.61,2025-10-07,10-Q
SAR,0001377936,2025-11-30,25.59,2026-01-07,10-Q
SAR,0001377936,2026-02-28,24.42,2026-05-05,10-K
SAR,0001377936,2026-02-28,24.42,2026-07-07,10-Q
SAR,0001377936,2026-05-31,23.23,2026-07-07,10-Q
SCM,0001551901,2012-12-31,14.45,2023-02-28,10-K
SCM,0001551901,2013-12-31,14.54,2023-02-28,10-K
SCM,0001551901,2014-12-31,13.94,2023-02-28,10-K
SCM,0001551901,2014-12-31,13.94,2024-03-04,10-K
SCM,0001551901,2014-12-31,13.94,2025-03-04,10-K
SCM,0001551901,2015-12-31,13.19,2023-02-28,10-K
SCM,0001551901,2015-12-31,13.19,2024-03-04,10-K
SCM,0001551901,2015-12-31,13.19,2025-03-04,10-K
SCM,0001551901,2015-12-31,13.19,2026-03-11,10-K
SCM,0001551901,2016-12-31,13.69,2023-02-28,10-K
SCM,0001551901,2016-12-31,13.69,2024-03-04,10-K
SCM,0001551901,2016-12-31,13.69,2025-03-04,10-K
SCM,0001551901,2016-12-31,13.69,2026-03-11,10-K
SCM,0001551901,2017-12-31,13.81,2023-02-28,10-K
SCM,0001551901,2017-12-31,13.81,2024-03-04,10-K
SCM,0001551901,2017-12-31,13.81,2025-03-04,10-K
SCM,0001551901,2017-12-31,13.81,2026-03-11,10-K
SCM,0001551901,2018-12-31,14.09,2023-02-28,10-K
SCM,0001551901,2018-12-31,14.09,2024-03-04,10-K
SCM,0001551901,2018-12-31,14.09,2025-03-04,10-K
SCM,0001551901,2018-12-31,14.09,2026-03-11,10-K
SCM,0001551901,2019-12-31,14.14,2023-02-28,10-K
SCM,0001551901,2019-12-31,14.14,2024-03-04,10-K
SCM,0001551901,2019-12-31,14.14,2025-03-04,10-K
SCM,0001551901,2019-12-31,14.14,2026-03-11,10-K
SCM,0001551901,2020-12-31,14.03,2022-11-03,10-Q
SCM,0001551901,2020-12-31,14.03,2023-02-28,10-K
SCM,0001551901,2020-12-31,14.03,2024-03-04,10-K
SCM,0001551901,2020-12-31,14.03,2025-03-04,10-K
SCM,0001551901,2020-12-31,14.03,2026-03-11,10-K
SCM,0001551901,2021-09-30,14.15,2022-11-03,10-Q
SCM,0001551901,2021-12-31,14.61,2022-11-03,10-Q
SCM,0001551901,2021-12-31,14.61,2023-02-28,10-K
SCM,0001551901,2021-12-31,14.61,2023-05-09,10-Q
SCM,0001551901,2021-12-31,14.61,2023-08-09,10-Q
SCM,0001551901,2021-12-31,14.61,2023-11-07,10-Q
SCM,0001551901,2021-12-31,14.61,2024-03-04,10-K
SCM,0001551901,2021-12-31,14.61,2025-03-04,10-K
SCM,0001551901,2021-12-31,14.61,2026-03-11,10-K
SCM,0001551901,2022-03-31,14.59,2023-05-09,10-Q
SCM,0001551901,2022-06-30,14.32,2023-08-09,10-Q
SCM,0001551901,2022-09-30,14.18,2022-11-03,10-Q
SCM,0001551901,2022-09-30,14.18,2023-11-07,10-Q
SCM,0001551901,2022-12-31,14.02,2023-02-28,10-K
SCM,0001551901,2022-12-31,14.02,2023-05-09,10-Q
SCM,0001551901,2022-12-31,14.02,2023-08-09,10-Q
SCM,0001551901,2022-12-31,14.02,2023-11-07,10-Q
SCM,0001551901,2022-12-31,14.02,2024-03-04,10-K
SCM,0001551901,2022-12-31,14.02,2024-05-09,10-Q
SCM,0001551901,2022-12-31,14.02,2024-08-07,10-Q
SCM,0001551901,2022-12-31,14.02,2024-11-07,10-Q
SCM,0001551901,2022-12-31,14.02,2025-03-04,10-K
SCM,0001551901,2022-12-31,14.02,2026-03-11,10-K
SCM,0001551901,2023-03-31,13.87,2023-05-09,10-Q
SCM,0001551901,2023-03-31,13.87,2024-05-09,10-Q
SCM,0001551901,2023-06-30,13.67,2023-08-09,10-Q
SCM,0001551901,2023-06-30,13.67,2024-08-07,10-Q
SCM,0001551901,2023-09-30,13.19,2023-11-07,10-Q
SCM,0001551901,2023-09-30,13.19,2024-11-07,10-Q
SCM,0001551901,2023-12-31,13.26,2024-03-04,10-K
SCM,0001551901,2023-12-31,13.26,2024-05-09,10-Q
SCM,0001551901,2023-12-31,13.26,2024-08-07,10-Q
SCM,0001551901,2023-12-31,13.26,2024-11-07,10-Q
SCM,0001551901,2023-12-31,13.26,2025-03-04,10-K
SCM,0001551901,2023-12-31,13.26,2025-05-12,10-Q
SCM,0001551901,2023-12-31,13.26,2025-08-06,10-Q
SCM,0001551901,2023-12-31,13.26,2025-11-10,10-Q
SCM,0001551901,2023-12-31,13.26,2026-03-11,10-K
SCM,0001551901,2024-03-31,13.41,2024-05-09,10-Q
SCM,0001551901,2024-03-31,13.41,2025-05-12,10-Q
SCM,0001551901,2024-06-30,13.36,2024-08-07,10-Q
SCM,0001551901,2024-06-30,13.36,2025-08-06,10-Q
SCM,0001551901,2024-09-30,13.55,2024-11-07,10-Q
SCM,0001551901,2024-09-30,13.55,2025-11-10,10-Q
SCM,0001551901,2024-12-31,13.46,2025-03-04,10-K
SCM,0001551901,2024-12-31,13.46,2025-05-12,10-Q
SCM,0001551901,2024-12-31,13.46,2025-08-06,10-Q
SCM,0001551901,2024-12-31,13.46,2025-11-10,10-Q
SCM,0001551901,2024-12-31,13.46,2026-03-11,10-K
SCM,0001551901,2024-12-31,13.46,2026-05-11,10-Q
SCM,0001551901,2024-12-31,13.46,2026-08-10,10-Q
SCM,0001551901,2025-03-31,13.25,2025-05-12,10-Q
SCM,0001551901,2025-03-31,13.25,2026-05-11,10-Q
SCM,0001551901,2025-06-30,13.21,2025-08-06,10-Q
SCM,0001551901,2025-06-30,13.21,2026-08-10,10-Q
SCM,0001551901,2025-09-30,13.05,2025-11-10,10-Q
SCM,0001551901,2025-12-31,12.82,2026-03-11,10-K
SCM,0001551901,2025-12-31,12.82,2026-05-11,10-Q
SCM,0001551901,2025-12-31,12.82,2026-08-10,10-Q
SCM,0001551901,2026-03-31,12.54,2026-05-11,10-Q
SCM,0001551901,2026-06-30,12.8,2026-08-10,10-Q
SLRC,0001418076,2017-12-31,21.81,2023-02-28,10-K
SLRC,0001418076,2018-12-31,21.75,2023-02-28,10-K
SLRC,0001418076,2018-12-31,21.75,2024-02-27,10-K
SLRC,0001418076,2019-12-31,21.44,2023-02-28,10-K
SLRC,0001418076,2019-12-31,21.44,2024-02-27,10-K
SLRC,0001418076,2019-12-31,21.44,2025-02-25,10-K
SLRC,0001418076,2020-12-31,20.16,2022-08-02,10-Q
SLRC,0001418076,2020-12-31,20.16,2022-11-02,10-Q
SLRC,0001418076,2020-12-31,20.16,2023-02-28,10-K
SLRC,0001418076,2020-12-31,20.16,2024-02-27,10-K
SLRC,0001418076,2020-12-31,20.16,2025-02-25,10-K
SLRC,0001418076,2020-12-31,20.16,2026-02-24,10-K
SLRC,0001418076,2021-06-30,20.29,2022-08-02,10-Q
SLRC,0001418076,2021-09-30,20.2,2022-11-02,10-Q
SLRC,0001418076,2021-12-31,19.93,2022-08-02,10-Q
SLRC,0001418076,2021-12-31,19.93,2022-11-02,10-Q
SLRC,0001418076,2021-12-31,19.93,2023-02-28,10-K
SLRC,0001418076,2021-12-31,19.93,2023-05-10,10-Q
SLRC,0001418076,2021-12-31,19.93,2023-08-08,10-Q
SLRC,0001418076,2021-12-31,19.93,2023-11-07,10-Q
SLRC,0001418076,2021-12-31,19.93,2024-02-27,10-K
SLRC,0001418076,2021-12-31,19.93,2025-02-25,10-K
SLRC,0001418076,2021-12-31,19.93,2026-02-24,10-K
SLRC,0001418076,2022-03-31,19.56,2023-05-10,10-Q
SLRC,0001418076,2022-03-31,19.56,2024-02-27,10-K
SLRC,0001418076,2022-06-30,18.53,2022-08-02,10-Q
SLRC,0001418076,2022-06-30,18.53,2023-08-08,10-Q
SLRC,0001418076,2022-06-30,18.53,2024-02-27,10-K
SLRC,0001418076,2022-09-30,18.37,2022-11-02,10-Q
SLRC,0001418076,2022-09-30,18.37,2023-11-07,10-Q
SLRC,0001418076,2022-09-30,18.37,2024-02-27,10-K
SLRC,0001418076,2022-12-31,18.33,2023-02-28,10-K
SLRC,0001418076,2022-12-31,18.33,2023-05-10,10-Q
SLRC,0001418076,2022-12-31,18.33,2023-08-08,10-Q
SLRC,0001418076,2022-12-31,18.33,2023-11-07,10-Q
SLRC,0001418076,2022-12-31,18.33,2024-02-27,10-K
SLRC,0001418076,2022-12-31,18.33,2024-05-08,10-Q
SLRC,0001418076,2022-12-31,18.33,2024-08-07,10-Q
SLRC,0001418076,2022-12-31,18.33,2024-11-06,10-Q
SLRC,0001418076,2022-12-31,18.33,2025-02-25,10-K
SLRC,0001418076,2022-12-31,18.33,2026-02-24,10-K
SLRC,0001418076,2023-03-31,18.04,2023-05-10,10-Q
SLRC,0001418076,2023-03-31,18.04,2024-02-27,10-K
SLRC,0001418076,2023-03-31,18.04,2024-05-08,10-Q
SLRC,0001418076,2023-03-31,18.04,2025-02-25,10-K
SLRC,0001418076,2023-06-30,17.98,2023-08-08,10-Q
SLRC,0001418076,2023-06-30,17.98,2024-02-27,10-K
SLRC,0001418076,2023-06-30,17.98,2024-08-07,10-Q
SLRC,0001418076,2023-06-30,17.98,2025-02-25,10-K
SLRC,0001418076,2023-09-30,18.06,2023-11-07,10-Q
SLRC,0001418076,2023-09-30,18.06,2024-02-27,10-K
SLRC,0001418076,2023-09-30,18.06,2024-11-06,10-Q
SLRC,0001418076,2023-09-30,18.06,2025-02-25,10-K
SLRC,0001418076,2023-12-31,18.09,2024-02-27,10-K
SLRC,0001418076,2023-12-31,18.09,2024-05-08,10-Q
SLRC,0001418076,2023-12-31,18.09,2024-08-07,10-Q
SLRC,0001418076,2023-12-31,18.09,2024-11-06,10-Q
SLRC,0001418076,2023-12-31,18.09,2025-02-25,10-K
SLRC,0001418076,2023-12-31,18.09,2025-05-07,10-Q
SLRC,0001418076,2023-12-31,18.09,2025-08-05,10-Q
SLRC,0001418076,2023-12-31,18.09,2025-11-04,10-Q
SLRC,0001418076,2023-12-31,18.09,2026-02-24,10-K
SLRC,0001418076,2024-03-31,18.19,2024-05-08,10-Q
SLRC,0001418076,2024-03-31,18.19,2025-02-25,10-K
SLRC,0001418076,2024-03-31,18.19,2025-05-07,10-Q
SLRC,0001418076,2024-03-31,18.19,2026-02-24,10-K
SLRC,0001418076,2024-06-30,18.2,2024-08-07,10-Q
SLRC,0001418076,2024-06-30,18.2,2025-02-25,10-K
SLRC,0001418076,2024-06-30,18.2,2025-08-05,10-Q
SLRC,0001418076,2024-06-30,18.2,2026-02-24,10-K
SLRC,0001418076,2024-09-30,18.2,2024-11-06,10-Q
SLRC,0001418076,2024-09-30,18.2,2025-02-25,10-K
SLRC,0001418076,2024-09-30,18.2,2025-11-04,10-Q
SLRC,0001418076,2024-09-30,18.2,2026-02-24,10-K
SLRC,0001418076,2024-12-31,18.2,2025-02-25,10-K
SLRC,0001418076,2024-12-31,18.2,2025-05-07,10-Q
SLRC,0001418076,2024-12-31,18.2,2025-08-05,10-Q
SLRC,0001418076,2024-12-31,18.2,2025-11-04,10-Q
SLRC,0001418076,2024-12-31,18.2,2026-02-24,10-K
SLRC,0001418076,2024-12-31,18.2,2026-05-05,10-Q
SLRC,0001418076,2024-12-31,18.2,2026-08-04,10-Q
SLRC,0001418076,2025-03-31,18.16,2025-05-07,10-Q
SLRC,0001418076,2025-03-31,18.16,2026-02-24,10-K
SLRC,0001418076,2025-03-31,18.16,2026-05-05,10-Q
SLRC,0001418076,2025-06-30,18.19,2025-08-05,10-Q
SLRC,0001418076,2025-06-30,18.19,2026-02-24,10-K
SLRC,0001418076,2025-06-30,18.19,2026-08-04,10-Q
SLRC,0001418076,2025-09-30,18.21,2025-11-04,10-Q
SLRC,0001418076,2025-09-30,18.21,2026-02-24,10-K
SLRC,0001418076,2025-12-31,18.26,2026-02-24,10-K
SLRC,0001418076,2025-12-31,18.26,2026-05-05,10-Q
SLRC,0001418076,2025-12-31,18.26,2026-08-04,10-Q
SLRC,0001418076,2026-03-31,18.16,2026-05-05,10-Q
SLRC,0001418076,2026-06-30,18,2026-08-04,10-Q
TCPC,0001370755,2017-12-31,14.8,2023-02-28,10-K
TCPC,0001370755,2018-12-31,14.13,2023-02-28,10-K
TCPC,0001370755,2018-12-31,14.13,2024-02-29,10-K
TCPC,0001370755,2019-12-31,13.21,2023-02-28,10-K
TCPC,0001370755,2019-12-31,13.21,2024-02-29,10-K
TCPC,0001370755,2019-12-31,13.21,2025-02-27,10-K
TCPC,0001370755,2020-12-31,13.24,2022-11-03,10-Q
TCPC,0001370755,2020-12-31,13.24,2023-02-28,10-K
TCPC,0001370755,2020-12-31,13.24,2024-02-29,10-K
TCPC,0001370755,2020-12-31,13.24,2025-02-27,10-K
TCPC,0001370755,2020-12-31,13.24,2026-02-27,10-K
TCPC,0001370755,2021-03-31,13.56,2023-08-03,10-Q
TCPC,0001370755,2021-03-31,13.56,2023-11-02,10-Q
TCPC,0001370755,2021-06-30,14.21,2023-08-03,10-Q
TCPC,0001370755,2021-06-30,14.21,2023-11-02,10-Q
TCPC,0001370755,2021-09-30,14.09,2022-11-03,10-Q
TCPC,0001370755,2021-09-30,14.09,2023-08-03,10-Q
TCPC,0001370755,2021-09-30,14.09,2023-11-02,10-Q
TCPC,0001370755,2021-12-31,14.36,2022-11-03,10-Q
TCPC,0001370755,2021-12-31,14.36,2023-02-28,10-K
TCPC,0001370755,2021-12-31,14.36,2023-05-04,10-Q
TCPC,0001370755,2021-12-31,14.36,2023-08-03,10-Q
TCPC,0001370755,2021-12-31,14.36,2023-11-02,10-Q
TCPC,0001370755,2021-12-31,14.36,2024-02-29,10-K
TCPC,0001370755,2021-12-31,14.36,2025-02-27,10-K
TCPC,0001370755,2021-12-31,14.36,2026-02-27,10-K
TCPC,0001370755,2022-03-31,14.27,2023-05-04,10-Q
TCPC,0001370755,2022-03-31,14.27,2023-08-03,10-Q
TCPC,0001370755,2022-03-31,14.27,2023-11-02,10-Q
TCPC,0001370755,2022-03-31,14.27,2024-05-01,10-Q
TCPC,0001370755,2022-03-31,14.27,2024-08-07,10-Q
TCPC,0001370755,2022-03-31,14.27,2024-11-06,10-Q
TCPC,0001370755,2022-06-30,13.97,2023-08-03,10-Q
TCPC,0001370755,2022-06-30,13.97,2023-11-02,10-Q
TCPC,0001370755,2022-06-30,13.97,2024-05-01,10-Q
TCPC,0001370755,2022-06-30,13.97,2024-08-07,10-Q
TCPC,0001370755,2022-06-30,13.97,2024-11-06,10-Q
TCPC,0001370755,2022-09-30,14.12,2022-11-03,10-Q
TCPC,0001370755,2022-09-30,14.12,2023-08-03,10-Q
TCPC,0001370755,2022-09-30,14.12,2023-11-02,10-Q
TCPC,0001370755,2022-09-30,14.12,2024-05-01,10-Q
TCPC,0001370755,2022-09-30,14.12,2024-08-07,10-Q
TCPC,0001370755,2022-09-30,14.12,2024-11-06,10-Q
TCPC,0001370755,2022-12-31,12.93,2023-02-28,10-K
TCPC,0001370755,2022-12-31,12.93,2023-05-04,10-Q
TCPC,0001370755,2022-12-31,12.93,2023-08-03,10-Q
TCPC,0001370755,2022-12-31,12.93,2023-11-02,10-Q
TCPC,0001370755,2022-12-31,12.93,2024-02-29,10-K
TCPC,0001370755,2022-12-31,12.93,2024-05-01,10-Q
TCPC,0001370755,2022-12-31,12.93,2024-08-07,10-Q
TCPC,0001370755,2022-12-31,12.93,2024-11-06,10-Q
TCPC,0001370755,2022-12-31,12.93,2025-02-27,10-K
TCPC,0001370755,2022-12-31,12.93,2026-02-27,10-K
TCPC,0001370755,2023-03-31,13,2023-05-04,10-Q
TCPC,0001370755,2023-03-31,13,2023-08-03,10-Q
TCPC,0001370755,2023-03-31,13,2023-11-02,10-Q
TCPC,0001370755,2023-03-31,13,2024-05-01,10-Q
TCPC,0001370755,2023-03-31,13,2024-08-07,10-Q
TCPC,0001370755,2023-03-31,13,2024-11-06,10-Q
TCPC,0001370755,2023-03-31,13,2025-05-08,10-Q
TCPC,0001370755,2023-03-31,13,2025-08-07,10-Q
TCPC,0001370755,2023-03-31,13,2025-11-06,10-Q
TCPC,0001370755,2023-06-30,12.94,2023-08-03,10-Q
TCPC,0001370755,2023-06-30,12.94,2023-11-02,10-Q
TCPC,0001370755,2023-06-30,12.94,2024-05-01,10-Q
TCPC,0001370755,2023-06-30,12.94,2024-08-07,10-Q
TCPC,0001370755,2023-06-30,12.94,2024-11-06,10-Q
TCPC,0001370755,2023-06-30,12.94,2025-05-08,10-Q
TCPC,0001370755,2023-06-30,12.94,2025-08-07,10-Q
TCPC,0001370755,2023-06-30,12.94,2025-11-06,10-Q
TCPC,0001370755,2023-09-30,12.72,2023-11-02,10-Q
TCPC,0001370755,2023-09-30,12.72,2024-05-01,10-Q
TCPC,0001370755,2023-09-30,12.72,2024-08-07,10-Q
TCPC,0001370755,2023-09-30,12.72,2024-11-06,10-Q
TCPC,0001370755,2023-09-30,12.72,2025-05-08,10-Q
TCPC,0001370755,2023-09-30,12.72,2025-08-07,10-Q
TCPC,0001370755,2023-09-30,12.72,2025-11-06,10-Q
TCPC,0001370755,2023-12-31,11.9,2024-02-29,10-K
TCPC,0001370755,2023-12-31,11.9,2024-05-01,10-Q
TCPC,0001370755,2023-12-31,11.9,2024-08-07,10-Q
TCPC,0001370755,2023-12-31,11.9,2024-11-06,10-Q
TCPC,0001370755,2023-12-31,11.9,2025-02-27,10-K
TCPC,0001370755,2023-12-31,11.9,2025-05-08,10-Q
TCPC,0001370755,2023-12-31,11.9,2025-08-07,10-Q
TCPC,0001370755,2023-12-31,11.9,2025-11-06,10-Q
TCPC,0001370755,2023-12-31,11.9,2026-02-27,10-K
TCPC,0001370755,2024-03-31,11.14,2024-05-01,10-Q
TCPC,0001370755,2024-03-31,11.14,2024-08-07,10-Q
TCPC,0001370755,2024-03-31,11.14,2024-11-06,10-Q
TCPC,0001370755,2024-03-31,11.14,2025-05-08,10-Q
TCPC,0001370755,2024-03-31,11.14,2025-08-07,10-Q
TCPC,0001370755,2024-03-31,11.14,2025-11-06,10-Q
TCPC,0001370755,2024-03-31,11.14,2026-05-07,10-Q
TCPC,0001370755,2024-03-31,11.14,2026-08-06,10-Q
TCPC,0001370755,2024-06-30,10.2,2024-08-07,10-Q
TCPC,0001370755,2024-06-30,10.2,2024-11-06,10-Q
TCPC,0001370755,2024-06-30,10.2,2025-05-08,10-Q
TCPC,0001370755,2024-06-30,10.2,2025-08-07,10-Q
TCPC,0001370755,2024-06-30,10.2,2025-11-06,10-Q
TCPC,0001370755,2024-06-30,10.2,2026-05-07,10-Q
TCPC,0001370755,2024-06-30,10.2,2026-08-06,10-Q
TCPC,0001370755,2024-09-30,10.11,2024-11-06,10-Q
TCPC,0001370755,2024-09-30,10.11,2025-05-08,10-Q
TCPC,0001370755,2024-09-30,10.11,2025-08-07,10-Q
TCPC,0001370755,2024-09-30,10.11,2025-11-06,10-Q
TCPC,0001370755,2024-09-30,10.11,2026-05-07,10-Q
TCPC,0001370755,2024-09-30,10.11,2026-08-06,10-Q
TCPC,0001370755,2024-12-31,9.23,2025-02-27,10-K
TCPC,0001370755,2024-12-31,9.23,2025-05-08,10-Q
TCPC,0001370755,2024-12-31,9.23,2025-08-07,10-Q
TCPC,0001370755,2024-12-31,9.23,2025-11-06,10-Q
TCPC,0001370755,2024-12-31,9.23,2026-02-27,10-K
TCPC,0001370755,2024-12-31,9.23,2026-05-07,10-Q
TCPC,0001370755,2024-12-31,9.23,2026-08-06,10-Q
TCPC,0001370755,2025-03-31,9.18,2025-05-08,10-Q
TCPC,0001370755,2025-03-31,9.18,2025-08-07,10-Q
TCPC,0001370755,2025-03-31,9.18,2025-11-06,10-Q
TCPC,0001370755,2025-03-31,9.18,2026-05-07,10-Q
TCPC,0001370755,2025-03-31,9.18,2026-08-06,10-Q
TCPC,0001370755,2025-06-30,8.71,2025-08-07,10-Q
TCPC,0001370755,2025-06-30,8.71,2025-11-06,10-Q
TCPC,0001370755,2025-06-30,8.71,2026-05-07,10-Q
TCPC,0001370755,2025-06-30,8.71,2026-08-06,10-Q
TCPC,0001370755,2025-09-30,8.71,2025-11-06,10-Q
TCPC,0001370755,2025-09-30,8.71,2026-05-07,10-Q
TCPC,0001370755,2025-09-30,8.71,2026-08-06,10-Q
TCPC,0001370755,2025-12-31,7.07,2026-02-27,10-K
TCPC,0001370755,2025-12-31,7.07,2026-05-07,10-Q
TCPC,0001370755,2025-12-31,7.07,2026-08-06,10-Q
TCPC,0001370755,2026-03-31,6.72,2026-05-07,10-Q
TCPC,0001370755,2026-03-31,6.72,2026-08-06,10-Q
TCPC,0001370755,2026-06-30,6.58,2026-08-06,10-Q
TPVG,0001580345,2017-12-31,13.25,2023-03-01,10-K
TPVG,0001580345,2018-12-31,13.5,2023-03-01,10-K
TPVG,0001580345,2018-12-31,13.5,2024-03-06,10-K
TPVG,0001580345,2019-12-31,13.34,2023-03-01,10-K
TPVG,0001580345,2019-12-31,13.34,2024-03-06,10-K
TPVG,0001580345,2019-12-31,13.34,2025-03-05,10-K
TPVG,0001580345,2020-12-31,12.97,2022-11-02,10-Q
TPVG,0001580345,2020-12-31,12.97,2023-03-01,10-K
TPVG,0001580345,2020-12-31,12.97,2024-03-06,10-K
TPVG,0001580345,2020-12-31,12.97,2025-03-05,10-K
TPVG,0001580345,2020-12-31,12.97,2026-03-04,10-K
TPVG,0001580345,2021-03-31,13,2023-03-01,10-K
TPVG,0001580345,2021-03-31,13,2023-05-03,10-Q
TPVG,0001580345,2021-03-31,13,2023-08-02,10-Q
TPVG,0001580345,2021-03-31,13,2023-11-01,10-Q
TPVG,0001580345,2021-06-30,13.03,2023-03-01,10-K
TPVG,0001580345,2021-06-30,13.03,2023-05-03,10-Q
TPVG,0001580345,2021-06-30,13.03,2023-08-02,10-Q
TPVG,0001580345,2021-06-30,13.03,2023-11-01,10-Q
TPVG,0001580345,2021-09-30,13.92,2022-11-02,10-Q
TPVG,0001580345,2021-09-30,13.92,2023-03-01,10-K
TPVG,0001580345,2021-09-30,13.92,2023-05-03,10-Q
TPVG,0001580345,2021-09-30,13.92,2023-08-02,10-Q
TPVG,0001580345,2021-09-30,13.92,2023-11-01,10-Q
TPVG,0001580345,2021-12-31,14.01,2022-11-02,10-Q
TPVG,0001580345,2021-12-31,14.01,2023-03-01,10-K
TPVG,0001580345,2021-12-31,14.01,2023-05-03,10-Q
TPVG,0001580345,2021-12-31,14.01,2023-08-02,10-Q
TPVG,0001580345,2021-12-31,14.01,2023-11-01,10-Q
TPVG,0001580345,2021-12-31,14.01,2024-03-06,10-K
TPVG,0001580345,2021-12-31,14.01,2025-03-05,10-K
TPVG,0001580345,2021-12-31,14.01,2026-03-04,10-K
TPVG,0001580345,2022-03-31,13.84,2023-03-01,10-K
TPVG,0001580345,2022-03-31,13.84,2023-05-03,10-Q
TPVG,0001580345,2022-03-31,13.84,2023-08-02,10-Q
TPVG,0001580345,2022-03-31,13.84,2023-11-01,10-Q
TPVG,0001580345,2022-03-31,13.84,2024-03-06,10-K
TPVG,0001580345,2022-03-31,13.84,2024-05-01,10-Q
TPVG,0001580345,2022-03-31,13.84,2024-08-07,10-Q
TPVG,0001580345,2022-03-31,13.84,2024-11-06,10-Q
TPVG,0001580345,2022-06-30,13.01,2023-03-01,10-K
TPVG,0001580345,2022-06-30,13.01,2023-05-03,10-Q
TPVG,0001580345,2022-06-30,13.01,2023-08-02,10-Q
TPVG,0001580345,2022-06-30,13.01,2023-11-01,10-Q
TPVG,0001580345,2022-06-30,13.01,2024-03-06,10-K
TPVG,0001580345,2022-06-30,13.01,2024-05-01,10-Q
TPVG,0001580345,2022-06-30,13.01,2024-08-07,10-Q
TPVG,0001580345,2022-06-30,13.01,2024-11-06,10-Q
TPVG,0001580345,2022-09-30,12.69,2022-11-02,10-Q
TPVG,0001580345,2022-09-30,12.69,2023-03-01,10-K
TPVG,0001580345,2022-09-30,12.69,2023-05-03,10-Q
TPVG,0001580345,2022-09-30,12.69,2023-08-02,10-Q
TPVG,0001580345,2022-09-30,12.69,2023-11-01,10-Q
TPVG,0001580345,2022-09-30,12.69,2024-03-06,10-K
TPVG,0001580345,2022-09-30,12.69,2024-05-01,10-Q
TPVG,0001580345,2022-09-30,12.69,2024-08-07,10-Q
TPVG,0001580345,2022-09-30,12.69,2024-11-06,10-Q
TPVG,0001580345,2022-12-31,11.88,2023-03-01,10-K
TPVG,0001580345,2022-12-31,11.88,2023-05-03,10-Q
TPVG,0001580345,2022-12-31,11.88,2023-08-02,10-Q
TPVG,0001580345,2022-12-31,11.88,2023-11-01,10-Q
TPVG,0001580345,2022-12-31,11.88,2024-03-06,10-K
TPVG,0001580345,2022-12-31,11.88,2024-05-01,10-Q
TPVG,0001580345,2022-12-31,11.88,2024-08-07,10-Q
TPVG,0001580345,2022-12-31,11.88,2024-11-06,10-Q
TPVG,0001580345,2022-12-31,11.88,2025-03-05,10-K
TPVG,0001580345,2022-12-31,11.88,2026-03-04,10-K
TPVG,0001580345,2023-03-31,11.69,2023-05-03,10-Q
TPVG,0001580345,2023-03-31,11.69,2023-08-02,10-Q
TPVG,0001580345,2023-03-31,11.69,2023-11-01,10-Q
TPVG,0001580345,2023-03-31,11.69,2024-03-06,10-K
TPVG,0001580345,2023-03-31,11.69,2024-05-01,10-Q
TPVG,0001580345,2023-03-31,11.69,2024-08-07,10-Q
TPVG,0001580345,2023-03-31,11.69,2024-11-06,10-Q
TPVG,0001580345,2023-03-31,11.69,2025-03-05,10-K
TPVG,0001580345,2023-03-31,11.69,2025-08-06,10-Q
TPVG,0001580345,2023-03-31,11.69,2025-11-05,10-Q
TPVG,0001580345,2023-06-30,10.7,2023-08-02,10-Q
TPVG,0001580345,2023-06-30,10.7,2023-11-01,10-Q
TPVG,0001580345,2023-06-30,10.7,2024-03-06,10-K
TPVG,0001580345,2023-06-30,10.7,2024-05-01,10-Q
TPVG,0001580345,2023-06-30,10.7,2024-08-07,10-Q
TPVG,0001580345,2023-06-30,10.7,2024-11-06,10-Q
TPVG,0001580345,2023-06-30,10.7,2025-03-05,10-K
TPVG,0001580345,2023-06-30,10.7,2025-08-06,10-Q
TPVG,0001580345,2023-06-30,10.7,2025-11-05,10-Q
TPVG,0001580345,2023-09-30,10.37,2023-11-01,10-Q
TPVG,0001580345,2023-09-30,10.37,2024-03-06,10-K
TPVG,0001580345,2023-09-30,10.37,2024-05-01,10-Q
TPVG,0001580345,2023-09-30,10.37,2024-08-07,10-Q
TPVG,0001580345,2023-09-30,10.37,2024-11-06,10-Q
TPVG,0001580345,2023-09-30,10.37,2025-03-05,10-K
TPVG,0001580345,2023-09-30,10.37,2025-08-06,10-Q
TPVG,0001580345,2023-09-30,10.37,2025-11-05,10-Q
TPVG,0001580345,2023-12-31,9.21,2024-03-06,10-K
TPVG,0001580345,2023-12-31,9.21,2024-05-01,10-Q
TPVG,0001580345,2023-12-31,9.21,2024-08-07,10-Q
TPVG,0001580345,2023-12-31,9.21,2024-11-06,10-Q
TPVG,0001580345,2023-12-31,9.21,2025-03-05,10-K
TPVG,0001580345,2023-12-31,9.21,2025-05-07,10-Q
TPVG,0001580345,2023-12-31,9.21,2025-08-06,10-Q
TPVG,0001580345,2023-12-31,9.21,2025-11-05,10-Q
TPVG,0001580345,2023-12-31,9.21,2026-03-04,10-K
TPVG,0001580345,2024-03-31,9.02,2024-05-01,10-Q
TPVG,0001580345,2024-03-31,9.02,2024-08-07,10-Q
TPVG,0001580345,2024-03-31,9.02,2024-11-06,10-Q
TPVG,0001580345,2024-03-31,9.02,2025-03-05,10-K
TPVG,0001580345,2024-03-31,9.02,2025-05-07,10-Q
TPVG,0001580345,2024-03-31,9.02,2025-08-06,10-Q
TPVG,0001580345,2024-03-31,9.02,2025-11-05,10-Q
TPVG,0001580345,2024-06-30,8.83,2024-08-07,10-Q
TPVG,0001580345,2024-06-30,8.83,2024-11-06,10-Q
TPVG,0001580345,2024-06-30,8.83,2025-03-05,10-K
TPVG,0001580345,2024-06-30,8.83,2025-08-06,10-Q
TPVG,0001580345,2024-06-30,8.83,2025-11-05,10-Q
TPVG,0001580345,2024-09-30,9.1,2024-11-06,10-Q
TPVG,0001580345,2024-09-30,9.1,2025-03-05,10-K
TPVG,0001580345,2024-09-30,9.1,2025-08-06,10-Q
TPVG,0001580345,2024-09-30,9.1,2025-11-05,10-Q
TPVG,0001580345,2024-12-31,8.61,2025-03-05,10-K
TPVG,0001580345,2024-12-31,8.61,2025-05-07,10-Q
TPVG,0001580345,2024-12-31,8.61,2025-08-06,10-Q
TPVG,0001580345,2024-12-31,8.61,2025-11-05,10-Q
TPVG,0001580345,2024-12-31,8.61,2026-03-04,10-K
TPVG,0001580345,2024-12-31,8.61,2026-05-06,10-Q
TPVG,0001580345,2024-12-31,8.61,2026-08-05,10-Q
TPVG,0001580345,2025-03-31,8.62,2025-05-07,10-Q
TPVG,0001580345,2025-03-31,8.62,2025-08-06,10-Q
TPVG,0001580345,2025-03-31,8.62,2025-11-05,10-Q
TPVG,0001580345,2025-03-31,8.62,2026-05-06,10-Q
TPVG,0001580345,2025-06-30,8.65,2025-08-06,10-Q
TPVG,0001580345,2025-06-30,8.65,2025-11-05,10-Q
TPVG,0001580345,2025-06-30,8.65,2026-08-05,10-Q
TPVG,0001580345,2025-09-30,8.79,2025-11-05,10-Q
TPVG,0001580345,2025-12-31,8.73,2026-03-04,10-K
TPVG,0001580345,2025-12-31,8.73,2026-05-06,10-Q
TPVG,0001580345,2025-12-31,8.73,2026-08-05,10-Q
TPVG,0001580345,2026-03-31,8.65,2026-05-06,10-Q
TPVG,0001580345,2026-06-30,8.67,2026-08-05,10-Q
TRIN,0001786108,2019-12-31,14.97,2023-03-02,10-K
TRIN,0001786108,2019-12-31,14.97,2024-03-06,10-K
TRIN,0001786108,2019-12-31,14.97,2025-02-26,10-K
TRIN,0001786108,2020-12-31,13.03,2022-11-03,10-Q
TRIN,0001786108,2020-12-31,13.03,2023-03-02,10-K
TRIN,0001786108,2020-12-31,13.03,2024-03-06,10-K
TRIN,0001786108,2020-12-31,13.03,2025-02-26,10-K
TRIN,0001786108,2020-12-31,13.03,2026-02-25,10-K
TRIN,0001786108,2021-03-31,13.69,2023-08-02,10-Q
TRIN,0001786108,2021-03-31,13.69,2023-11-01,10-Q
TRIN,0001786108,2021-06-30,14.33,2023-08-02,10-Q
TRIN,0001786108,2021-06-30,14.33,2023-11-01,10-Q
TRIN,0001786108,2021-09-30,14.7,2022-11-03,10-Q
TRIN,0001786108,2021-09-30,14.7,2023-08-02,10-Q
TRIN,0001786108,2021-09-30,14.7,2023-11-01,10-Q
TRIN,0001786108,2021-12-31,16.4,2022-11-03,10-Q
TRIN,0001786108,2021-12-31,16.4,2023-03-02,10-K
TRIN,0001786108,2021-12-31,16.4,2023-05-04,10-Q
TRIN,0001786108,2021-12-31,16.4,2023-08-02,10-Q
TRIN,0001786108,2021-12-31,16.4,2023-11-01,10-Q
TRIN,0001786108,2021-12-31,16.4,2024-03-06,10-K
TRIN,0001786108,2021-12-31,16.4,2025-02-26,10-K
TRIN,0001786108,2021-12-31,16.4,2026-02-25,10-K
TRIN,0001786108,2022-03-31,15.15,2023-05-04,10-Q
TRIN,0001786108,2022-03-31,15.15,2023-08-02,10-Q
TRIN,0001786108,2022-03-31,15.15,2023-11-01,10-Q
TRIN,0001786108,2022-03-31,15.15,2024-03-06,10-K
TRIN,0001786108,2022-03-31,15.15,2024-05-01,10-Q
TRIN,0001786108,2022-03-31,15.15,2024-08-07,10-Q
TRIN,0001786108,2022-03-31,15.15,2024-10-30,10-Q
TRIN,0001786108,2022-06-30,14.62,2023-08-02,10-Q
TRIN,0001786108,2022-06-30,14.62,2023-11-01,10-Q
TRIN,0001786108,2022-06-30,14.62,2024-03-06,10-K
TRIN,0001786108,2022-06-30,14.62,2024-05-01,10-Q
TRIN,0001786108,2022-06-30,14.62,2024-08-07,10-Q
TRIN,0001786108,2022-06-30,14.62,2024-10-30,10-Q
TRIN,0001786108,2022-09-30,13.74,2022-11-03,10-Q
TRIN,0001786108,2022-09-30,13.74,2023-08-02,10-Q
TRIN,0001786108,2022-09-30,13.74,2023-11-01,10-Q
TRIN,0001786108,2022-09-30,13.74,2024-03-06,10-K
TRIN,0001786108,2022-09-30,13.74,2024-05-01,10-Q
TRIN,0001786108,2022-09-30,13.74,2024-08-07,10-Q
TRIN,0001786108,2022-09-30,13.74,2024-10-30,10-Q
TRIN,0001786108,2022-12-31,13.15,2023-03-02,10-K
TRIN,0001786108,2022-12-31,13.15,2023-05-04,10-Q
TRIN,0001786108,2022-12-31,13.15,2023-08-02,10-Q
TRIN,0001786108,2022-12-31,13.15,2023-11-01,10-Q
TRIN,0001786108,2022-12-31,13.15,2024-03-06,10-K
TRIN,0001786108,2022-12-31,13.15,2024-05-01,10-Q
TRIN,0001786108,2022-12-31,13.15,2024-08-07,10-Q
TRIN,0001786108,2022-12-31,13.15,2024-10-30,10-Q
TRIN,0001786108,2022-12-31,13.15,2025-02-26,10-K
TRIN,0001786108,2022-12-31,13.15,2026-02-25,10-K
TRIN,0001786108,2023-03-31,13.07,2023-05-04,10-Q
TRIN,0001786108,2023-03-31,13.07,2023-08-02,10-Q
TRIN,0001786108,2023-03-31,13.07,2023-11-01,10-Q
TRIN,0001786108,2023-03-31,13.07,2024-03-06,10-K
TRIN,0001786108,2023-03-31,13.07,2024-05-01,10-Q
TRIN,0001786108,2023-03-31,13.07,2024-08-07,10-Q
TRIN,0001786108,2023-03-31,13.07,2024-10-30,10-Q
TRIN,0001786108,2023-03-31,13.07,2025-02-26,10-K
TRIN,0001786108,2023-03-31,13.07,2025-05-07,10-Q
TRIN,0001786108,2023-03-31,13.07,2025-08-06,10-Q
TRIN,0001786108,2023-03-31,13.07,2025-11-05,10-Q
TRIN,0001786108,2023-06-30,13.15,2023-08-02,10-Q
TRIN,0001786108,2023-06-30,13.15,2023-11-01,10-Q
TRIN,0001786108,2023-06-30,13.15,2024-03-06,10-K
TRIN,0001786108,2023-06-30,13.15,2024-05-01,10-Q
TRIN,0001786108,2023-06-30,13.15,2024-08-07,10-Q
TRIN,0001786108,2023-06-30,13.15,2024-10-30,10-Q
TRIN,0001786108,2023-06-30,13.15,2025-02-26,10-K
TRIN,0001786108,2023-06-30,13.15,2025-05-07,10-Q
TRIN,0001786108,2023-06-30,13.15,2025-08-06,10-Q
TRIN,0001786108,2023-06-30,13.15,2025-11-05,10-Q
TRIN,0001786108,2023-09-30,13.17,2023-11-01,10-Q
TRIN,0001786108,2023-09-30,13.17,2024-03-06,10-K
TRIN,0001786108,2023-09-30,13.17,2024-05-01,10-Q
TRIN,0001786108,2023-09-30,13.17,2024-08-07,10-Q
TRIN,0001786108,2023-09-30,13.17,2024-10-30,10-Q
TRIN,0001786108,2023-09-30,13.17,2025-02-26,10-K
TRIN,0001786108,2023-09-30,13.17,2025-05-07,10-Q
TRIN,0001786108,2023-09-30,13.17,2025-08-06,10-Q
TRIN,0001786108,2023-09-30,13.17,2025-11-05,10-Q
TRIN,0001786108,2023-12-31,13.19,2024-03-06,10-K
TRIN,0001786108,2023-12-31,13.19,2024-05-01,10-Q
TRIN,0001786108,2023-12-31,13.19,2024-08-07,10-Q
TRIN,0001786108,2023-12-31,13.19,2024-10-30,10-Q
TRIN,0001786108,2023-12-31,13.19,2025-02-26,10-K
TRIN,0001786108,2023-12-31,13.19,2025-05-07,10-Q
TRIN,0001786108,2023-12-31,13.19,2025-08-06,10-Q
TRIN,0001786108,2023-12-31,13.19,2025-11-05,10-Q
TRIN,0001786108,2023-12-31,13.19,2026-02-25,10-K
TRIN,0001786108,2023-12-31,13.42,2026-05-06,10-Q
TRIN,0001786108,2024-03-31,12.88,2024-05-01,10-Q
TRIN,0001786108,2024-03-31,12.88,2024-08-07,10-Q
TRIN,0001786108,2024-03-31,12.88,2024-10-30,10-Q
TRIN,0001786108,2024-03-31,12.88,2025-02-26,10-K
TRIN,0001786108,2024-03-31,12.88,2025-05-07,10-Q
TRIN,0001786108,2024-03-31,12.88,2025-08-06,10-Q
TRIN,0001786108,2024-03-31,12.88,2025-11-05,10-Q
TRIN,0001786108,2024-03-31,12.88,2026-02-25,10-K
TRIN,0001786108,2024-03-31,12.88,2026-05-06,10-Q
TRIN,0001786108,2024-03-31,12.88,2026-08-05,10-Q
TRIN,0001786108,2024-06-30,13.12,2024-08-07,10-Q
TRIN,0001786108,2024-06-30,13.12,2024-10-30,10-Q
TRIN,0001786108,2024-06-30,13.12,2025-02-26,10-K
TRIN,0001786108,2024-06-30,13.12,2025-05-07,10-Q
TRIN,0001786108,2024-06-30,13.12,2025-08-06,10-Q
TRIN,0001786108,2024-06-30,13.12,2025-11-05,10-Q
TRIN,0001786108,2024-06-30,13.12,2026-02-25,10-K
TRIN,0001786108,2024-06-30,13.12,2026-05-06,10-Q
TRIN,0001786108,2024-06-30,13.12,2026-08-05,10-Q
TRIN,0001786108,2024-09-30,13.13,2024-10-30,10-Q
TRIN,0001786108,2024-09-30,13.13,2025-02-26,10-K
TRIN,0001786108,2024-09-30,13.13,2025-05-07,10-Q
TRIN,0001786108,2024-09-30,13.13,2025-08-06,10-Q
TRIN,0001786108,2024-09-30,13.13,2025-11-05,10-Q
TRIN,0001786108,2024-09-30,13.13,2026-02-25,10-K
TRIN,0001786108,2024-09-30,13.13,2026-05-06,10-Q
TRIN,0001786108,2024-09-30,13.13,2026-08-05,10-Q
TRIN,0001786108,2024-12-31,13.35,2025-02-26,10-K
TRIN,0001786108,2024-12-31,13.35,2025-05-07,10-Q
TRIN,0001786108,2024-12-31,13.35,2025-08-06,10-Q
TRIN,0001786108,2024-12-31,13.35,2025-11-05,10-Q
TRIN,0001786108,2024-12-31,13.35,2026-02-25,10-K
TRIN,0001786108,2024-12-31,13.35,2026-05-06,10-Q
TRIN,0001786108,2024-12-31,13.35,2026-08-05,10-Q
TRIN,0001786108,2025-03-31,13.05,2025-05-07,10-Q
TRIN,0001786108,2025-03-31,13.05,2025-08-06,10-Q
TRIN,0001786108,2025-03-31,13.05,2025-11-05,10-Q
TRIN,0001786108,2025-03-31,13.05,2026-02-25,10-K
TRIN,0001786108,2025-03-31,13.05,2026-05-06,10-Q
TRIN,0001786108,2025-03-31,13.05,2026-08-05,10-Q
TRIN,0001786108,2025-06-30,13.27,2025-08-06,10-Q
TRIN,0001786108,2025-06-30,13.27,2025-11-05,10-Q
TRIN,0001786108,2025-06-30,13.27,2026-02-25,10-K
TRIN,0001786108,2025-06-30,13.27,2026-05-06,10-Q
TRIN,0001786108,2025-06-30,13.27,2026-08-05,10-Q
TRIN,0001786108,2025-09-30,13.31,2025-11-05,10-Q
TRIN,0001786108,2025-09-30,13.31,2026-02-25,10-K
TRIN,0001786108,2025-09-30,13.31,2026-05-06,10-Q
TRIN,0001786108,2025-09-30,13.31,2026-08-05,10-Q
TRIN,0001786108,2025-12-31,13.42,2026-02-25,10-K
TRIN,0001786108,2025-12-31,13.42,2026-05-06,10-Q
TRIN,0001786108,2025-12-31,13.42,2026-08-05,10-Q
TRIN,0001786108,2026-03-31,13.27,2026-05-06,10-Q
TRIN,0001786108,2026-03-31,13.27,2026-08-05,10-Q
TRIN,0001786108,2026-06-30,13.47,2026-08-05,10-Q
TSLX,0001508655,2013-12-31,15.52,2024-02-15,10-K
TSLX,0001508655,2014-12-31,15.53,2024-02-15,10-K
TSLX,0001508655,2014-12-31,15.53,2025-02-13,10-K
TSLX,0001508655,2015-12-31,15.15,2024-02-15,10-K
TSLX,0001508655,2015-12-31,15.15,2025-02-13,10-K
TSLX,0001508655,2015-12-31,15.15,2026-02-12,10-K
TSLX,0001508655,2016-12-31,15.95,2024-02-15,10-K
TSLX,0001508655,2016-12-31,15.95,2025-02-13,10-K
TSLX,0001508655,2016-12-31,15.95,2026-02-12,10-K
TSLX,0001508655,2017-12-31,16.09,2023-02-16,10-K
TSLX,0001508655,2017-12-31,16.09,2024-02-15,10-K
TSLX,0001508655,2017-12-31,16.09,2025-02-13,10-K
TSLX,0001508655,2017-12-31,16.09,2026-02-12,10-K
TSLX,0001508655,2018-12-31,16.25,2023-02-16,10-K
TSLX,0001508655,2018-12-31,16.25,2024-02-15,10-K
TSLX,0001508655,2018-12-31,16.25,2025-02-13,10-K
TSLX,0001508655,2018-12-31,16.25,2026-02-12,10-K
TSLX,0001508655,2019-12-31,16.83,2023-02-16,10-K
TSLX,0001508655,2019-12-31,16.83,2024-02-15,10-K
TSLX,0001508655,2019-12-31,16.83,2025-02-13,10-K
TSLX,0001508655,2019-12-31,16.83,2026-02-12,10-K
TSLX,0001508655,2020-03-31,15.57,2023-02-16,10-K
TSLX,0001508655,2020-06-30,16.08,2023-02-16,10-K
TSLX,0001508655,2020-09-30,16.87,2023-02-16,10-K
TSLX,0001508655,2020-12-31,17.16,2022-11-01,10-Q
TSLX,0001508655,2020-12-31,17.16,2023-02-16,10-K
TSLX,0001508655,2020-12-31,17.16,2024-02-15,10-K
TSLX,0001508655,2020-12-31,17.16,2025-02-13,10-K
TSLX,0001508655,2020-12-31,17.16,2026-02-12,10-K
TSLX,0001508655,2021-03-31,16.47,2023-02-16,10-K
TSLX,0001508655,2021-03-31,16.47,2024-02-15,10-K
TSLX,0001508655,2021-06-30,16.85,2023-02-16,10-K
TSLX,0001508655,2021-06-30,16.85,2024-02-15,10-K
TSLX,0001508655,2021-09-30,17.18,2022-11-01,10-Q
TSLX,0001508655,2021-09-30,17.18,2023-02-16,10-K
TSLX,0001508655,2021-09-30,17.18,2024-02-15,10-K
TSLX,0001508655,2021-12-31,16.84,2022-11-01,10-Q
TSLX,0001508655,2021-12-31,16.84,2023-02-16,10-K
TSLX,0001508655,2021-12-31,16.84,2023-05-08,10-Q
TSLX,0001508655,2021-12-31,16.84,2023-08-03,10-Q
TSLX,0001508655,2021-12-31,16.84,2023-11-02,10-Q
TSLX,0001508655,2021-12-31,16.84,2024-02-15,10-K
TSLX,0001508655,2021-12-31,16.84,2025-02-13,10-K
TSLX,0001508655,2021-12-31,16.84,2026-02-12,10-K
TSLX,0001508655,2022-03-31,16.88,2023-02-16,10-K
TSLX,0001508655,2022-03-31,16.88,2023-05-08,10-Q
TSLX,0001508655,2022-03-31,16.88,2024-02-15,10-K
TSLX,0001508655,2022-03-31,16.88,2025-02-13,10-K
TSLX,0001508655,2022-06-30,16.27,2023-02-16,10-K
TSLX,0001508655,2022-06-30,16.27,2023-08-03,10-Q
TSLX,0001508655,2022-06-30,16.27,2024-02-15,10-K
TSLX,0001508655,2022-06-30,16.27,2025-02-13,10-K
TSLX,0001508655,2022-09-30,16.36,2022-11-01,10-Q
TSLX,0001508655,2022-09-30,16.36,2023-02-16,10-K
TSLX,0001508655,2022-09-30,16.36,2023-11-02,10-Q
TSLX,0001508655,2022-09-30,16.36,2024-02-15,10-K
TSLX,0001508655,2022-09-30,16.36,2025-02-13,10-K
TSLX,0001508655,2022-12-31,16.48,2023-02-16,10-K
TSLX,0001508655,2022-12-31,16.48,2023-05-08,10-Q
TSLX,0001508655,2022-12-31,16.48,2023-08-03,10-Q
TSLX,0001508655,2022-12-31,16.48,2023-11-02,10-Q
TSLX,0001508655,2022-12-31,16.48,2024-02-15,10-K
TSLX,0001508655,2022-12-31,16.48,2024-05-01,10-Q
TSLX,0001508655,2022-12-31,16.48,2024-07-31,10-Q
TSLX,0001508655,2022-12-31,16.48,2024-11-05,10-Q
TSLX,0001508655,2022-12-31,16.48,2025-02-13,10-K
TSLX,0001508655,2022-12-31,16.48,2026-02-12,10-K
TSLX,0001508655,2023-03-31,16.59,2023-05-08,10-Q
TSLX,0001508655,2023-03-31,16.59,2024-02-15,10-K
TSLX,0001508655,2023-03-31,16.59,2024-05-01,10-Q
TSLX,0001508655,2023-03-31,16.59,2025-02-13,10-K
TSLX,0001508655,2023-03-31,16.59,2026-02-12,10-K
TSLX,0001508655,2023-06-30,16.74,2023-08-03,10-Q
TSLX,0001508655,2023-06-30,16.74,2024-02-15,10-K
TSLX,0001508655,2023-06-30,16.74,2024-07-31,10-Q
TSLX,0001508655,2023-06-30,16.74,2025-02-13,10-K
TSLX,0001508655,2023-06-30,16.74,2026-02-12,10-K
TSLX,0001508655,2023-09-30,16.97,2023-11-02,10-Q
TSLX,0001508655,2023-09-30,16.97,2024-02-15,10-K
TSLX,0001508655,2023-09-30,16.97,2024-11-05,10-Q
TSLX,0001508655,2023-09-30,16.97,2025-02-13,10-K
TSLX,0001508655,2023-09-30,16.97,2026-02-12,10-K
TSLX,0001508655,2023-12-31,17.04,2024-02-15,10-K
TSLX,0001508655,2023-12-31,17.04,2024-05-01,10-Q
TSLX,0001508655,2023-12-31,17.04,2024-07-31,10-Q
TSLX,0001508655,2023-12-31,17.04,2024-11-05,10-Q
TSLX,0001508655,2023-12-31,17.04,2025-02-13,10-K
TSLX,0001508655,2023-12-31,17.04,2025-04-30,10-Q
TSLX,0001508655,2023-12-31,17.04,2025-07-30,10-Q
TSLX,0001508655,2023-12-31,17.04,2025-11-04,10-Q
TSLX,0001508655,2023-12-31,17.04,2026-02-12,10-K
TSLX,0001508655,2024-03-31,17.17,2024-05-01,10-Q
TSLX,0001508655,2024-03-31,17.17,2025-02-13,10-K
TSLX,0001508655,2024-03-31,17.17,2025-04-30,10-Q
TSLX,0001508655,2024-03-31,17.17,2026-02-12,10-K
TSLX,0001508655,2024-06-30,17.19,2024-07-31,10-Q
TSLX,0001508655,2024-06-30,17.19,2025-02-13,10-K
TSLX,0001508655,2024-06-30,17.19,2025-07-30,10-Q
TSLX,0001508655,2024-06-30,17.19,2026-02-12,10-K
TSLX,0001508655,2024-09-30,17.12,2024-11-05,10-Q
TSLX,0001508655,2024-09-30,17.12,2025-02-13,10-K
TSLX,0001508655,2024-09-30,17.12,2025-11-04,10-Q
TSLX,0001508655,2024-09-30,17.12,2026-02-12,10-K
TSLX,0001508655,2024-12-31,17.16,2025-02-13,10-K
TSLX,0001508655,2024-12-31,17.16,2025-04-30,10-Q
TSLX,0001508655,2024-12-31,17.16,2025-07-30,10-Q
TSLX,0001508655,2024-12-31,17.16,2025-11-04,10-Q
TSLX,0001508655,2024-12-31,17.16,2026-02-12,10-K
TSLX,0001508655,2024-12-31,17.16,2026-05-05,10-Q
TSLX,0001508655,2024-12-31,17.16,2026-08-04,10-Q
TSLX,0001508655,2025-03-31,17.04,2025-04-30,10-Q
TSLX,0001508655,2025-03-31,17.04,2026-02-12,10-K
TSLX,0001508655,2025-03-31,17.04,2026-05-05,10-Q
TSLX,0001508655,2025-06-30,17.17,2025-07-30,10-Q
TSLX,0001508655,2025-06-30,17.17,2026-02-12,10-K
TSLX,0001508655,2025-06-30,17.17,2026-08-04,10-Q
TSLX,0001508655,2025-09-30,17.14,2025-11-04,10-Q
TSLX,0001508655,2025-09-30,17.14,2026-02-12,10-K
TSLX,0001508655,2025-12-31,16.98,2026-02-12,10-K
TSLX,0001508655,2025-12-31,16.98,2026-05-05,10-Q
TSLX,0001508655,2025-12-31,16.98,2026-08-04,10-Q
TSLX,0001508655,2026-03-31,16.24,2026-05-05,10-Q
TSLX,0001508655,2026-06-30,16.24,2026-08-04,10-Q
WHF,0001552198,2017-12-31,13.98,2023-03-03,10-K
WHF,0001552198,2018-12-31,15.35,2023-03-03,10-K
WHF,0001552198,2018-12-31,15.35,2024-03-05,10-K
WHF,0001552198,2019-12-31,15.23,2023-03-03,10-K
WHF,0001552198,2019-12-31,15.23,2024-03-05,10-K
WHF,0001552198,2019-12-31,15.23,2025-03-07,10-K
WHF,0001552198,2019-12-31,15.23,2025-06-10,10-K/A
WHF,0001552198,2020-12-31,15.23,2022-11-14,10-Q
WHF,0001552198,2020-12-31,15.23,2023-03-03,10-K
WHF,0001552198,2020-12-31,15.23,2024-03-05,10-K
WHF,0001552198,2020-12-31,15.23,2025-03-07,10-K
WHF,0001552198,2020-12-31,15.23,2025-06-10,10-K/A
WHF,0001552198,2020-12-31,15.23,2026-03-06,10-K
WHF,0001552198,2021-09-30,15.46,2022-11-14,10-Q
WHF,0001552198,2021-12-31,15.1,2022-11-14,10-Q
WHF,0001552198,2021-12-31,15.1,2023-03-03,10-K
WHF,0001552198,2021-12-31,15.1,2023-05-09,10-Q
WHF,0001552198,2021-12-31,15.1,2023-08-08,10-Q
WHF,0001552198,2021-12-31,15.1,2023-11-09,10-Q
WHF,0001552198,2021-12-31,15.1,2024-03-05,10-K
WHF,0001552198,2021-12-31,15.1,2025-03-07,10-K
WHF,0001552198,2021-12-31,15.1,2025-06-10,10-K/A
WHF,0001552198,2021-12-31,15.1,2026-03-06,10-K
WHF,0001552198,2022-03-31,14.99,2023-05-09,10-Q
WHF,0001552198,2022-06-30,14.95,2023-08-08,10-Q
WHF,0001552198,2022-09-30,14.76,2022-11-14,10-Q
WHF,0001552198,2022-09-30,14.76,2023-11-09,10-Q
WHF,0001552198,2022-12-31,14.3,2023-03-03,10-K
WHF,0001552198,2022-12-31,14.3,2023-05-09,10-Q
WHF,0001552198,2022-12-31,14.3,2023-08-08,10-Q
WHF,0001552198,2022-12-31,14.3,2023-11-09,10-Q
WHF,0001552198,2022-12-31,14.3,2024-03-05,10-K
WHF,0001552198,2022-12-31,14.3,2024-05-08,10-Q
WHF,0001552198,2022-12-31,14.3,2024-08-08,10-Q
WHF,0001552198,2022-12-31,14.3,2024-11-07,10-Q
WHF,0001552198,2022-12-31,14.3,2025-03-07,10-K
WHF,0001552198,2022-12-31,14.3,2025-06-10,10-K/A
WHF,0001552198,2022-12-31,14.3,2026-03-06,10-K
WHF,0001552198,2023-03-31,14.2,2023-05-09,10-Q
WHF,0001552198,2023-03-31,14.2,2024-05-08,10-Q
WHF,0001552198,2023-06-30,14,2023-08-08,10-Q
WHF,0001552198,2023-06-30,14,2024-08-08,10-Q
WHF,0001552198,2023-09-30,13.87,2023-11-09,10-Q
WHF,0001552198,2023-09-30,13.87,2024-11-07,10-Q
WHF,0001552198,2023-12-31,13.63,2024-03-05,10-K
WHF,0001552198,2023-12-31,13.63,2024-05-08,10-Q
WHF,0001552198,2023-12-31,13.63,2024-08-08,10-Q
WHF,0001552198,2023-12-31,13.63,2024-11-07,10-Q
WHF,0001552198,2023-12-31,13.63,2025-03-07,10-K
WHF,0001552198,2023-12-31,13.63,2025-05-12,10-Q
WHF,0001552198,2023-12-31,13.63,2025-06-10,10-K/A
WHF,0001552198,2023-12-31,13.63,2025-08-07,10-Q
WHF,0001552198,2023-12-31,13.63,2025-11-10,10-Q
WHF,0001552198,2023-12-31,13.63,2026-03-06,10-K
WHF,0001552198,2024-03-31,13.5,2024-05-08,10-Q
WHF,0001552198,2024-03-31,13.5,2025-05-12,10-Q
WHF,0001552198,2024-06-30,13.45,2024-08-08,10-Q
WHF,0001552198,2024-06-30,13.45,2025-08-07,10-Q
WHF,0001552198,2024-09-30,12.77,2024-11-07,10-Q
WHF,0001552198,2024-09-30,12.77,2025-11-10,10-Q
WHF,0001552198,2024-12-31,12.31,2025-03-07,10-K
WHF,0001552198,2024-12-31,12.31,2025-05-12,10-Q
WHF,0001552198,2024-12-31,12.31,2025-06-10,10-K/A
WHF,0001552198,2024-12-31,12.31,2025-08-07,10-Q
WHF,0001552198,2024-12-31,12.31,2025-11-10,10-Q
WHF,0001552198,2024-12-31,12.31,2026-03-06,10-K
WHF,0001552198,2024-12-31,12.31,2026-05-07,10-Q
WHF,0001552198,2024-12-31,12.31,2026-08-10,10-Q
WHF,0001552198,2025-03-31,12.11,2025-05-12,10-Q
WHF,0001552198,2025-03-31,12.11,2026-05-07,10-Q
WHF,0001552198,2025-06-30,11.82,2025-08-07,10-Q
WHF,0001552198,2025-06-30,11.82,2026-08-10,10-Q
WHF,0001552198,2025-09-30,11.41,2025-11-10,10-Q
WHF,0001552198,2025-12-31,11.68,2026-03-06,10-K
WHF,0001552198,2025-12-31,11.68,2026-05-07,10-Q
WHF,0001552198,2025-12-31,11.68,2026-08-10,10-Q
WHF,0001552198,2026-03-31,11.47,2026-05-07,10-Q
WHF,0001552198,2026-06-30,11.77,2026-08-10,10-Q
