Date,BDC_Index
6/29/07,1000
6/30/07,1000
7/1/07,1000
7/2/07,1009.27
7/3/07,1021.93
7/4/07,1021.93
7/5/07,1021.59
7/6/07,1034.87
7/7/07,1034.87
7/8/07,1034.87
7/9/07,1030.34
7/10/07,1012.36
7/11/07,1009.91
7/12/07,1025.2
7/13/07,1026.79
7/14/07,1026.79
7/15/07,1026.79
7/16/07,1020.75
7/17/07,1019.25
7/18/07,1008.01
7/19/07,1006.41
7/20/07,990.76
7/21/07,990.76
7/22/07,990.76
7/23/07,993.35
7/24/07,956
7/25/07,943.9
7/26/07,910.72
7/27/07,908.21
7/28/07,908.21
7/29/07,908.21
7/30/07,913.87
7/31/07,913.13
8/1/07,892.98
8/2/07,905.62
8/3/07,883.03
8/4/07,883.03
8/5/07,883.03
8/6/07,898.6
8/7/07,915.36
8/8/07,955.1
8/9/07,944.36
8/10/07,943.69
8/11/07,943.69
8/12/07,943.69
8/13/07,932.2
8/14/07,898.12
8/15/07,867.84
8/16/07,887.85
8/17/07,924.81
8/18/07,924.81
8/19/07,924.81
8/20/07,917
8/21/07,930.69
8/22/07,942.46
8/23/07,936.55
8/24/07,945.06
8/25/07,945.06
8/26/07,945.06
8/27/07,937.47
8/28/07,912.21
8/29/07,930.66
8/30/07,928.79
8/31/07,943.03
9/1/07,943.03
9/2/07,943.03
9/3/07,943.03
9/4/07,954.74
9/5/07,939.57
9/6/07,941.73
9/7/07,923.25
9/8/07,923.25
9/9/07,923.25
9/10/07,922.61
9/11/07,925.01
9/12/07,918.74
9/13/07,920.76
9/14/07,924.93
9/15/07,924.93
9/16/07,924.93
9/17/07,918.52
9/18/07,949.58
9/19/07,961.11
9/20/07,948.37
9/21/07,955.06
9/22/07,955.06
9/23/07,955.06
9/24/07,944.55
9/25/07,946.28
9/26/07,958.08
9/27/07,969.34
9/28/07,962.55
9/29/07,962.55
9/30/07,962.55
10/1/07,974.13
10/2/07,975.69
10/3/07,968.36
10/4/07,983.91
10/5/07,992.05
10/6/07,992.05
10/7/07,992.05
10/8/07,986.66
10/9/07,997.06
10/10/07,995.99
10/11/07,985.59
10/12/07,987.71
10/13/07,987.71
10/14/07,987.71
10/15/07,976.36
10/16/07,964.35
10/17/07,962.22
10/18/07,960.24
10/19/07,925.63
10/20/07,925.63
10/21/07,925.63
10/22/07,938.63
10/23/07,944.13
10/24/07,935.43
10/25/07,928.04
10/26/07,943.21
10/27/07,943.21
10/28/07,943.21
10/29/07,942.42
10/30/07,931.99
10/31/07,943.62
11/1/07,913.35
11/2/07,912.2
11/3/07,912.2
11/4/07,912.2
11/5/07,901.44
11/6/07,911.74
11/7/07,860.28
11/8/07,870
11/9/07,874.81
11/10/07,874.81
11/11/07,874.81
11/12/07,874.41
11/13/07,898.19
11/14/07,886.67
11/15/07,878.61
11/16/07,877.31
11/17/07,877.31
11/18/07,877.31
11/19/07,853.73
11/20/07,849.29
11/21/07,843.13
11/22/07,843.13
11/23/07,855.66
11/24/07,855.66
11/25/07,855.66
11/26/07,816.4
11/27/07,823
11/28/07,859.09
11/29/07,842.15
11/30/07,845.13
12/1/07,845.13
12/2/07,845.13
12/3/07,833.2
12/4/07,820.65
12/5/07,830.85
12/6/07,857.53
12/7/07,855.05
12/8/07,855.05
12/9/07,855.05
12/10/07,869.02
12/11/07,839.43
12/12/07,846.43
12/13/07,837.4
12/14/07,821.06
12/15/07,821.06
12/16/07,821.06
12/17/07,800.08
12/18/07,813.9
12/19/07,821.43
12/20/07,818.04
12/21/07,845.82
12/22/07,845.82
12/23/07,845.82
12/24/07,860.94
12/25/07,845.82
12/26/07,860.89
12/27/07,827.33
12/28/07,830.29
12/29/07,830.29
12/30/07,830.29
12/31/07,822.08
1/1/08,830.29
1/2/08,815.46
1/3/08,813.75
1/4/08,789.25
1/5/08,789.25
1/6/08,789.25
1/7/08,800.81
1/8/08,773.15
1/9/08,777.73
1/10/08,799.12
1/11/08,787.75
1/12/08,787.75
1/13/08,787.75
1/14/08,793.33
1/15/08,778.07
1/16/08,790.9
1/17/08,766.09
1/18/08,747.65
1/19/08,747.65
1/20/08,747.65
1/21/08,747.65
1/22/08,745.2
1/23/08,794.39
1/24/08,789.86
1/25/08,786.1
1/26/08,786.1
1/27/08,786.1
1/28/08,802.31
1/29/08,810.63
1/30/08,797.49
1/31/08,824.64
2/1/08,836.08
2/2/08,836.08
2/3/08,836.08
2/4/08,833.11
2/5/08,803.9
2/6/08,796.12
2/7/08,815.13
2/8/08,809.58
2/9/08,809.58
2/10/08,809.58
2/11/08,812.31
2/12/08,810.56
2/13/08,828.87
2/14/08,808.97
2/15/08,810.91
2/16/08,810.91
2/17/08,810.91
2/18/08,810.91
2/19/08,816.8
2/20/08,829.31
2/21/08,820.95
2/22/08,820.05
2/23/08,820.05
2/24/08,820.05
2/25/08,834.92
2/26/08,841.63
2/27/08,856.68
2/28/08,841.22
2/29/08,816.8
3/1/08,816.8
3/2/08,816.8
3/3/08,795.03
3/4/08,796.16
3/5/08,800.05
3/6/08,771.97
3/7/08,778.31
3/8/08,778.31
3/9/08,778.31
3/10/08,759.29
3/11/08,801
3/12/08,792.46
3/13/08,798.49
3/14/08,770.74
3/15/08,770.74
3/16/08,770.74
3/17/08,765.59
3/18/08,805.33
3/19/08,797.14
3/20/08,816.65
3/21/08,816.65
3/22/08,816.65
3/23/08,816.65
3/24/08,826.38
3/25/08,828.2
3/26/08,813.84
3/27/08,808.36
3/28/08,799.08
3/29/08,799.08
3/30/08,799.08
3/31/08,803.26
4/1/08,819.06
4/2/08,818.41
4/3/08,821.4
4/4/08,816.38
4/5/08,816.38
4/6/08,816.38
4/7/08,814.1
4/8/08,811.75
4/9/08,791.36
4/10/08,797.14
4/11/08,770.38
4/12/08,770.38
4/13/08,770.38
4/14/08,761.52
4/15/08,766.32
4/16/08,775.64
4/17/08,773.63
4/18/08,786.53
4/19/08,786.53
4/20/08,786.53
4/21/08,779.19
4/22/08,755.22
4/23/08,758.03
4/24/08,771.42
4/25/08,774.2
4/26/08,774.2
4/27/08,774.2
4/28/08,781.3
4/29/08,782.69
4/30/08,776.55
5/1/08,797.56
5/2/08,800.72
5/3/08,800.72
5/4/08,800.72
5/5/08,787.9
5/6/08,792.08
5/7/08,783.72
5/8/08,777.22
5/9/08,779.08
5/10/08,779.08
5/11/08,779.08
5/12/08,798.22
5/13/08,802.48
5/14/08,806.25
5/15/08,810.08
5/16/08,804.29
5/17/08,804.29
5/18/08,804.29
5/19/08,804.03
5/20/08,802.38
5/21/08,794.15
5/22/08,802.38
5/23/08,798.41
5/24/08,798.41
5/25/08,798.41
5/26/08,798.41
5/27/08,807.18
5/28/08,797.75
5/29/08,804.1
5/30/08,799.38
5/31/08,799.38
6/1/08,799.38
6/2/08,785.98
6/3/08,784.83
6/4/08,788.97
6/5/08,802.26
6/6/08,780.9
6/7/08,780.9
6/8/08,780.9
6/9/08,770.07
6/10/08,777.49
6/11/08,758.58
6/12/08,761.86
6/13/08,773.08
6/14/08,773.08
6/15/08,773.08
6/16/08,780.74
6/17/08,757.11
6/18/08,746.54
6/19/08,747.13
6/20/08,731.55
6/21/08,731.55
6/22/08,731.55
6/23/08,713.59
6/24/08,711.14
6/25/08,718.95
6/26/08,697.45
6/27/08,690.43
6/28/08,690.43
6/29/08,690.43
6/30/08,668.69
7/1/08,661.94
7/2/08,650.4
7/3/08,640.24
7/4/08,640.24
7/5/08,640.24
7/6/08,640.24
7/7/08,620.52
7/8/08,656.46
7/9/08,633.54
7/10/08,642.22
7/11/08,640.2
7/12/08,640.2
7/13/08,640.2
7/14/08,613.73
7/15/08,589.01
7/16/08,635.82
7/17/08,662.66
7/18/08,655.87
7/19/08,655.87
7/20/08,655.87
7/21/08,658.52
7/22/08,686.97
7/23/08,702.47
7/24/08,680.4
7/25/08,682
7/26/08,682
7/27/08,682
7/28/08,651.86
7/29/08,679.18
7/30/08,693.53
7/31/08,695.88
8/1/08,686.28
8/2/08,686.28
8/3/08,686.28
8/4/08,669.65
8/5/08,687.4
8/6/08,701.12
8/7/08,656.96
8/8/08,689.66
8/9/08,689.66
8/10/08,689.66
8/11/08,707.78
8/12/08,697.16
8/13/08,705.27
8/14/08,722.13
8/15/08,721.94
8/16/08,721.94
8/17/08,721.94
8/18/08,719.52
8/19/08,710.33
8/20/08,718.26
8/21/08,710.61
8/22/08,727.69
8/23/08,727.69
8/24/08,727.69
8/25/08,711.26
8/26/08,717.75
8/27/08,727.04
8/28/08,744.81
8/29/08,733.5
8/30/08,733.5
8/31/08,733.5
9/1/08,733.5
9/2/08,730.67
9/3/08,735.94
9/4/08,717.3
9/5/08,723.64
9/6/08,723.64
9/7/08,723.64
9/8/08,741.43
9/9/08,707.5
9/10/08,719.12
9/11/08,723.69
9/12/08,717.32
9/13/08,717.32
9/14/08,717.32
9/15/08,674.97
9/16/08,695.34
9/17/08,639.76
9/18/08,733.83
9/19/08,766.68
9/20/08,766.68
9/21/08,766.68
9/22/08,750.95
9/23/08,752.24
9/24/08,735.22
9/25/08,754.51
9/26/08,746.11
9/27/08,746.11
9/28/08,746.11
9/29/08,678.29
9/30/08,719.96
10/1/08,708.51
10/2/08,675.98
10/3/08,649.53
10/4/08,649.53
10/5/08,649.53
10/6/08,597.17
10/7/08,533.65
10/8/08,504.45
10/9/08,439.6
10/10/08,480.25
10/11/08,480.25
10/12/08,480.25
10/13/08,564.56
10/14/08,549.05
10/15/08,492.68
10/16/08,540.76
10/17/08,524.94
10/18/08,524.94
10/19/08,524.94
10/20/08,543.64
10/21/08,525.79
10/22/08,484.09
10/23/08,464.8
10/24/08,445.31
10/25/08,445.31
10/26/08,445.31
10/27/08,429.05
10/28/08,480.13
10/29/08,482.04
10/30/08,506.66
10/31/08,526.89
11/1/08,526.89
11/2/08,526.89
11/3/08,531.34
11/4/08,548.87
11/5/08,509.62
11/6/08,484.57
11/7/08,486.78
11/8/08,486.78
11/9/08,486.78
11/10/08,431.36
11/11/08,403.62
11/12/08,374.7
11/13/08,411.31
11/14/08,381.96
11/15/08,381.96
11/16/08,381.96
11/17/08,376.23
11/18/08,371.67
11/19/08,333.97
11/20/08,307.77
11/21/08,313.56
11/22/08,313.56
11/23/08,313.56
11/24/08,344.48
11/25/08,342.28
11/26/08,365.33
11/27/08,365.33
11/28/08,380.76
11/29/08,380.76
11/30/08,380.76
12/1/08,337.06
12/2/08,362.61
12/3/08,379.75
12/4/08,363.23
12/5/08,384.59
12/6/08,384.59
12/7/08,384.59
12/8/08,400.33
12/9/08,380.99
12/10/08,386.1
12/11/08,367.1
12/12/08,386.63
12/13/08,386.63
12/14/08,386.63
12/15/08,376.51
12/16/08,397.31
12/17/08,398.07
12/18/08,396.54
12/19/08,401.86
12/20/08,401.86
12/21/08,401.86
12/22/08,392.35
12/23/08,383.87
12/24/08,384.05
12/25/08,383.87
12/26/08,387.69
12/27/08,387.69
12/28/08,387.69
12/29/08,372.22
12/30/08,387.09
12/31/08,411.23
1/1/09,387.09
1/2/09,430.07
1/3/09,430.07
1/4/09,430.07
1/5/09,446.45
1/6/09,475.65
1/7/09,452.73
1/8/09,461.24
1/9/09,435.3
1/10/09,435.3
1/11/09,435.3
1/12/09,418.14
1/13/09,427.78
1/14/09,402.79
1/15/09,406.05
1/16/09,410.83
1/17/09,410.83
1/18/09,410.83
1/19/09,410.83
1/20/09,365.61
1/21/09,399.88
1/22/09,380.82
1/23/09,382.84
1/24/09,382.84
1/25/09,382.84
1/26/09,386.12
1/27/09,392.45
1/28/09,407.15
1/29/09,379.02
1/30/09,362
1/31/09,362
2/1/09,362
2/2/09,372.47
2/3/09,369.04
2/4/09,330.18
2/5/09,339.51
2/6/09,350.5
2/7/09,350.5
2/8/09,350.5
2/9/09,355.33
2/10/09,329.84
2/11/09,329.56
2/12/09,327.27
2/13/09,319.35
2/14/09,319.35
2/15/09,319.35
2/16/09,319.35
2/17/09,303.36
2/18/09,296.76
2/19/09,292.02
2/20/09,287.21
2/21/09,287.21
2/22/09,287.21
2/23/09,269.63
2/24/09,283.72
2/25/09,275.07
2/26/09,274.18
2/27/09,268.69
2/28/09,268.69
3/1/09,268.69
3/2/09,252.14
3/3/09,231.82
3/4/09,244.39
3/5/09,220.54
3/6/09,219.16
3/7/09,219.16
3/8/09,219.16
3/9/09,211.49
3/10/09,231.09
3/11/09,230.67
3/12/09,259.67
3/13/09,260.41
3/14/09,260.41
3/15/09,260.41
3/16/09,267.58
3/17/09,276.27
3/18/09,293.56
3/19/09,286.27
3/20/09,278.16
3/21/09,278.16
3/22/09,278.16
3/23/09,313.38
3/24/09,307.28
3/25/09,316.36
3/26/09,331.72
3/27/09,315.55
3/28/09,315.55
3/29/09,315.55
3/30/09,290.17
3/31/09,313.55
4/1/09,333.62
4/2/09,361.79
4/3/09,359.83
4/4/09,359.83
4/5/09,359.83
4/6/09,347.92
4/7/09,336.56
4/8/09,346.75
4/9/09,375.22
4/10/09,375.22
4/11/09,375.22
4/12/09,375.22
4/13/09,382.94
4/14/09,363.08
4/15/09,373.53
4/16/09,384.59
4/17/09,386.73
4/18/09,386.73
4/19/09,386.73
4/20/09,350.46
4/21/09,374.67
4/22/09,365.83
4/23/09,364.32
4/24/09,379.11
4/25/09,379.11
4/26/09,379.11
4/27/09,360.74
4/28/09,374.37
4/29/09,386.01
4/30/09,383.33
5/1/09,396.5
5/2/09,396.5
5/3/09,396.5
5/4/09,422.47
5/5/09,424.56
5/6/09,411.36
5/7/09,407.05
5/8/09,437.25
5/9/09,437.25
5/10/09,437.25
5/11/09,436.02
5/12/09,436.22
5/13/09,404.72
5/14/09,417.4
5/15/09,401.59
5/16/09,401.59
5/17/09,401.59
5/18/09,426.63
5/19/09,423
5/20/09,419.35
5/21/09,417.83
5/22/09,415.19
5/23/09,415.19
5/24/09,415.19
5/25/09,415.19
5/26/09,431.27
5/27/09,408.71
5/28/09,413.85
5/29/09,421.63
5/30/09,421.63
5/31/09,421.63
6/1/09,441.98
6/2/09,444.71
6/3/09,440.58
6/4/09,458.82
6/5/09,450.79
6/6/09,450.79
6/7/09,450.79
6/8/09,446.76
6/9/09,447.78
6/10/09,446.3
6/11/09,452.83
6/12/09,463.57
6/13/09,463.57
6/14/09,463.57
6/15/09,464.74
6/16/09,447.28
6/17/09,449.62
6/18/09,458.34
6/19/09,463.1
6/20/09,463.1
6/21/09,463.1
6/22/09,430.82
6/23/09,420.06
6/24/09,430.23
6/25/09,443.01
6/26/09,470.25
6/27/09,470.25
6/28/09,470.25
6/29/09,458.66
6/30/09,465.07
7/1/09,476.73
7/2/09,461.3
7/3/09,461.3
7/4/09,461.3
7/5/09,461.3
7/6/09,456.5
7/7/09,443.25
7/8/09,429.88
7/9/09,433.79
7/10/09,433.6
7/11/09,433.6
7/12/09,433.6
7/13/09,445.99
7/14/09,446.08
7/15/09,465.81
7/16/09,467.35
7/17/09,463.54
7/18/09,463.54
7/19/09,463.54
7/20/09,465.59
7/21/09,463.05
7/22/09,471.89
7/23/09,490.82
7/24/09,493.41
7/25/09,493.41
7/26/09,493.41
7/27/09,502.88
7/28/09,512.32
7/29/09,514.93
7/30/09,528.57
7/31/09,531.31
8/1/09,531.31
8/2/09,531.31
8/3/09,531.64
8/4/09,537.83
8/5/09,519.92
8/6/09,518.51
8/7/09,553.83
8/8/09,553.83
8/9/09,553.83
8/10/09,554.83
8/11/09,539.58
8/12/09,549.3
8/13/09,551.42
8/14/09,531.78
8/15/09,531.78
8/16/09,531.78
8/17/09,515.13
8/18/09,523.92
8/19/09,524.98
8/20/09,534.28
8/21/09,541.77
8/22/09,541.77
8/23/09,541.77
8/24/09,537.2
8/25/09,538.53
8/26/09,538.65
8/27/09,538.48
8/28/09,534.98
8/29/09,534.98
8/30/09,534.98
8/31/09,526.72
9/1/09,510.41
9/2/09,507.76
9/3/09,518.6
9/4/09,521.86
9/5/09,521.86
9/6/09,521.86
9/7/09,521.86
9/8/09,528.74
9/9/09,540
9/10/09,543.3
9/11/09,545.82
9/12/09,545.82
9/13/09,545.82
9/14/09,555.97
9/15/09,563.71
9/16/09,584.93
9/17/09,582.96
9/18/09,585.25
9/19/09,585.25
9/20/09,585.25
9/21/09,580.15
9/22/09,588.07
9/23/09,584.1
9/24/09,570.44
9/25/09,567.83
9/26/09,567.83
9/27/09,567.83
9/28/09,585.11
9/29/09,562.38
9/30/09,571.22
10/1/09,551.82
10/2/09,548.95
10/3/09,548.95
10/4/09,548.95
10/5/09,560.36
10/6/09,567.48
10/7/09,570.6
10/8/09,574.71
10/9/09,573.51
10/10/09,573.51
10/11/09,573.51
10/12/09,573.79
10/13/09,567.11
10/14/09,579.91
10/15/09,579.72
10/16/09,573.74
10/17/09,573.74
10/18/09,573.74
10/19/09,577.86
10/20/09,567.54
10/21/09,559.7
10/22/09,572.72
10/23/09,562.42
10/24/09,562.42
10/25/09,562.42
10/26/09,568.77
10/27/09,565.47
10/28/09,538.87
10/29/09,554.01
10/30/09,536.52
10/31/09,536.52
11/1/09,536.52
11/2/09,534.55
11/3/09,531.88
11/4/09,531.14
11/5/09,559.01
11/6/09,556.64
11/7/09,556.64
11/8/09,556.64
11/9/09,561.11
11/10/09,555.1
11/11/09,559.56
11/12/09,546.23
11/13/09,552.33
11/14/09,552.33
11/15/09,552.33
11/16/09,565.14
11/17/09,570.96
11/18/09,574.9
11/19/09,567.08
11/20/09,565.89
11/21/09,565.89
11/22/09,565.89
11/23/09,575.76
11/24/09,577.65
11/25/09,572.6
11/26/09,572.6
11/27/09,560.18
11/28/09,560.18
11/29/09,560.18
11/30/09,567.92
12/1/09,570.88
12/2/09,573.57
12/3/09,565.46
12/4/09,584.69
12/5/09,584.69
12/6/09,584.69
12/7/09,589.23
12/8/09,583
12/9/09,581.03
12/10/09,580.2
12/11/09,586.44
12/12/09,586.44
12/13/09,586.44
12/14/09,590.62
12/15/09,580.25
12/16/09,587.95
12/17/09,582.05
12/18/09,582.21
12/19/09,582.21
12/20/09,582.21
12/21/09,586.82
12/22/09,593.08
12/23/09,596.34
12/24/09,599.47
12/25/09,596.34
12/26/09,596.34
12/27/09,596.34
12/28/09,600.25
12/29/09,604
12/30/09,603.64
12/31/09,595.92
1/1/10,603.64
1/2/10,603.64
1/3/10,603.64
1/4/10,613.07
1/5/10,615.16
1/6/10,615.22
1/7/10,624.34
1/8/10,634.08
1/9/10,634.08
1/10/10,634.08
1/11/10,639
1/12/10,637.18
1/13/10,647.46
1/14/10,652.47
1/15/10,644.65
1/16/10,644.65
1/17/10,644.65
1/18/10,644.65
1/19/10,664.45
1/20/10,665.32
1/21/10,645.82
1/22/10,630.18
1/23/10,630.18
1/24/10,630.18
1/25/10,633.9
1/26/10,620.29
1/27/10,627.37
1/28/10,618.72
1/29/10,611.41
1/30/10,611.41
1/31/10,611.41
2/1/10,611.06
2/2/10,617.6
2/3/10,618.6
2/4/10,593
2/5/10,599.92
2/6/10,599.92
2/7/10,599.92
2/8/10,598.98
2/9/10,601.04
2/10/10,607.64
2/11/10,615.73
2/12/10,614.45
2/13/10,614.45
2/14/10,614.45
2/15/10,614.45
2/16/10,632.75
2/17/10,640.47
2/18/10,643.51
2/19/10,646.07
2/20/10,646.07
2/21/10,646.07
2/22/10,655.32
2/23/10,648.63
2/24/10,662.16
2/25/10,666.71
2/26/10,666.98
2/27/10,666.98
2/28/10,666.98
3/1/10,680.19
3/2/10,680.25
3/3/10,679.17
3/4/10,689.73
3/5/10,705.43
3/6/10,705.43
3/7/10,705.43
3/8/10,714.02
3/9/10,714.9
3/10/10,718.29
3/11/10,727.33
3/12/10,726.37
3/13/10,726.37
3/14/10,726.37
3/15/10,730.24
3/16/10,729.58
3/17/10,736.92
3/18/10,733.62
3/19/10,720.63
3/20/10,720.63
3/21/10,720.63
3/22/10,729.9
3/23/10,743.55
3/24/10,738.8
3/25/10,734.21
3/26/10,738.96
3/27/10,738.96
3/28/10,738.96
3/29/10,740.84
3/30/10,742.97
3/31/10,740.12
4/1/10,748.41
4/2/10,748.41
4/3/10,748.41
4/4/10,748.41
4/5/10,758.82
4/6/10,763.71
4/7/10,761.38
4/8/10,762.26
4/9/10,761.01
4/10/10,761.01
4/11/10,761.01
4/12/10,766.64
4/13/10,776.52
4/14/10,795.61
4/15/10,800.51
4/16/10,782.4
4/17/10,782.4
4/18/10,782.4
4/19/10,785.27
4/20/10,799.06
4/21/10,797.9
4/22/10,802.86
4/23/10,815.9
4/24/10,815.9
4/25/10,815.9
4/26/10,813.23
4/27/10,784.93
4/28/10,788.89
4/29/10,807.69
4/30/10,783.51
5/1/10,783.51
5/2/10,783.51
5/3/10,798.76
5/4/10,773.42
5/5/10,758.31
5/6/10,710.74
5/7/10,697.97
5/8/10,697.97
5/9/10,697.97
5/10/10,745.54
5/11/10,750.85
5/12/10,773.59
5/13/10,765.47
5/14/10,739.7
5/15/10,739.7
5/16/10,739.7
5/17/10,736.61
5/18/10,722.92
5/19/10,713.72
5/20/10,672.24
5/21/10,690.6
5/22/10,690.6
5/23/10,690.6
5/24/10,680.32
5/25/10,679.87
5/26/10,686.82
5/27/10,715.93
5/28/10,704.37
5/29/10,704.37
5/30/10,704.37
5/31/10,704.37
6/1/10,683.1
6/2/10,706.21
6/3/10,703
6/4/10,675.42
6/5/10,675.42
6/6/10,675.42
6/7/10,663.2
6/8/10,662.44
6/9/10,670.11
6/10/10,691.91
6/11/10,706.29
6/12/10,706.29
6/13/10,706.29
6/14/10,709.52
6/15/10,727.64
6/16/10,721.37
6/17/10,714.07
6/18/10,718.67
6/19/10,718.67
6/20/10,718.67
6/21/10,713.09
6/22/10,705.88
6/23/10,704.54
6/24/10,693.08
6/25/10,710.78
6/26/10,710.78
6/27/10,710.78
6/28/10,710.43
6/29/10,679.28
6/30/10,676.57
7/1/10,671.45
7/2/10,664.38
7/3/10,664.38
7/4/10,664.38
7/5/10,664.38
7/6/10,661.03
7/7/10,687.66
7/8/10,701.88
7/9/10,710.83
7/10/10,710.83
7/11/10,710.83
7/12/10,704.01
7/13/10,724.13
7/14/10,711.74
7/15/10,712.3
7/16/10,692.26
7/17/10,692.26
7/18/10,692.26
7/19/10,698.72
7/20/10,709.18
7/21/10,694.99
7/22/10,711.64
7/23/10,722.24
7/24/10,722.24
7/25/10,722.24
7/26/10,731.43
7/27/10,733.29
7/28/10,725.74
7/29/10,731.11
7/30/10,729.66
7/31/10,729.66
8/1/10,729.66
8/2/10,737.75
8/3/10,734.53
8/4/10,745.94
8/5/10,736.91
8/6/10,735.77
8/7/10,735.77
8/8/10,735.77
8/9/10,742.62
8/10/10,730.78
8/11/10,702.77
8/12/10,706.64
8/13/10,700.23
8/14/10,700.23
8/15/10,700.23
8/16/10,708.77
8/17/10,721.72
8/18/10,720.15
8/19/10,699.75
8/20/10,708.7
8/21/10,708.7
8/22/10,708.7
8/23/10,701.52
8/24/10,694.36
8/25/10,705.44
8/26/10,699.96
8/27/10,719.54
8/28/10,719.54
8/29/10,719.54
8/30/10,703.83
8/31/10,710.7
9/1/10,732.34
9/2/10,738.19
9/3/10,752.24
9/4/10,752.24
9/5/10,752.24
9/6/10,752.24
9/7/10,742.9
9/8/10,749.96
9/9/10,755.48
9/10/10,761.46
9/11/10,761.46
9/12/10,761.46
9/13/10,771.4
9/14/10,768.95
9/15/10,769.64
9/16/10,760.72
9/17/10,765.38
9/18/10,765.38
9/19/10,765.38
9/20/10,781.53
9/21/10,772.71
9/22/10,761.53
9/23/10,752.25
9/24/10,775.79
9/25/10,775.79
9/26/10,775.79
9/27/10,778.85
9/28/10,786.26
9/29/10,787.98
9/30/10,785.18
10/1/10,792.76
10/2/10,792.76
10/3/10,792.76
10/4/10,782.92
10/5/10,799.34
10/6/10,801.49
10/7/10,795.98
10/8/10,808.48
10/9/10,808.48
10/10/10,808.48
10/11/10,808.73
10/12/10,807.65
10/13/10,816.65
10/14/10,816.05
10/15/10,813.59
10/16/10,813.59
10/17/10,813.59
10/18/10,827.09
10/19/10,810.36
10/20/10,823.93
10/21/10,822.6
10/22/10,824.1
10/23/10,824.1
10/24/10,824.1
10/25/10,827.84
10/26/10,833.59
10/27/10,833.48
10/28/10,830.75
10/29/10,834.74
10/30/10,834.74
10/31/10,834.74
11/1/10,833.34
11/2/10,849.9
11/3/10,854.05
11/4/10,873.52
11/5/10,879.17
11/6/10,879.17
11/7/10,879.17
11/8/10,877.79
11/9/10,864.78
11/10/10,861.79
11/11/10,855.04
11/12/10,844.38
11/13/10,844.38
11/14/10,844.38
11/15/10,848.14
11/16/10,825.77
11/17/10,832.11
11/18/10,845.32
11/19/10,848.4
11/20/10,848.4
11/21/10,848.4
11/22/10,850.58
11/23/10,837.45
11/24/10,852.68
11/25/10,852.68
11/26/10,851.29
11/27/10,851.29
11/28/10,851.29
11/29/10,851.29
11/30/10,841.57
12/1/10,856.38
12/2/10,863.05
12/3/10,866.12
12/4/10,866.12
12/5/10,866.12
12/6/10,870.21
12/7/10,873.63
12/8/10,879.97
12/9/10,881.63
12/10/10,889.82
12/11/10,889.82
12/12/10,889.82
12/13/10,886.74
12/14/10,884.18
12/15/10,873.11
12/16/10,880.54
12/17/10,881
12/18/10,881
12/19/10,881
12/20/10,880.79
12/21/10,892.47
12/22/10,896.81
12/23/10,893.82
12/24/10,893.82
12/25/10,893.82
12/26/10,893.82
12/27/10,894.99
12/28/10,890.01
12/29/10,889.35
12/30/10,886.41
12/31/10,882.79
1/1/11,882.79
1/2/11,882.79
1/3/11,901
1/4/11,894
1/5/11,904.79
1/6/11,899.21
1/7/11,898.75
1/8/11,898.75
1/9/11,898.75
1/10/11,903.03
1/11/11,909.12
1/12/11,922.42
1/13/11,921.57
1/14/11,926.61
1/15/11,926.61
1/16/11,926.61
1/17/11,926.61
1/18/11,933.11
1/19/11,900.63
1/20/11,888.02
1/21/11,895.93
1/22/11,895.93
1/23/11,895.93
1/24/11,903.59
1/25/11,906.79
1/26/11,919.2
1/27/11,925.16
1/28/11,899.96
1/29/11,899.96
1/30/11,899.96
1/31/11,908.92
2/1/11,928.46
2/2/11,930.67
2/3/11,930.55
2/4/11,932.47
2/5/11,932.47
2/6/11,932.47
2/7/11,939.66
2/8/11,939.87
2/9/11,937.02
2/10/11,934.75
2/11/11,946.49
2/12/11,946.49
2/13/11,946.49
2/14/11,945.44
2/15/11,947.06
2/16/11,963.16
2/17/11,971.04
2/18/11,968.52
2/19/11,968.52
2/20/11,968.52
2/21/11,968.52
2/22/11,945.8
2/23/11,938.2
2/24/11,951.43
2/25/11,966.63
2/26/11,966.63
2/27/11,966.63
2/28/11,970.12
3/1/11,952.48
3/2/11,956.15
3/3/11,970.71
3/4/11,962.89
3/5/11,962.89
3/6/11,962.89
3/7/11,949.55
3/8/11,954.92
3/9/11,939.92
3/10/11,925.52
3/11/11,925.97
3/12/11,925.97
3/13/11,925.97
3/14/11,914.48
3/15/11,899.72
3/16/11,884.55
3/17/11,891.21
3/18/11,904.65
3/19/11,904.65
3/20/11,904.65
3/21/11,922.54
3/22/11,912.47
3/23/11,917.9
3/24/11,924.26
3/25/11,929.01
3/26/11,929.01
3/27/11,929.01
3/28/11,929.82
3/29/11,934.08
3/30/11,945.69
3/31/11,948.85
4/1/11,955.87
4/2/11,955.87
4/3/11,955.87
4/4/11,960.75
4/5/11,959.65
4/6/11,968.05
4/7/11,958.75
4/8/11,948.71
4/9/11,948.71
4/10/11,948.71
4/11/11,935.3
4/12/11,922.79
4/13/11,923.47
4/14/11,926.73
4/15/11,934.63
4/16/11,934.63
4/17/11,934.63
4/18/11,924.38
4/19/11,920.81
4/20/11,931.49
4/21/11,941.34
4/22/11,941.34
4/23/11,941.34
4/24/11,941.34
4/25/11,940.27
4/26/11,949.2
4/27/11,953.16
4/28/11,957.77
4/29/11,966.02
4/30/11,966.02
5/1/11,966.02
5/2/11,954.08
5/3/11,952.8
5/4/11,948.78
5/5/11,937.07
5/6/11,937.95
5/7/11,937.95
5/8/11,937.95
5/9/11,942.34
5/10/11,955.47
5/11/11,943.46
5/12/11,949.1
5/13/11,936
5/14/11,936
5/15/11,936
5/16/11,922.56
5/17/11,913.69
5/18/11,927.25
5/19/11,933.78
5/20/11,924.12
5/21/11,924.12
5/22/11,924.12
5/23/11,910.67
5/24/11,909.46
5/25/11,917.45
5/26/11,925.32
5/27/11,925.73
5/28/11,925.73
5/29/11,925.73
5/30/11,925.73
5/31/11,940.44
6/1/11,909.97
6/2/11,919.02
6/3/11,912.79
6/4/11,912.79
6/5/11,912.79
6/6/11,903.33
6/7/11,905.68
6/8/11,899.98
6/9/11,903.67
6/10/11,889.83
6/11/11,889.83
6/12/11,889.83
6/13/11,890.33
6/14/11,906.7
6/15/11,890.02
6/16/11,884.51
6/17/11,884.51
6/18/11,884.51
6/19/11,884.51
6/20/11,889.85
6/21/11,895.68
6/22/11,885.5
6/23/11,890.51
6/24/11,885.62
6/25/11,885.62
6/26/11,885.62
6/27/11,891.89
6/28/11,891.01
6/29/11,894.92
6/30/11,906.68
7/1/11,914.26
7/2/11,914.26
7/3/11,914.26
7/4/11,914.26
7/5/11,910.3
7/6/11,919.44
7/7/11,932.21
7/8/11,927.02
7/9/11,927.02
7/10/11,927.02
7/11/11,907.8
7/12/11,906.75
7/13/11,911.96
7/14/11,901.33
7/15/11,900.66
7/16/11,900.66
7/17/11,900.66
7/18/11,882.64
7/19/11,897.66
7/20/11,901.71
7/21/11,916.32
7/22/11,916.51
7/23/11,916.51
7/24/11,916.51
7/25/11,910.14
7/26/11,904.92
7/27/11,880.05
7/28/11,879.47
7/29/11,867.39
7/30/11,867.39
7/31/11,867.39
8/1/11,882.6
8/2/11,863.08
8/3/11,861.38
8/4/11,814.98
8/5/11,792.13
8/6/11,792.13
8/7/11,792.13
8/8/11,720.45
8/9/11,779.65
8/10/11,735.4
8/11/11,783.89
8/12/11,786.93
8/13/11,786.93
8/14/11,786.93
8/15/11,813.4
8/16/11,809.11
8/17/11,815.51
8/18/11,770.67
8/19/11,755.64
8/20/11,755.64
8/21/11,755.64
8/22/11,758.48
8/23/11,790.38
8/24/11,795.51
8/25/11,776.71
8/26/11,792.76
8/27/11,792.76
8/28/11,792.76
8/29/11,831.04
8/30/11,825.66
8/31/11,828.3
9/1/11,806.19
9/2/11,779.54
9/3/11,779.54
9/4/11,779.54
9/5/11,779.54
9/6/11,779.97
9/7/11,811.86
9/8/11,795.14
9/9/11,783.11
9/10/11,783.11
9/11/11,783.11
9/12/11,793.7
9/13/11,804.33
9/14/11,809.46
9/15/11,814.49
9/16/11,812.91
9/17/11,812.91
9/18/11,812.91
9/19/11,799.13
9/20/11,792.76
9/21/11,763.67
9/22/11,750.89
9/23/11,753.92
9/24/11,753.92
9/25/11,753.92
9/26/11,765.86
9/27/11,773.74
9/28/11,741.86
9/29/11,769.43
9/30/11,740.92
10/1/11,740.92
10/2/11,740.92
10/3/11,706.67
10/4/11,730.76
10/5/11,739.2
10/6/11,757.59
10/7/11,737.11
10/8/11,737.11
10/9/11,737.11
10/10/11,764.05
10/11/11,767.83
10/12/11,782.71
10/13/11,778.78
10/14/11,794.91
10/15/11,794.91
10/16/11,794.91
10/17/11,772.15
10/18/11,797.1
10/19/11,778.44
10/20/11,780.31
10/21/11,793.91
10/22/11,793.91
10/23/11,793.91
10/24/11,814.58
10/25/11,793.95
10/26/11,815.72
10/27/11,852.03
10/28/11,850.96
10/29/11,850.96
10/30/11,850.96
10/31/11,832.41
11/1/11,796.37
11/2/11,811.73
11/3/11,832.8
11/4/11,827.22
11/5/11,827.22
11/6/11,827.22
11/7/11,825.72
11/8/11,831.65
11/9/11,801.61
11/10/11,810.43
11/11/11,820.98
11/12/11,820.98
11/13/11,820.98
11/14/11,812.57
11/15/11,822.62
11/16/11,810.46
11/17/11,804.84
11/18/11,813.93
11/19/11,813.93
11/20/11,813.93
11/21/11,796.69
11/22/11,789.34
11/23/11,766.13
11/24/11,766.13
11/25/11,759.13
11/26/11,759.13
11/27/11,759.13
11/28/11,783.44
11/29/11,780.88
11/30/11,820.51
12/1/11,813.27
12/2/11,822.48
12/3/11,822.48
12/4/11,822.48
12/5/11,831.87
12/6/11,831.69
12/7/11,837.54
12/8/11,809.68
12/9/11,828.17
12/10/11,828.17
12/11/11,828.17
12/12/11,813.23
12/13/11,803.01
12/14/11,798.34
12/15/11,802.53
12/16/11,802.71
12/17/11,802.71
12/18/11,802.71
12/19/11,787.5
12/20/11,814.84
12/21/11,814.75
12/22/11,825.05
12/23/11,829.67
12/24/11,829.67
12/25/11,829.67
12/26/11,829.67
12/27/11,827.09
12/28/11,814.77
12/29/11,818.58
12/30/11,816.13
12/31/11,816.13
1/1/12,816.13
1/2/12,816.13
1/3/12,836.69
1/4/12,836.47
1/5/12,839.69
1/6/12,840.68
1/7/12,840.68
1/8/12,840.68
1/9/12,842.2
1/10/12,853.99
1/11/12,856.37
1/12/12,857.9
1/13/12,857.66
1/14/12,857.66
1/15/12,857.66
1/16/12,857.66
1/17/12,857.3
1/18/12,873.03
1/19/12,885.03
1/20/12,885.46
1/21/12,885.46
1/22/12,885.46
1/23/12,882.39
1/24/12,885.55
1/25/12,893.06
1/26/12,890.64
1/27/12,887.68
1/28/12,887.68
1/29/12,887.68
1/30/12,883.68
1/31/12,886.32
2/1/12,900.33
2/2/12,905.26
2/3/12,919.65
2/4/12,919.65
2/5/12,919.65
2/6/12,910.73
2/7/12,914.28
2/8/12,903.77
2/9/12,905.69
2/10/12,900.4
2/11/12,900.4
2/12/12,900.4
2/13/12,910.39
2/14/12,906.59
2/15/12,898.99
2/16/12,913.15
2/17/12,918.94
2/18/12,918.94
2/19/12,918.94
2/20/12,918.94
2/21/12,916.51
2/22/12,911.98
2/23/12,920.43
2/24/12,914.44
2/25/12,914.44
2/26/12,914.44
2/27/12,918.39
2/28/12,920.22
2/29/12,914.93
3/1/12,916.59
3/2/12,906.59
3/3/12,906.59
3/4/12,906.59
3/5/12,909.63
3/6/12,889.8
3/7/12,909.49
3/8/12,915.36
3/9/12,920.43
3/10/12,920.43
3/11/12,920.43
3/12/12,918.24
3/13/12,933.41
3/14/12,927.18
3/15/12,932.57
3/16/12,924.95
3/17/12,924.95
3/18/12,924.95
3/19/12,931.15
3/20/12,926.05
3/21/12,923.06
3/22/12,913.31
3/23/12,921.96
3/24/12,921.96
3/25/12,921.96
3/26/12,929.76
3/27/12,923.02
3/28/12,918.52
3/29/12,917.85
3/30/12,919.29
3/31/12,919.29
4/1/12,919.29
4/2/12,931.87
4/3/12,931.39
4/4/12,920.08
4/5/12,918.07
4/6/12,918.07
4/7/12,918.07
4/8/12,918.07
4/9/12,908.98
4/10/12,886.69
4/11/12,897.32
4/12/12,910.14
4/13/12,895.99
4/14/12,895.99
4/15/12,895.99
4/16/12,901.64
4/17/12,910.42
4/18/12,903.09
4/19/12,903.01
4/20/12,910.12
4/21/12,910.12
4/22/12,910.12
4/23/12,903.31
4/24/12,913.46
4/25/12,921.93
4/26/12,925.99
4/27/12,933.17
4/28/12,933.17
4/29/12,933.17
4/30/12,931.77
5/1/12,924.48
5/2/12,931.72
5/3/12,923.26
5/4/12,912.84
5/5/12,912.84
5/6/12,912.84
5/7/12,920.64
5/8/12,919.74
5/9/12,919.56
5/10/12,923.52
5/11/12,922.89
5/12/12,922.89
5/13/12,922.89
5/14/12,912.16
5/15/12,909.75
5/16/12,903
5/17/12,885.13
5/18/12,865.35
5/19/12,865.35
5/20/12,865.35
5/21/12,887.81
5/22/12,887.28
5/23/12,896.97
5/24/12,901.23
5/25/12,899.21
5/26/12,899.21
5/27/12,899.21
5/28/12,899.21
5/29/12,907.2
5/30/12,899.47
5/31/12,905.74
6/1/12,889.04
6/2/12,889.04
6/3/12,889.04
6/4/12,884.88
6/5/12,896.95
6/6/12,917.15
6/7/12,914.04
6/8/12,924.32
6/9/12,924.32
6/10/12,924.32
6/11/12,915.79
6/12/12,926.03
6/13/12,924.83
6/14/12,933.19
6/15/12,937.7
6/16/12,937.7
6/17/12,937.7
6/18/12,936.04
6/19/12,950.31
6/20/12,946.37
6/21/12,934.82
6/22/12,946.56
6/23/12,946.56
6/24/12,946.56
6/25/12,939.03
6/26/12,946.87
6/27/12,957.49
6/28/12,958.66
6/29/12,971.93
6/30/12,971.93
7/1/12,971.93
7/2/12,988.02
7/3/12,988.96
7/4/12,988.96
7/5/12,988.12
7/6/12,984.95
7/7/12,984.95
7/8/12,984.95
7/9/12,986.43
7/10/12,981.98
7/11/12,976.83
7/12/12,975.54
7/13/12,987.26
7/14/12,987.26
7/15/12,987.26
7/16/12,987.15
7/17/12,991.13
7/18/12,989.7
7/19/12,984.07
7/20/12,982.43
7/21/12,982.43
7/22/12,982.43
7/23/12,974.95
7/24/12,969.66
7/25/12,972.45
7/26/12,979.39
7/27/12,988.18
7/28/12,988.18
7/29/12,988.18
7/30/12,985.25
7/31/12,979.71
8/1/12,977.62
8/2/12,982.18
8/3/12,994.32
8/4/12,994.32
8/5/12,994.32
8/6/12,1000.24
8/7/12,1000.46
8/8/12,1004.06
8/9/12,1009.7
8/10/12,1013.44
8/11/12,1013.44
8/12/12,1013.44
8/13/12,1016.94
8/14/12,1016.98
8/15/12,1020.8
8/16/12,1028.51
8/17/12,1025.86
8/18/12,1025.86
8/19/12,1025.86
8/20/12,1029.06
8/21/12,1023.9
8/22/12,1022.69
8/23/12,1011.98
8/24/12,1020.66
8/25/12,1020.66
8/26/12,1020.66
8/27/12,1024.22
8/28/12,1026.34
8/29/12,1032.94
8/30/12,1026
8/31/12,1030.67
9/1/12,1030.67
9/2/12,1030.67
9/3/12,1030.67
9/4/12,1042.01
9/5/12,1044.98
9/6/12,1050.5
9/7/12,1052.45
9/8/12,1052.45
9/9/12,1052.45
9/10/12,1056.5
9/11/12,1060.23
9/12/12,1067.56
9/13/12,1076.31
9/14/12,1084.55
9/15/12,1084.55
9/16/12,1084.55
9/17/12,1084.51
9/18/12,1067.4
9/19/12,1075.7
9/20/12,1076.21
9/21/12,1079.25
9/22/12,1079.25
9/23/12,1079.25
9/24/12,1078.87
9/25/12,1058.27
9/26/12,1054.2
9/27/12,1067.01
9/28/12,1057.82
9/29/12,1057.82
9/30/12,1057.82
10/1/12,1063.81
10/2/12,1064.74
10/3/12,1060.11
10/4/12,1073.36
10/5/12,1081.41
10/6/12,1081.41
10/7/12,1081.41
10/8/12,1081.41
10/9/12,1068.82
10/10/12,1061.68
10/11/12,1062.84
10/12/12,1053.15
10/13/12,1053.15
10/14/12,1053.15
10/15/12,1055.13
10/16/12,1067.81
10/17/12,1076.78
10/18/12,1080.1
10/19/12,1067.21
10/20/12,1067.21
10/21/12,1067.21
10/22/12,1070.61
10/23/12,1060.41
10/24/12,1062.86
10/25/12,1071.48
10/26/12,1071.29
10/27/12,1071.29
10/28/12,1071.29
10/29/12,1071.49
10/30/12,1071.94
10/31/12,1073.86
11/1/12,1080.31
11/2/12,1062.03
11/3/12,1062.03
11/4/12,1062.03
11/5/12,1064.22
11/6/12,1066.65
11/7/12,1041.76
11/8/12,1038.17
11/9/12,1029.93
11/10/12,1029.93
11/11/12,1029.93
11/12/12,1039.35
11/13/12,1026.21
11/14/12,983.52
11/15/12,1003.77
11/16/12,1028.77
11/17/12,1028.77
11/18/12,1028.77
11/19/12,1046.3
11/20/12,1041.37
11/21/12,1046.24
11/22/12,1046.24
11/23/12,1054.78
11/24/12,1054.78
11/25/12,1054.78
11/26/12,1060.09
11/27/12,1053.95
11/28/12,1055.43
11/29/12,1064.49
11/30/12,1067.57
12/1/12,1067.57
12/2/12,1067.57
12/3/12,1064.16
12/4/12,1054.56
12/5/12,1051.62
12/6/12,1054.74
12/7/12,1057.44
12/8/12,1057.44
12/9/12,1057.44
12/10/12,1059.51
12/11/12,1061
12/12/12,1059.1
12/13/12,1057.86
12/14/12,1060.89
12/15/12,1060.89
12/16/12,1060.89
12/17/12,1077.81
12/18/12,1087.32
12/19/12,1091.82
12/20/12,1097.59
12/21/12,1092.42
12/22/12,1092.42
12/23/12,1092.42
12/24/12,1091.06
12/25/12,1091.06
12/26/12,1084.13
12/27/12,1077.36
12/28/12,1072.97
12/29/12,1072.97
12/30/12,1072.97
12/31/12,1092.19
1/1/13,1092.19
1/2/13,1113.35
1/3/13,1116.18
1/4/13,1127.16
1/5/13,1127.16
1/6/13,1127.16
1/7/13,1129.54
1/8/13,1127.61
1/9/13,1136.64
1/10/13,1140.07
1/11/13,1143.51
1/12/13,1143.51
1/13/13,1143.51
1/14/13,1137.66
1/15/13,1133.63
1/16/13,1130.74
1/17/13,1134.48
1/18/13,1136.54
1/19/13,1136.54
1/20/13,1136.54
1/21/13,1136.54
1/22/13,1143.39
1/23/13,1141.51
1/24/13,1134.25
1/25/13,1134.24
1/26/13,1134.24
1/27/13,1134.24
1/28/13,1132.75
1/29/13,1142.62
1/30/13,1136.81
1/31/13,1153.53
2/1/13,1156.08
2/2/13,1156.08
2/3/13,1156.08
2/4/13,1147.38
2/5/13,1156.46
2/6/13,1148.88
2/7/13,1142.03
2/8/13,1151.68
2/9/13,1151.68
2/10/13,1151.68
2/11/13,1150.34
2/12/13,1159.8
2/13/13,1165.11
2/14/13,1171.37
2/15/13,1169.36
2/16/13,1169.36
2/17/13,1169.36
2/18/13,1169.36
2/19/13,1176.72
2/20/13,1165.41
2/21/13,1149.95
2/22/13,1166.68
2/23/13,1166.68
2/24/13,1166.68
2/25/13,1148.5
2/26/13,1155.47
2/27/13,1167.09
2/28/13,1171.61
3/1/13,1172.87
3/2/13,1172.87
3/3/13,1172.87
3/4/13,1174.44
3/5/13,1181.34
3/6/13,1183.61
3/7/13,1185.47
3/8/13,1189.8
3/9/13,1189.8
3/10/13,1189.8
3/11/13,1198.29
3/12/13,1192.54
3/13/13,1196.9
3/14/13,1206.13
3/15/13,1200.47
3/16/13,1200.47
3/17/13,1200.47
3/18/13,1191.39
3/19/13,1177.72
3/20/13,1180.93
3/21/13,1176.74
3/22/13,1183.9
3/23/13,1183.9
3/24/13,1183.9
3/25/13,1181.38
3/26/13,1179.88
3/27/13,1178
3/28/13,1179.01
3/29/13,1179.01
3/30/13,1179.01
3/31/13,1179.01
4/1/13,1170
4/2/13,1174.06
4/3/13,1148.28
4/4/13,1155.61
4/5/13,1155.12
4/6/13,1155.12
4/7/13,1155.12
4/8/13,1163.06
4/9/13,1156.22
4/10/13,1170.23
4/11/13,1164.15
4/12/13,1156.38
4/13/13,1156.38
4/14/13,1156.38
4/15/13,1122.65
4/16/13,1142.98
4/17/13,1119.93
4/18/13,1117.36
4/19/13,1129.85
4/20/13,1129.85
4/21/13,1129.85
4/22/13,1151.46
4/23/13,1167.1
4/24/13,1172.45
4/25/13,1178.78
4/26/13,1181.66
4/27/13,1181.66
4/28/13,1181.66
4/29/13,1200.74
4/30/13,1206.61
5/1/13,1168.99
5/2/13,1187.89
5/3/13,1193.13
5/4/13,1193.13
5/5/13,1193.13
5/6/13,1194.26
5/7/13,1192.11
5/8/13,1197.91
5/9/13,1187.27
5/10/13,1186.79
5/11/13,1186.79
5/12/13,1186.79
5/13/13,1187.92
5/14/13,1200.65
5/15/13,1194.5
5/16/13,1195.38
5/17/13,1199.74
5/18/13,1199.74
5/19/13,1199.74
5/20/13,1206.57
5/21/13,1205.3
5/22/13,1191.03
5/23/13,1183.71
5/24/13,1186.67
5/25/13,1186.67
5/26/13,1186.67
5/27/13,1186.67
5/28/13,1184.7
5/29/13,1170.92
5/30/13,1177.63
5/31/13,1158.56
6/1/13,1158.56
6/2/13,1158.56
6/3/13,1154.59
6/4/13,1142.57
6/5/13,1130.52
6/6/13,1145.91
6/7/13,1152.96
6/8/13,1152.96
6/9/13,1152.96
6/10/13,1160.65
6/11/13,1144.8
6/12/13,1134.82
6/13/13,1150.47
6/14/13,1156.4
6/15/13,1156.4
6/16/13,1156.4
6/17/13,1161.31
6/18/13,1164.53
6/19/13,1146.47
6/20/13,1123.79
6/21/13,1127.45
6/22/13,1127.45
6/23/13,1127.45
6/24/13,1104.7
6/25/13,1123.48
6/26/13,1132.54
6/27/13,1156.07
6/28/13,1156.68
6/29/13,1156.68
6/30/13,1156.68
7/1/13,1165.33
7/2/13,1164.02
7/3/13,1160.72
7/4/13,1160.72
7/5/13,1162.3
7/6/13,1162.3
7/7/13,1162.3
7/8/13,1168.51
7/9/13,1177.3
7/10/13,1180.5
7/11/13,1195.5
7/12/13,1195.96
7/13/13,1195.96
7/14/13,1195.96
7/15/13,1201.31
7/16/13,1195.42
7/17/13,1202.22
7/18/13,1208.34
7/19/13,1206.55
7/20/13,1206.55
7/21/13,1206.55
7/22/13,1211.29
7/23/13,1218.85
7/24/13,1204.59
7/25/13,1208.89
7/26/13,1208.07
7/27/13,1208.07
7/28/13,1208.07
7/29/13,1197.57
7/30/13,1202.92
7/31/13,1203.66
8/1/13,1203.81
8/2/13,1209.89
8/3/13,1209.89
8/4/13,1209.89
8/5/13,1202.76
8/6/13,1193.9
8/7/13,1181.84
8/8/13,1189.78
8/9/13,1191.97
8/10/13,1191.97
8/11/13,1191.97
8/12/13,1188.7
8/13/13,1183.68
8/14/13,1180.72
8/15/13,1168.96
8/16/13,1166.42
8/17/13,1166.42
8/18/13,1166.42
8/19/13,1155.59
8/20/13,1175.82
8/21/13,1169.4
8/22/13,1184.73
8/23/13,1188.94
8/24/13,1188.94
8/25/13,1188.94
8/26/13,1184.74
8/27/13,1169.73
8/28/13,1170.32
8/29/13,1181.41
8/30/13,1169.09
8/31/13,1169.09
9/1/13,1169.09
9/2/13,1169.09
9/3/13,1172.28
9/4/13,1183.72
9/5/13,1181.96
9/6/13,1188
9/7/13,1188
9/8/13,1188
9/9/13,1196.7
9/10/13,1207.06
9/11/13,1207.67
9/12/13,1201.05
9/13/13,1204.87
9/14/13,1204.87
9/15/13,1204.87
9/16/13,1207.48
9/17/13,1210.08
9/18/13,1222.21
9/19/13,1214.13
9/20/13,1205.18
9/21/13,1205.18
9/22/13,1205.18
9/23/13,1206.49
9/24/13,1209.65
9/25/13,1216.79
9/26/13,1210
9/27/13,1214.25
9/28/13,1214.25
9/29/13,1214.25
9/30/13,1212.15
10/1/13,1217.36
10/2/13,1207.01
10/3/13,1197.07
10/4/13,1206.8
10/5/13,1206.8
10/6/13,1206.8
10/7/13,1198.35
10/8/13,1190.8
10/9/13,1194.14
10/10/13,1211.72
10/11/13,1221.7
10/12/13,1221.7
10/13/13,1221.7
10/14/13,1217.13
10/15/13,1204.52
10/16/13,1213.13
10/17/13,1225.41
10/18/13,1234.26
10/19/13,1234.26
10/20/13,1234.26
10/21/13,1231.43
10/22/13,1236.07
10/23/13,1241.04
10/24/13,1244.5
10/25/13,1248.99
10/26/13,1248.99
10/27/13,1248.99
10/28/13,1249.08
10/29/13,1250.47
10/30/13,1237.46
10/31/13,1229.35
11/1/13,1224.04
11/2/13,1224.04
11/3/13,1224.04
11/4/13,1235.33
11/5/13,1235.49
11/6/13,1234.53
11/7/13,1220.13
11/8/13,1234.66
11/9/13,1234.66
11/10/13,1234.66
11/11/13,1239.13
11/12/13,1240.61
11/13/13,1247.26
11/14/13,1254.51
11/15/13,1261.19
11/16/13,1261.19
11/17/13,1261.19
11/18/13,1262.76
11/19/13,1258.17
11/20/13,1263.09
11/21/13,1274.68
11/22/13,1283.19
11/23/13,1283.19
11/24/13,1283.19
11/25/13,1284.02
11/26/13,1280.38
11/27/13,1290.58
11/28/13,1290.58
11/29/13,1298.54
11/30/13,1298.54
12/1/13,1298.54
12/2/13,1278.84
12/3/13,1268.2
12/4/13,1269.27
12/5/13,1262.25
12/6/13,1274.89
12/7/13,1274.89
12/8/13,1274.89
12/9/13,1275.59
12/10/13,1266.37
12/11/13,1260.2
12/12/13,1253.34
12/13/13,1253.81
12/14/13,1253.81
12/15/13,1253.81
12/16/13,1254.37
12/17/13,1260.56
12/18/13,1272.59
12/19/13,1254.61
12/20/13,1272.79
12/21/13,1272.79
12/22/13,1272.79
12/23/13,1277.24
12/24/13,1282.88
12/25/13,1282.88
12/26/13,1276.63
12/27/13,1275.47
12/28/13,1275.47
12/29/13,1275.47
12/30/13,1271.84
12/31/13,1277.39
1/1/14,1277.39
1/2/14,1268.34
1/3/14,1274.72
1/4/14,1274.72
1/5/14,1274.72
1/6/14,1276.52
1/7/14,1274.94
1/8/14,1275.88
1/9/14,1280.62
1/10/14,1285.53
1/11/14,1285.53
1/12/14,1285.53
1/13/14,1280.86
1/14/14,1284.61
1/15/14,1298.31
1/16/14,1298.24
1/17/14,1294.75
1/18/14,1294.75
1/19/14,1294.75
1/20/14,1294.75
1/21/14,1305.8
1/22/14,1308.83
1/23/14,1305.6
1/24/14,1284.78
1/25/14,1284.78
1/26/14,1284.78
1/27/14,1272.64
1/28/14,1282.03
1/29/14,1265.33
1/30/14,1284.1
1/31/14,1269.45
2/1/14,1269.45
2/2/14,1269.45
2/3/14,1248.5
2/4/14,1254.77
2/5/14,1249.93
2/6/14,1262.99
2/7/14,1272.26
2/8/14,1272.26
2/9/14,1272.26
2/10/14,1279.1
2/11/14,1278.3
2/12/14,1282.68
2/13/14,1293.39
2/14/14,1294.55
2/15/14,1294.55
2/16/14,1294.55
2/17/14,1294.55
2/18/14,1308.37
2/19/14,1294.81
2/20/14,1310.29
2/21/14,1312.83
2/22/14,1312.83
2/23/14,1312.83
2/24/14,1316.1
2/25/14,1286.13
2/26/14,1289.96
2/27/14,1293.4
2/28/14,1294.73
3/1/14,1294.73
3/2/14,1294.73
3/3/14,1291.72
3/4/14,1282.2
3/5/14,1277.54
3/6/14,1281.88
3/7/14,1269.59
3/8/14,1269.59
3/9/14,1269.59
3/10/14,1277.41
3/11/14,1265.77
3/12/14,1271.29
3/13/14,1266.15
3/14/14,1261.48
3/15/14,1261.48
3/16/14,1261.48
3/17/14,1259.17
3/18/14,1258.69
3/19/14,1254.89
3/20/14,1260.1
3/21/14,1260.08
3/22/14,1260.08
3/23/14,1260.08
3/24/14,1259.66
3/25/14,1262.34
3/26/14,1246.89
3/27/14,1251.63
3/28/14,1250.3
3/29/14,1250.3
3/30/14,1250.3
3/31/14,1263.95
4/1/14,1265.77
4/2/14,1272.49
4/3/14,1269.23
4/4/14,1261.91
4/5/14,1261.91
4/6/14,1261.91
4/7/14,1252.5
4/8/14,1250.69
4/9/14,1254.67
4/10/14,1237.12
4/11/14,1230.35
4/12/14,1230.35
4/13/14,1230.35
4/14/14,1235.43
4/15/14,1234.6
4/16/14,1242.79
4/17/14,1240.56
4/18/14,1240.56
4/19/14,1240.56
4/20/14,1240.56
4/21/14,1241.38
4/22/14,1249.7
4/23/14,1249.12
4/24/14,1249.39
4/25/14,1243.17
4/26/14,1243.17
4/27/14,1243.17
4/28/14,1229.32
4/29/14,1230.19
4/30/14,1234.41
5/1/14,1230.42
5/2/14,1231.2
5/3/14,1231.2
5/4/14,1231.2
5/5/14,1233.47
5/6/14,1219.49
5/7/14,1219.61
5/8/14,1204.88
5/9/14,1204.64
5/10/14,1204.64
5/11/14,1204.64
5/12/14,1216.86
5/13/14,1210.17
5/14/14,1206.76
5/15/14,1204.04
5/16/14,1206.57
5/17/14,1206.57
5/18/14,1206.57
5/19/14,1214.68
5/20/14,1209.34
5/21/14,1212.95
5/22/14,1217.81
5/23/14,1230.84
5/24/14,1230.84
5/25/14,1230.84
5/26/14,1230.84
5/27/14,1233.64
5/28/14,1232.26
5/29/14,1236.71
5/30/14,1234.26
5/31/14,1234.26
6/1/14,1234.26
6/2/14,1231.62
6/3/14,1229.47
6/4/14,1226.55
6/5/14,1235.85
6/6/14,1243.66
6/7/14,1243.66
6/8/14,1243.66
6/9/14,1249.49
6/10/14,1245.1
6/11/14,1247.69
6/12/14,1254.2
6/13/14,1248.35
6/14/14,1248.35
6/15/14,1248.35
6/16/14,1249.91
6/17/14,1258.27
6/18/14,1262.76
6/19/14,1261.55
6/20/14,1258.29
6/21/14,1258.29
6/22/14,1258.29
6/23/14,1263.27
6/24/14,1258.9
6/25/14,1265.5
6/26/14,1288.32
6/27/14,1303.08
6/28/14,1303.08
6/29/14,1303.08
6/30/14,1307.03
7/1/14,1312.33
7/2/14,1315.38
7/3/14,1309.14
7/4/14,1309.14
7/5/14,1309.14
7/6/14,1309.14
7/7/14,1306.78
7/8/14,1296.22
7/9/14,1302.59
7/10/14,1297.57
7/11/14,1294.46
7/12/14,1294.46
7/13/14,1294.46
7/14/14,1300.54
7/15/14,1300.81
7/16/14,1293.37
7/17/14,1282.48
7/18/14,1288.4
7/19/14,1288.4
7/20/14,1288.4
7/21/14,1290.47
7/22/14,1287.45
7/23/14,1293.02
7/24/14,1298.03
7/25/14,1302.81
7/26/14,1302.81
7/27/14,1302.81
7/28/14,1300.66
7/29/14,1294.87
7/30/14,1289.69
7/31/14,1263.48
8/1/14,1264.17
8/2/14,1264.17
8/3/14,1264.17
8/4/14,1273.18
8/5/14,1261.2
8/6/14,1266.79
8/7/14,1268.32
8/8/14,1274.84
8/9/14,1274.84
8/10/14,1274.84
8/11/14,1281.79
8/12/14,1278.45
8/13/14,1282.13
8/14/14,1284.89
8/15/14,1284.62
8/16/14,1284.62
8/17/14,1284.62
8/18/14,1293.83
8/19/14,1291.42
8/20/14,1295.36
8/21/14,1294.06
8/22/14,1292.01
8/23/14,1292.01
8/24/14,1292.01
8/25/14,1298.52
8/26/14,1294.65
8/27/14,1292.56
8/28/14,1295.51
8/29/14,1302.13
8/30/14,1302.13
8/31/14,1302.13
9/1/14,1302.13
9/2/14,1302.1
9/3/14,1300.56
9/4/14,1299.93
9/5/14,1300.85
9/6/14,1300.85
9/7/14,1300.85
9/8/14,1300.12
9/9/14,1297.27
9/10/14,1295.95
9/11/14,1298.62
9/12/14,1295.33
9/13/14,1295.33
9/14/14,1295.33
9/15/14,1280.49
9/16/14,1278.85
9/17/14,1281.97
9/18/14,1277.41
9/19/14,1268
9/20/14,1268
9/21/14,1268
9/22/14,1255.8
9/23/14,1252.61
9/24/14,1258.63
9/25/14,1250.45
9/26/14,1257.23
9/27/14,1257.23
9/28/14,1257.23
9/29/14,1249.81
9/30/14,1236.11
10/1/14,1236.32
10/2/14,1234.2
10/3/14,1239
10/4/14,1239
10/5/14,1239
10/6/14,1239.64
10/7/14,1232.13
10/8/14,1232.33
10/9/14,1222.37
10/10/14,1197.41
10/11/14,1197.41
10/12/14,1197.41
10/13/14,1185.15
10/14/14,1183.64
10/15/14,1165.64
10/16/14,1201.42
10/17/14,1216.57
10/18/14,1216.57
10/19/14,1216.57
10/20/14,1223.95
10/21/14,1234.42
10/22/14,1232.17
10/23/14,1226.16
10/24/14,1232.01
10/25/14,1232.01
10/26/14,1232.01
10/27/14,1232.23
10/28/14,1236.42
10/29/14,1242.24
10/30/14,1242.52
10/31/14,1252.77
11/1/14,1252.77
11/2/14,1252.77
11/3/14,1247.28
11/4/14,1240.15
11/5/14,1245.07
11/6/14,1243.2
11/7/14,1258.77
11/8/14,1258.77
11/9/14,1258.77
11/10/14,1259.04
11/11/14,1258.25
11/12/14,1260.25
11/13/14,1257.34
11/14/14,1256.26
11/15/14,1256.26
11/16/14,1256.26
11/17/14,1253.48
11/18/14,1255.4
11/19/14,1253
11/20/14,1258.1
11/21/14,1250.64
11/22/14,1250.64
11/23/14,1250.64
11/24/14,1254.72
11/25/14,1257.98
11/26/14,1258.99
11/27/14,1258.99
11/28/14,1256.35
11/29/14,1256.35
11/30/14,1256.35
12/1/14,1230.77
12/2/14,1232.47
12/3/14,1234.47
12/4/14,1234.21
12/5/14,1231.37
12/6/14,1231.37
12/7/14,1231.37
12/8/14,1200.8
12/9/14,1209.72
12/10/14,1191.22
12/11/14,1179.05
12/12/14,1157.44
12/13/14,1157.44
12/14/14,1157.44
12/15/14,1153.06
12/16/14,1137.85
12/17/14,1156.51
12/18/14,1197
12/19/14,1203.1
12/20/14,1203.13
12/21/14,1203.13
12/22/14,1191.48
12/23/14,1197.08
12/24/14,1197.6
12/25/14,1197.6
12/26/14,1194.51
12/27/14,1194.51
12/28/14,1194.51
12/29/14,1187.65
12/30/14,1191.71
12/31/14,1187.37
1/1/15,1187.37
1/2/15,1195.81
1/3/15,1195.81
1/4/15,1195.81
1/5/15,1193.47
1/6/15,1176.75
1/7/15,1186.2
1/8/15,1198.04
1/9/15,1197.02
1/10/15,1197.02
1/11/15,1197.02
1/12/15,1192.83
1/13/15,1183.65
1/14/15,1169.85
1/15/15,1158.19
1/16/15,1165.4
1/17/15,1165.4
1/18/15,1165.4
1/19/15,1165.4
1/20/15,1162.54
1/21/15,1170.01
1/22/15,1178.06
1/23/15,1178.33
1/24/15,1178.33
1/25/15,1178.33
1/26/15,1183.21
1/27/15,1182.26
1/28/15,1172.71
1/29/15,1174.22
1/30/15,1171.34
1/31/15,1171.34
2/1/15,1171.34
2/2/15,1173.85
2/3/15,1201.18
2/4/15,1193.9
2/5/15,1208.84
2/6/15,1220.93
2/7/15,1220.93
2/8/15,1220.93
2/9/15,1208.89
2/10/15,1199.67
2/11/15,1191.3
2/12/15,1205.15
2/13/15,1214.79
2/14/15,1214.79
2/15/15,1214.79
2/16/15,1214.79
2/17/15,1223.43
2/18/15,1220.32
2/19/15,1226.02
2/20/15,1229.32
2/21/15,1229.32
2/22/15,1229.32
2/23/15,1231.19
2/24/15,1233.69
2/25/15,1234.48
2/26/15,1233.76
2/27/15,1237.81
2/28/15,1237.81
3/1/15,1237.81
3/2/15,1240.53
3/3/15,1245.13
3/4/15,1241.78
3/5/15,1246.98
3/6/15,1245.5
3/7/15,1245.5
3/8/15,1245.5
3/9/15,1238.89
3/10/15,1229.26
3/11/15,1228.75
3/12/15,1231.04
3/13/15,1232.77
3/14/15,1232.77
3/15/15,1232.77
3/16/15,1229.46
3/17/15,1228.08
3/18/15,1228.03
3/19/15,1226.4
3/20/15,1237.58
3/21/15,1237.58
3/22/15,1237.58
3/23/15,1241.07
3/24/15,1241.63
3/25/15,1244.35
3/26/15,1242.86
3/27/15,1240.5
3/28/15,1240.5
3/29/15,1240.5
3/30/15,1241.59
3/31/15,1237.08
4/1/15,1235.43
4/2/15,1241.42
4/3/15,1241.42
4/4/15,1241.42
4/5/15,1241.42
4/6/15,1246.45
4/7/15,1246.32
4/8/15,1241.36
4/9/15,1244.76
4/10/15,1240.34
4/11/15,1240.34
4/12/15,1240.34
4/13/15,1241.71
4/14/15,1244.28
4/15/15,1246.34
4/16/15,1251.89
4/17/15,1248.6
4/18/15,1248.6
4/19/15,1248.6
4/20/15,1252.24
4/21/15,1247.36
4/22/15,1253.91
4/23/15,1262.54
4/24/15,1260.08
4/25/15,1260.08
4/26/15,1260.08
4/27/15,1253.96
4/28/15,1257.63
4/29/15,1257.11
4/30/15,1253.31
5/1/15,1251.67
5/2/15,1251.67
5/3/15,1251.67
5/4/15,1242.2
5/5/15,1229.14
5/6/15,1217.45
5/7/15,1217.43
5/8/15,1213.63
5/9/15,1213.63
5/10/15,1213.63
5/11/15,1222.21
5/12/15,1219.07
5/13/15,1222.99
5/14/15,1225.76
5/15/15,1232.66
5/16/15,1232.66
5/17/15,1232.66
5/18/15,1234.92
5/19/15,1237.64
5/20/15,1235.82
5/21/15,1234.37
5/22/15,1236.57
5/23/15,1236.57
5/24/15,1236.57
5/25/15,1236.57
5/26/15,1232.3
5/27/15,1233.65
5/28/15,1240.04
5/29/15,1235.08
5/30/15,1235.08
5/31/15,1235.08
6/1/15,1231.14
6/2/15,1237.13
6/3/15,1242.91
6/4/15,1235.09
6/5/15,1233.65
6/6/15,1233.65
6/7/15,1233.65
6/8/15,1224.6
6/9/15,1219.6
6/10/15,1219.07
6/11/15,1223.26
6/12/15,1223.64
6/13/15,1223.64
6/14/15,1223.64
6/15/15,1218.28
6/16/15,1220.13
6/17/15,1221.56
6/18/15,1228.58
6/19/15,1225.56
6/20/15,1225.56
6/21/15,1225.56
6/22/15,1225.15
6/23/15,1231.55
6/24/15,1229.51
6/25/15,1224.15
6/26/15,1220.73
6/27/15,1220.73
6/28/15,1220.73
6/29/15,1204.27
6/30/15,1201.96
7/1/15,1202.98
7/2/15,1205.41
7/3/15,1205.41
7/4/15,1205.41
7/5/15,1205.41
7/6/15,1202.81
7/7/15,1203.28
7/8/15,1195.38
7/9/15,1196.95
7/10/15,1204.67
7/11/15,1204.67
7/12/15,1204.67
7/13/15,1210.84
7/14/15,1216.66
7/15/15,1215.87
7/16/15,1222.35
7/17/15,1215.36
7/18/15,1215.36
7/19/15,1215.36
7/20/15,1206.64
7/21/15,1202.36
7/22/15,1190.68
7/23/15,1178.13
7/24/15,1158.92
7/25/15,1158.92
7/26/15,1158.92
7/27/15,1147.35
7/28/15,1156.85
7/29/15,1170.71
7/30/15,1173.21
7/31/15,1172.92
8/1/15,1172.92
8/2/15,1172.92
8/3/15,1163.51
8/4/15,1165.52
8/5/15,1165.18
8/6/15,1171.72
8/7/15,1170.33
8/8/15,1170.33
8/9/15,1170.33
8/10/15,1189.63
8/11/15,1188.53
8/12/15,1191.47
8/13/15,1193.01
8/14/15,1196.54
8/15/15,1196.54
8/16/15,1196.54
8/17/15,1197.74
8/18/15,1194.55
8/19/15,1190.3
8/20/15,1177.71
8/21/15,1158.05
8/22/15,1158.05
8/23/15,1158.05
8/24/15,1116.18
8/25/15,1121.87
8/26/15,1132.83
8/27/15,1161.97
8/28/15,1178.15
8/29/15,1178.15
8/30/15,1178.15
8/31/15,1180.02
9/1/15,1157.78
9/2/15,1164.89
9/3/15,1173.07
9/4/15,1171.73
9/5/15,1171.73
9/6/15,1171.73
9/7/15,1173.07
9/8/15,1183.5
9/9/15,1174.81
9/10/15,1174.1
9/11/15,1169.43
9/12/15,1169.43
9/13/15,1169.43
9/14/15,1158.91
9/15/15,1154.61
9/16/15,1165.11
9/17/15,1158.08
9/18/15,1145.12
9/19/15,1145.12
9/20/15,1145.12
9/21/15,1150.64
9/22/15,1145.2
9/23/15,1141.44
9/24/15,1142.13
9/25/15,1142.35
9/26/15,1142.35
9/27/15,1142.35
9/28/15,1093.34
9/29/15,1063.75
9/30/15,1084.18
10/1/15,1121.14
10/2/15,1107.52
10/3/15,1107.52
10/4/15,1107.52
10/5/15,1117.73
10/6/15,1125.11
10/7/15,1144.93
10/8/15,1150.53
10/9/15,1145.36
10/10/15,1145.36
10/11/15,1145.36
10/12/15,1139.75
10/13/15,1132.31
10/14/15,1128.42
10/15/15,1131.83
10/16/15,1136.15
10/17/15,1136.15
10/18/15,1136.15
10/19/15,1137.8
10/20/15,1138.76
10/21/15,1132.21
10/22/15,1138.46
10/23/15,1145.93
10/24/15,1145.93
10/25/15,1145.93
10/26/15,1138.58
10/27/15,1119.97
10/28/15,1133.71
10/29/15,1128.57
10/30/15,1131.01
10/31/15,1131.01
11/1/15,1131.01
11/2/15,1141.28
11/3/15,1149.8
11/4/15,1147.81
11/5/15,1162.61
11/6/15,1174.86
11/7/15,1174.86
11/8/15,1174.86
11/9/15,1168.76
11/10/15,1164.47
11/11/15,1160.86
11/12/15,1159.04
11/13/15,1156.47
11/14/15,1156.47
11/15/15,1156.47
11/16/15,1173.29
11/17/15,1168.85
11/18/15,1173.03
11/19/15,1179.85
11/20/15,1176.02
11/21/15,1176.02
11/22/15,1176.02
11/23/15,1184.81
11/24/15,1187.76
11/25/15,1204.08
11/26/15,1204.08
11/27/15,1210.33
11/28/15,1210.33
11/29/15,1210.33
11/30/15,1220.65
12/1/15,1219
12/2/15,1212.62
12/3/15,1203.77
12/4/15,1210.35
12/5/15,1210.35
12/6/15,1210.35
12/7/15,1180.43
12/8/15,1167.02
12/9/15,1144.76
12/10/15,1159.24
12/11/15,1121.83
12/12/15,1121.83
12/13/15,1121.83
12/14/15,1078.14
12/15/15,1118.22
12/16/15,1133.72
12/17/15,1135.05
12/18/15,1120.18
12/19/15,1120.18
12/20/15,1120.18
12/21/15,1126.47
12/22/15,1130.91
12/23/15,1161.02
12/24/15,1168.8
12/25/15,1168.8
12/26/15,1168.8
12/27/15,1168.8
12/28/15,1143.94
12/29/15,1144.04
12/30/15,1140.11
12/31/15,1135.58
1/1/16,1135.58
1/2/16,1135.58
1/3/16,1135.58
1/4/16,1150.21
1/5/16,1156.32
1/6/16,1156.02
1/7/16,1126.31
1/8/16,1119.09
1/9/16,1119.09
1/10/16,1119.09
1/11/16,1097.48
1/12/16,1088.41
1/13/16,1056.07
1/14/16,1049.53
1/15/16,1037.36
1/16/16,1037.36
1/17/16,1037.36
1/18/16,1037.36
1/19/16,1032.97
1/20/16,1010.35
1/21/16,1029.21
1/22/16,1060.54
1/23/16,1060.54
1/24/16,1060.54
1/25/16,1045.55
1/26/16,1063.83
1/27/16,1060.33
1/28/16,1062.64
1/29/16,1068.85
1/30/16,1068.85
1/31/16,1068.85
2/1/16,1075.17
2/2/16,1055.03
2/3/16,1061.17
2/4/16,1066.23
2/5/16,1060.98
2/6/16,1060.98
2/7/16,1060.98
2/8/16,1033.3
2/9/16,1009.63
2/10/16,1007.95
2/11/16,988.15
2/12/16,1010.44
2/13/16,1010.44
2/14/16,1010.44
2/15/16,1010.44
2/16/16,1023.68
2/17/16,1046.07
2/18/16,1047.55
2/19/16,1035.34
2/20/16,1035.34
2/21/16,1035.34
2/22/16,1040.68
2/23/16,1040.45
2/24/16,1045.61
2/25/16,1060.99
2/26/16,1075.17
2/27/16,1075.17
2/28/16,1075.17
2/29/16,1097.1
3/1/16,1102.73
3/2/16,1114.03
3/3/16,1123.57
3/4/16,1127.57
3/5/16,1127.57
3/6/16,1127.57
3/7/16,1138.48
3/8/16,1123.17
3/9/16,1124.17
3/10/16,1122.59
3/11/16,1138.14
3/12/16,1138.14
3/13/16,1138.14
3/14/16,1142.26
3/15/16,1137.71
3/16/16,1147.69
3/17/16,1164.3
3/18/16,1167.21
3/19/16,1167.21
3/20/16,1167.21
3/21/16,1174.46
3/22/16,1176.17
3/23/16,1157.65
3/24/16,1167.92
3/25/16,1167.92
3/26/16,1167.92
3/27/16,1167.92
3/28/16,1168.07
3/29/16,1181.87
3/30/16,1178.66
3/31/16,1188.83
4/1/16,1202.19
4/2/16,1202.19
4/3/16,1202.19
4/4/16,1186.16
4/5/16,1181.6
4/6/16,1192.46
4/7/16,1184.38
4/8/16,1192.29
4/9/16,1192.29
4/10/16,1192.29
4/11/16,1193.35
4/12/16,1206.13
4/13/16,1212.5
4/14/16,1206.9
4/15/16,1205.3
4/16/16,1205.3
4/17/16,1205.3
4/18/16,1204.55
4/19/16,1213.89
4/20/16,1215.35
4/21/16,1208.14
4/22/16,1216.87
4/23/16,1216.87
4/24/16,1216.87
4/25/16,1220.08
4/26/16,1225.04
4/27/16,1226.37
4/28/16,1209.21
4/29/16,1214.55
4/30/16,1214.55
5/1/16,1214.55
5/2/16,1203.12
5/3/16,1195.24
5/4/16,1200.07
5/5/16,1186.08
5/6/16,1190.84
5/7/16,1190.84
5/8/16,1190.84
5/9/16,1183.16
5/10/16,1199.76
5/11/16,1200.22
5/12/16,1202.3
5/13/16,1198.77
5/14/16,1198.77
5/15/16,1198.77
5/16/16,1200.24
5/17/16,1200.83
5/18/16,1194.71
5/19/16,1175.48
5/20/16,1183.99
5/21/16,1183.99
5/22/16,1183.99
5/23/16,1182.32
5/24/16,1190.48
5/25/16,1196.99
5/26/16,1196.85
5/27/16,1200.77
5/28/16,1200.77
5/29/16,1200.77
5/30/16,1200.77
5/31/16,1197.02
6/1/16,1206.98
6/2/16,1205.66
6/3/16,1206.16
6/4/16,1206.16
6/5/16,1206.16
6/6/16,1209.72
6/7/16,1209.87
6/8/16,1207.73
6/9/16,1208.41
6/10/16,1205.74
6/11/16,1205.74
6/12/16,1205.74
6/13/16,1204.06
6/14/16,1192.69
6/15/16,1200.15
6/16/16,1202.73
6/17/16,1204.93
6/18/16,1204.93
6/19/16,1204.93
6/20/16,1209.61
6/21/16,1213.22
6/22/16,1214.66
6/23/16,1223.42
6/24/16,1217.03
6/25/16,1217.03
6/26/16,1217.03
6/27/16,1191.95
6/28/16,1213.35
6/29/16,1229.81
6/30/16,1231.08
7/1/16,1242.6
7/2/16,1242.6
7/3/16,1242.6
7/4/16,1242.6
7/5/16,1238.71
7/6/16,1238.8
7/7/16,1243.63
7/8/16,1244.53
7/9/16,1244.53
7/10/16,1244.53
7/11/16,1251.46
7/12/16,1259.26
7/13/16,1255.4
7/14/16,1255.05
7/15/16,1262.72
7/16/16,1262.72
7/17/16,1262.72
7/18/16,1273.55
7/19/16,1278.55
7/20/16,1283.59
7/21/16,1283.67
7/22/16,1290.95
7/23/16,1290.95
7/24/16,1290.95
7/25/16,1297.45
7/26/16,1297.5
7/27/16,1298.22
7/28/16,1294.1
7/29/16,1301.93
7/30/16,1301.93
7/31/16,1301.93
8/1/16,1299.06
8/2/16,1292.02
8/3/16,1304.09
8/4/16,1307.68
8/5/16,1305.88
8/6/16,1305.88
8/7/16,1305.88
8/8/16,1306.78
8/9/16,1312.81
8/10/16,1315
8/11/16,1315.55
8/12/16,1317.96
8/13/16,1317.96
8/14/16,1317.96
8/15/16,1321.51
8/16/16,1320.75
8/17/16,1322.75
8/18/16,1332.12
8/19/16,1333.38
8/20/16,1333.38
8/21/16,1333.38
8/22/16,1337.12
8/23/16,1342.22
8/24/16,1341.32
8/25/16,1336.79
8/26/16,1344.58
8/27/16,1344.58
8/28/16,1344.58
8/29/16,1356.44
8/30/16,1365.92
8/31/16,1361.63
9/1/16,1356.54
9/2/16,1364.15
9/3/16,1364.15
9/4/16,1364.15
9/5/16,1364.15
9/6/16,1364.85
9/7/16,1363.64
9/8/16,1360.6
9/9/16,1336.39
9/10/16,1336.39
9/11/16,1336.39
9/12/16,1330.37
9/13/16,1314.99
9/14/16,1312.29
9/15/16,1323.49
9/16/16,1322.31
9/17/16,1322.31
9/18/16,1322.31
9/19/16,1328.11
9/20/16,1332.94
9/21/16,1335.72
9/22/16,1339.52
9/23/16,1341.24
9/24/16,1341.24
9/25/16,1341.24
9/26/16,1336.03
9/27/16,1340.4
9/28/16,1344.71
9/29/16,1339.13
9/30/16,1341.21
10/1/16,1341.21
10/2/16,1341.21
10/3/16,1346.02
10/4/16,1342.45
10/5/16,1345.37
10/6/16,1339.74
10/7/16,1339.2
10/8/16,1339.2
10/9/16,1339.2
10/10/16,1341.68
10/11/16,1334.64
10/12/16,1336.21
10/13/16,1336.14
10/14/16,1325.15
10/15/16,1325.15
10/16/16,1325.15
10/17/16,1318.74
10/18/16,1323.17
10/19/16,1331.51
10/20/16,1326.33
10/21/16,1332.4
10/22/16,1332.4
10/23/16,1332.4
10/24/16,1341.3
10/25/16,1345.81
10/26/16,1338.8
10/27/16,1333.09
10/28/16,1335.71
10/29/16,1335.71
10/30/16,1335.71
10/31/16,1322.77
11/1/16,1308.1
11/2/16,1296.56
11/3/16,1284.12
11/4/16,1283.97
11/5/16,1283.97
11/6/16,1283.97
11/7/16,1297.35
11/8/16,1304.26
11/9/16,1320.12
11/10/16,1338.49
11/11/16,1345.91
11/12/16,1345.91
11/13/16,1345.91
11/14/16,1341.2
11/15/16,1343.37
11/16/16,1344.31
11/17/16,1356.94
11/18/16,1363.25
11/19/16,1363.25
11/20/16,1363.25
11/21/16,1363.9
11/22/16,1363.71
11/23/16,1364.91
11/24/16,1364.91
11/25/16,1389.42
11/26/16,1389.42
11/27/16,1389.42
11/28/16,1375.8
11/29/16,1379.33
11/30/16,1375.87
12/1/16,1375.13
12/2/16,1369.89
12/3/16,1369.89
12/4/16,1369.89
12/5/16,1378.64
12/6/16,1383.57
12/7/16,1385.05
12/8/16,1395.58
12/9/16,1402.31
12/10/16,1402.31
12/11/16,1402.31
12/12/16,1401.85
12/13/16,1398.34
12/14/16,1389.64
12/15/16,1383.6
12/16/16,1392.84
12/17/16,1392.84
12/18/16,1392.84
12/19/16,1399.65
12/20/16,1404.65
12/21/16,1409.63
12/22/16,1408.1
12/23/16,1405.48
12/24/16,1405.48
12/25/16,1405.48
12/26/16,1405.48
12/27/16,1411.36
12/28/16,1401.87
12/29/16,1416.15
12/30/16,1417.63
12/31/16,1417.63
1/1/17,1417.63
1/2/17,1417.63
1/3/17,1424.91
1/4/17,1452.29
1/5/17,1445.05
1/6/17,1445.25
1/7/17,1445.25
1/8/17,1445.25
1/9/17,1433.58
1/10/17,1435.37
1/11/17,1442.08
1/12/17,1438.72
1/13/17,1442.74
1/14/17,1442.74
1/15/17,1442.74
1/16/17,1442.74
1/17/17,1441.25
1/18/17,1442.33
1/19/17,1433.58
1/20/17,1437.26
1/21/17,1437.26
1/22/17,1437.26
1/23/17,1438.83
1/24/17,1442.37
1/25/17,1446.61
1/26/17,1443.3
1/27/17,1443.21
1/28/17,1443.21
1/29/17,1443.21
1/30/17,1437.33
1/31/17,1427.47
2/1/17,1441.22
2/2/17,1437.24
2/3/17,1456.35
2/4/17,1456.35
2/5/17,1456.35
2/6/17,1468.09
2/7/17,1467.59
2/8/17,1468.93
2/9/17,1465.8
2/10/17,1476.15
2/11/17,1476.15
2/12/17,1476.15
2/13/17,1482.17
2/14/17,1488.44
2/15/17,1497.47
2/16/17,1495.02
2/17/17,1498.71
2/18/17,1498.71
2/19/17,1498.71
2/20/17,1498.71
2/21/17,1501.17
2/22/17,1505.42
2/23/17,1507.04
2/24/17,1507.08
2/25/17,1507.08
2/26/17,1507.08
2/27/17,1502.55
2/28/17,1497.04
3/1/17,1501.53
3/2/17,1491.1
3/3/17,1486.84
3/4/17,1486.84
3/5/17,1486.84
3/6/17,1485.09
3/7/17,1483.6
3/8/17,1474.71
3/9/17,1459.53
3/10/17,1475.04
3/11/17,1475.04
3/12/17,1475.04
3/13/17,1479.24
3/14/17,1474.57
3/15/17,1486.57
3/16/17,1480.84
3/17/17,1496.74
3/18/17,1496.74
3/19/17,1496.74
3/20/17,1499.48
3/21/17,1478.77
3/22/17,1471.59
3/23/17,1478.15
3/24/17,1482.35
3/25/17,1482.35
3/26/17,1482.35
3/27/17,1482.39
3/28/17,1490.47
3/29/17,1498.06
3/30/17,1506.59
3/31/17,1510.49
4/1/17,1510.49
4/2/17,1510.49
4/3/17,1509.33
4/4/17,1510.74
4/5/17,1500.94
4/6/17,1510.16
4/7/17,1507.71
4/8/17,1507.71
4/9/17,1507.71
4/10/17,1505.67
4/11/17,1514.75
4/12/17,1509.41
4/13/17,1502.94
4/14/17,1502.94
4/15/17,1502.94
4/16/17,1502.94
4/17/17,1511.22
4/18/17,1511.76
4/19/17,1509.99
4/20/17,1512.99
4/21/17,1518.82
4/22/17,1518.82
4/23/17,1518.82
4/24/17,1522.13
4/25/17,1525.42
4/26/17,1529.83
4/27/17,1531.14
4/28/17,1532.76
4/29/17,1532.76
4/30/17,1532.76
5/1/17,1529.73
5/2/17,1533.83
5/3/17,1506.85
5/4/17,1481.06
5/5/17,1488.67
5/6/17,1488.67
5/7/17,1488.67
5/8/17,1479.49
5/9/17,1466.96
5/10/17,1449.04
5/11/17,1446.77
5/12/17,1440.35
5/13/17,1440.35
5/14/17,1440.35
5/15/17,1452.48
5/16/17,1455.95
5/17/17,1446.76
5/18/17,1441.85
5/19/17,1440.08
5/20/17,1440.08
5/21/17,1440.08
5/22/17,1450.2
5/23/17,1460.25
5/24/17,1463.02
5/25/17,1455.97
5/26/17,1458.72
5/27/17,1458.72
5/28/17,1458.72
5/29/17,1458.72
5/30/17,1450.17
5/31/17,1440.3
6/1/17,1455.96
6/2/17,1455.76
6/3/17,1455.76
6/4/17,1455.76
6/5/17,1454.04
6/6/17,1446.07
6/7/17,1443.86
6/8/17,1443.91
6/9/17,1451.4
6/10/17,1451.4
6/11/17,1451.4
6/12/17,1457.03
6/13/17,1457.17
6/14/17,1454.43
6/15/17,1450.2
6/16/17,1454.73
6/17/17,1454.73
6/18/17,1454.73
6/19/17,1455.27
6/20/17,1447.68
6/21/17,1445.47
6/22/17,1444.76
6/23/17,1456.34
6/24/17,1456.34
6/25/17,1456.34
6/26/17,1462.7
6/27/17,1454.84
6/28/17,1458.04
6/29/17,1464.91
6/30/17,1466.32
7/1/17,1466.32
7/2/17,1466.32
7/3/17,1475.29
7/4/17,1475.29
7/5/17,1470.17
7/6/17,1468.21
7/7/17,1463.91
7/8/17,1463.91
7/9/17,1463.91
7/10/17,1467.91
7/11/17,1465.92
7/12/17,1469.18
7/13/17,1469.69
7/14/17,1477.42
7/15/17,1477.42
7/16/17,1477.42
7/17/17,1478.89
7/18/17,1479.65
7/19/17,1476.6
7/20/17,1476.29
7/21/17,1478.08
7/22/17,1478.08
7/23/17,1478.08
7/24/17,1474.09
7/25/17,1478.39
7/26/17,1477.07
7/27/17,1479.86
7/28/17,1476.31
7/29/17,1476.31
7/30/17,1476.31
7/31/17,1477.36
8/1/17,1479.85
8/2/17,1476.59
8/3/17,1469.2
8/4/17,1463.81
8/5/17,1463.81
8/6/17,1463.81
8/7/17,1468.6
8/8/17,1466.86
8/9/17,1466.95
8/10/17,1446.03
8/11/17,1437.77
8/12/17,1437.77
8/13/17,1437.77
8/14/17,1452.86
8/15/17,1452.95
8/16/17,1445.02
8/17/17,1427.55
8/18/17,1414.02
8/19/17,1414.02
8/20/17,1414.02
8/21/17,1411.37
8/22/17,1419.23
8/23/17,1422.25
8/24/17,1420
8/25/17,1419.66
8/26/17,1419.66
8/27/17,1419.66
8/28/17,1419.88
8/29/17,1415.66
8/30/17,1410.46
8/31/17,1397.24
9/1/17,1413.2
9/2/17,1413.2
9/3/17,1413.2
9/4/17,1413.2
9/5/17,1402.31
9/6/17,1402.09
9/7/17,1401.27
9/8/17,1398.3
9/9/17,1398.3
9/10/17,1398.3
9/11/17,1402.93
9/12/17,1403.68
9/13/17,1405.97
9/14/17,1409.7
9/15/17,1411.5
9/16/17,1411.5
9/17/17,1411.5
9/18/17,1407.94
9/19/17,1414.29
9/20/17,1420.12
9/21/17,1416.95
9/22/17,1423.7
9/23/17,1423.7
9/24/17,1423.7
9/25/17,1423.05
9/26/17,1429.13
9/27/17,1430.39
9/28/17,1446.43
9/29/17,1457.96
9/30/17,1457.96
10/1/17,1457.96
10/2/17,1461.2
10/3/17,1461.69
10/4/17,1465.47
10/5/17,1469.39
10/6/17,1461.04
10/7/17,1461.04
10/8/17,1461.04
10/9/17,1457.65
10/10/17,1459.04
10/11/17,1454.39
10/12/17,1448.48
10/13/17,1448.21
10/14/17,1448.21
10/15/17,1448.21
10/16/17,1452.5
10/17/17,1441.83
10/18/17,1444.93
10/19/17,1447.16
10/20/17,1452.36
10/21/17,1452.36
10/22/17,1452.36
10/23/17,1449.48
10/24/17,1449.22
10/25/17,1430.94
10/26/17,1424.21
10/27/17,1430.37
10/28/17,1430.37
10/29/17,1430.37
10/30/17,1426.53
10/31/17,1418.26
11/1/17,1411.51
11/2/17,1385.38
11/3/17,1406.4
11/4/17,1406.4
11/5/17,1406.4
11/6/17,1412.4
11/7/17,1417.99
11/8/17,1432.8
11/9/17,1415.73
11/10/17,1423.68
11/11/17,1423.68
11/12/17,1423.68
11/13/17,1422.37
11/14/17,1426.79
11/15/17,1425.91
11/16/17,1434.77
11/17/17,1448.87
11/18/17,1448.87
11/19/17,1448.87
11/20/17,1447.97
11/21/17,1445.42
11/22/17,1447.67
11/23/17,1447.67
11/24/17,1448.47
11/25/17,1448.47
11/26/17,1448.47
11/27/17,1440.77
11/28/17,1442
11/29/17,1440.17
11/30/17,1434.73
12/1/17,1430.02
12/2/17,1430.02
12/3/17,1430.02
12/4/17,1428.28
12/5/17,1421.23
12/6/17,1425.06
12/7/17,1424.85
12/8/17,1432.03
12/9/17,1432.03
12/10/17,1432.03
12/11/17,1433.82
12/12/17,1427.43
12/13/17,1426.39
12/14/17,1421.16
12/15/17,1422.54
12/16/17,1422.54
12/17/17,1422.54
12/18/17,1426.41
12/19/17,1418.68
12/20/17,1420.02
12/21/17,1428.76
12/22/17,1430.44
12/23/17,1430.44
12/24/17,1430.44
12/25/17,1430.44
12/26/17,1424.25
12/27/17,1426.23
12/28/17,1427.8
12/29/17,1420.53
12/30/17,1420.53
12/31/17,1420.53
1/1/18,1420.53
1/2/18,1432.3
1/3/18,1429.47
1/4/18,1422.44
1/5/18,1422.27
1/6/18,1422.27
1/7/18,1422.27
1/8/18,1424.52
1/9/18,1414.53
1/10/18,1409.85
1/11/18,1421.11
1/12/18,1430.29
1/13/18,1430.29
1/14/18,1430.29
1/15/18,1430.29
1/16/18,1425.23
1/17/18,1428.46
1/18/18,1425.55
1/19/18,1428.72
1/20/18,1428.72
1/21/18,1428.72
1/22/18,1437.53
1/23/18,1437.4
1/24/18,1437.01
1/25/18,1434.85
1/26/18,1436.11
1/27/18,1436.11
1/28/18,1436.11
1/29/18,1427.48
1/30/18,1416.02
1/31/18,1402.76
2/1/18,1413.69
2/2/18,1390.21
2/3/18,1390.21
2/4/18,1390.21
2/5/18,1345.63
2/6/18,1363.87
2/7/18,1375.32
2/8/18,1362.44
2/9/18,1358.1
2/10/18,1358.1
2/11/18,1358.1
2/12/18,1373.37
2/13/18,1389.5
2/14/18,1391
2/15/18,1378.92
2/16/18,1390.39
2/17/18,1390.39
2/18/18,1390.39
2/19/18,1390.39
2/20/18,1377.38
2/21/18,1371.76
2/22/18,1369.8
2/23/18,1370.52
2/24/18,1370.52
2/25/18,1370.52
2/26/18,1374.57
2/27/18,1363.88
2/28/18,1351.18
3/1/18,1352.47
3/2/18,1358.7
3/3/18,1358.7
3/4/18,1358.7
3/5/18,1378.27
3/6/18,1385.84
3/7/18,1378.2
3/8/18,1384.85
3/9/18,1387.74
3/10/18,1387.74
3/11/18,1387.74
3/12/18,1391.19
3/13/18,1394.93
3/14/18,1388.95
3/15/18,1371.43
3/16/18,1379.27
3/17/18,1379.27
3/18/18,1379.27
3/19/18,1379.3
3/20/18,1373.92
3/21/18,1373.53
3/22/18,1407.74
3/23/18,1382.83
3/24/18,1382.83
3/25/18,1382.83
3/26/18,1390.8
3/27/18,1383.26
3/28/18,1385.67
3/29/18,1391.69
3/30/18,1391.69
3/31/18,1391.69
4/1/18,1391.69
4/2/18,1391.17
4/3/18,1397.72
4/4/18,1408.93
4/5/18,1416.09
4/6/18,1408.23
4/7/18,1408.23
4/8/18,1408.23
4/9/18,1405.83
4/10/18,1404.13
4/11/18,1405.07
4/12/18,1404.78
4/13/18,1400.4
4/14/18,1400.4
4/15/18,1400.4
4/16/18,1405.05
4/17/18,1413.12
4/18/18,1413.39
4/19/18,1407.77
4/20/18,1406.86
4/21/18,1406.86
4/22/18,1406.86
4/23/18,1404.04
4/24/18,1403.3
4/25/18,1399.62
4/26/18,1402.21
4/27/18,1411.79
4/28/18,1411.79
4/29/18,1411.79
4/30/18,1414.47
5/1/18,1410.94
5/2/18,1408.13
5/3/18,1412.07
5/4/18,1419.75
5/5/18,1419.75
5/6/18,1419.75
5/7/18,1431.65
5/8/18,1436.59
5/9/18,1436.86
5/10/18,1447.65
5/11/18,1451.06
5/12/18,1451.06
5/13/18,1451.06
5/14/18,1452.55
5/15/18,1454.51
5/16/18,1451.9
5/17/18,1458.09
5/18/18,1461.47
5/19/18,1461.47
5/20/18,1461.47
5/21/18,1462.92
5/22/18,1465.99
5/23/18,1468.79
5/24/18,1468.34
5/25/18,1469
5/26/18,1469
5/27/18,1469
5/28/18,1469
5/29/18,1465.32
5/30/18,1468.83
5/31/18,1468.67
6/1/18,1472.17
6/2/18,1472.17
6/3/18,1472.17
6/4/18,1479.26
6/5/18,1472.24
6/6/18,1478.87
6/7/18,1482.01
6/8/18,1486.24
6/9/18,1486.24
6/10/18,1486.24
6/11/18,1480.58
6/12/18,1474.36
6/13/18,1472.37
6/14/18,1483.09
6/15/18,1479.04
6/16/18,1479.04
6/17/18,1479.04
6/18/18,1481.15
6/19/18,1482.86
6/20/18,1482.38
6/21/18,1475.4
6/22/18,1469.82
6/23/18,1469.82
6/24/18,1469.82
6/25/18,1467.32
6/26/18,1469.65
6/27/18,1460.18
6/28/18,1458.61
6/29/18,1462.06
6/30/18,1462.06
7/1/18,1462.06
7/2/18,1471.8
7/3/18,1480.98
7/4/18,1480.98
7/5/18,1483.54
7/6/18,1484.51
7/7/18,1484.51
7/8/18,1484.51
7/9/18,1489.12
7/10/18,1492.24
7/11/18,1490.46
7/12/18,1484.15
7/13/18,1487.57
7/14/18,1487.57
7/15/18,1487.57
7/16/18,1491.81
7/17/18,1507.18
7/18/18,1527.73
7/19/18,1522.89
7/20/18,1519.95
7/21/18,1519.95
7/22/18,1519.95
7/23/18,1515.39
7/24/18,1521.13
7/25/18,1524.59
7/26/18,1524.24
7/27/18,1526.3
7/28/18,1526.3
7/29/18,1526.3
7/30/18,1527.68
7/31/18,1531.29
8/1/18,1534.86
8/2/18,1540.33
8/3/18,1547.17
8/4/18,1547.17
8/5/18,1547.17
8/6/18,1550.9
8/7/18,1552.7
8/8/18,1548.57
8/9/18,1546.88
8/10/18,1535.89
8/11/18,1535.89
8/12/18,1535.89
8/13/18,1535.43
8/14/18,1537.32
8/15/18,1535.68
8/16/18,1540.93
8/17/18,1538.49
8/18/18,1538.49
8/19/18,1538.49
8/20/18,1538.93
8/21/18,1544.3
8/22/18,1543.67
8/23/18,1541.37
8/24/18,1542.58
8/25/18,1542.58
8/26/18,1542.58
8/27/18,1548.66
8/28/18,1545.18
8/29/18,1553.19
8/30/18,1556.1
8/31/18,1553.51
9/1/18,1553.51
9/2/18,1553.51
9/3/18,1553.51
9/4/18,1551.76
9/5/18,1548.69
9/6/18,1546.88
9/7/18,1537
9/8/18,1537
9/9/18,1537
9/10/18,1537.87
9/11/18,1538.25
9/12/18,1537.26
9/13/18,1545.69
9/14/18,1543.6
9/15/18,1543.6
9/16/18,1543.6
9/17/18,1544.1
9/18/18,1543.21
9/19/18,1537.77
9/20/18,1547.24
9/21/18,1547.35
9/22/18,1547.35
9/23/18,1547.35
9/24/18,1543.29
9/25/18,1541.07
9/26/18,1539.03
9/27/18,1540.27
9/28/18,1531.87
9/29/18,1531.87
9/30/18,1531.87
10/1/18,1533.12
10/2/18,1529.8
10/3/18,1531.81
10/4/18,1512.25
10/5/18,1506.94
10/6/18,1506.94
10/7/18,1506.94
10/8/18,1490.77
10/9/18,1504.66
10/10/18,1487.38
10/11/18,1471.05
10/12/18,1470.9
10/13/18,1470.9
10/14/18,1470.9
10/15/18,1475.63
10/16/18,1481.99
10/17/18,1479.37
10/18/18,1470.25
10/19/18,1464.28
10/20/18,1464.28
10/21/18,1464.28
10/22/18,1455.46
10/23/18,1443.31
10/24/18,1425.86
10/25/18,1435.39
10/26/18,1428.27
10/27/18,1428.27
10/28/18,1428.27
10/29/18,1433.26
10/30/18,1440.34
10/31/18,1469.64
11/1/18,1484.83
11/2/18,1471
11/3/18,1471
11/4/18,1471
11/5/18,1491.61
11/6/18,1508.14
11/7/18,1510.29
11/8/18,1509.24
11/9/18,1511.54
11/10/18,1511.54
11/11/18,1511.54
11/12/18,1487.87
11/13/18,1487.57
11/14/18,1479.13
11/15/18,1478.99
11/16/18,1478.48
11/17/18,1478.48
11/18/18,1478.48
11/19/18,1481.12
11/20/18,1454.9
11/21/18,1465.25
11/22/18,1465.25
11/23/18,1472.21
11/24/18,1472.21
11/25/18,1472.21
11/26/18,1468.08
11/27/18,1466.61
11/28/18,1484.9
11/29/18,1482.21
11/30/18,1477.53
12/1/18,1477.53
12/2/18,1477.53
12/3/18,1491.74
12/4/18,1470.94
12/5/18,1470.94
12/6/18,1453.41
12/7/18,1448.83
12/8/18,1448.83
12/9/18,1448.83
12/10/18,1436.33
12/11/18,1434.95
12/12/18,1438.32
12/13/18,1426.31
12/14/18,1411
12/15/18,1411
12/16/18,1411
12/17/18,1349.98
12/18/18,1353.57
12/19/18,1347.28
12/20/18,1308.84
12/21/18,1307.03
12/22/18,1307.03
12/23/18,1307.03
12/24/18,1307.37
12/25/18,1307.37
12/26/18,1345.9
12/27/18,1355.66
12/28/18,1367.03
12/29/18,1367.03
12/30/18,1367.03
12/31/18,1343.91
1/1/19,1343.91
1/2/19,1364.49
1/3/19,1362.24
1/4/19,1396.79
1/5/19,1396.79
1/6/19,1396.79
1/7/19,1428.99
1/8/19,1446.57
1/9/19,1446.75
1/10/19,1452.37
1/11/19,1456.91
1/12/19,1456.91
1/13/19,1456.91
1/14/19,1449.93
1/15/19,1458.23
1/16/19,1466.08
1/17/19,1467.64
1/18/19,1471.86
1/19/19,1471.86
1/20/19,1471.86
1/21/19,1471.86
1/22/19,1461.46
1/23/19,1466.09
1/24/19,1474.94
1/25/19,1485.62
1/26/19,1485.62
1/27/19,1485.62
1/28/19,1484.47
1/29/19,1481.75
1/30/19,1498.55
1/31/19,1510.5
2/1/19,1505.96
2/2/19,1505.96
2/3/19,1505.96
2/4/19,1518.32
2/5/19,1529.37
2/6/19,1522.78
2/7/19,1506.79
2/8/19,1505.51
2/9/19,1505.51
2/10/19,1505.51
2/11/19,1507.76
2/12/19,1517.96
2/13/19,1523.64
2/14/19,1526.13
2/15/19,1531.59
2/16/19,1531.59
2/17/19,1531.59
2/18/19,1531.59
2/19/19,1538.16
2/20/19,1550.83
2/21/19,1557.87
2/22/19,1581.08
2/23/19,1581.08
2/24/19,1581.08
2/25/19,1574.58
2/26/19,1569.44
2/27/19,1565.97
2/28/19,1557.73
3/1/19,1546.05
3/2/19,1546.05
3/3/19,1546.05
3/4/19,1549.89
3/5/19,1536.5
3/6/19,1530.38
3/7/19,1529.11
3/8/19,1532.28
3/9/19,1532.28
3/10/19,1532.28
3/11/19,1545.3
3/12/19,1537.13
3/13/19,1541.69
3/14/19,1547.97
3/15/19,1553.22
3/16/19,1553.22
3/17/19,1553.22
3/18/19,1557.14
3/19/19,1546.17
3/20/19,1542.34
3/21/19,1543.46
3/22/19,1533.02
3/23/19,1533.02
3/24/19,1533.02
3/25/19,1534.89
3/26/19,1540.54
3/27/19,1541.6
3/28/19,1548.97
3/29/19,1543.06
3/30/19,1543.06
3/31/19,1543.06
4/1/19,1561.49
4/2/19,1566.06
4/3/19,1561.99
4/4/19,1566.2
4/5/19,1573.34
4/6/19,1573.34
4/7/19,1573.34
4/8/19,1573.48
4/9/19,1561.13
4/10/19,1567.41
4/11/19,1568.84
4/12/19,1571.41
4/13/19,1571.41
4/14/19,1571.41
4/15/19,1566.16
4/16/19,1577.24
4/17/19,1572.97
4/18/19,1569.46
4/19/19,1569.46
4/20/19,1569.46
4/21/19,1569.46
4/22/19,1574.55
4/23/19,1583.48
4/24/19,1581.79
4/25/19,1581.02
4/26/19,1590.7
4/27/19,1590.7
4/28/19,1590.7
4/29/19,1596.84
4/30/19,1604.37
5/1/19,1593.75
5/2/19,1597.77
5/3/19,1610.82
5/4/19,1610.82
5/5/19,1610.82
5/6/19,1615.64
5/7/19,1604.86
5/8/19,1604.66
5/9/19,1598.07
5/10/19,1600.14
5/11/19,1600.14
5/12/19,1600.14
5/13/19,1580
5/14/19,1590.17
5/15/19,1585.28
5/16/19,1590.97
5/17/19,1594.41
5/19/19,1594.41
5/20/19,1599.4
5/21/19,1601.46
5/22/19,1597.97
5/23/19,1592.2
5/24/19,1592.13
5/25/19,1592.13
5/26/19,1592.13
5/27/19,1592.13
5/28/19,1589.46
5/29/19,1581.26
5/30/19,1576.18
5/31/19,1552.23
6/1/19,1552.23
6/2/19,1552.23
6/3/19,1558.98
6/4/19,1575.12
6/5/19,1573
6/6/19,1579.72
6/7/19,1585.51
6/8/19,1585.51
6/9/19,1585.51
6/10/19,1595.05
6/11/19,1592.87
6/12/19,1597.09
6/13/19,1602.81
6/14/19,1608.1
6/15/19,1608.1
6/16/19,1608.1
6/17/19,1607.43
6/18/19,1613.6
6/19/19,1622.88
6/20/19,1608.81
6/21/19,1611.75
6/22/19,1611.75
6/23/19,1611.75
6/24/19,1607.78
6/25/19,1594.82
6/26/19,1592.1
6/27/19,1594.84
6/28/19,1610.91
6/29/19,1610.91
6/30/19,1610.91
7/1/19,1613.54
7/2/19,1618.48
7/3/19,1625.28
7/4/19,1625.28
7/5/19,1627.57
7/6/19,1627.57
7/7/19,1627.57
7/8/19,1624.62
7/9/19,1624.55
7/10/19,1629.92
7/11/19,1627.89
7/12/19,1632.09
7/13/19,1632.09
7/14/19,1632.09
7/15/19,1632.25
7/16/19,1631.95
7/17/19,1621.34
7/18/19,1621.83
7/19/19,1620.12
7/20/19,1620.12
7/21/19,1620.12
7/22/19,1611.49
7/23/19,1618.68
7/24/19,1628.11
7/25/19,1625.39
7/26/19,1630.77
7/27/19,1630.77
7/28/19,1630.77
7/29/19,1623.51
7/30/19,1642.1
7/31/19,1629.79
8/1/19,1616.03
8/2/19,1621.45
8/3/19,1621.45
8/4/19,1621.45
8/5/19,1586.97
8/6/19,1604.15
8/7/19,1595.04
8/8/19,1625.94
8/9/19,1611.06
8/10/19,1611.06
8/11/19,1611.06
8/12/19,1605.89
8/13/19,1613.84
8/14/19,1593.44
8/15/19,1592.1
8/16/19,1616.76
8/17/19,1616.76
8/18/19,1616.76
8/19/19,1637.31
8/20/19,1638.38
8/21/19,1641.32
8/22/19,1640.06
8/23/19,1622.99
8/24/19,1622.99
8/25/19,1622.99
8/26/19,1632.58
8/27/19,1619.28
8/28/19,1621.76
8/29/19,1632.32
8/30/19,1633.2
8/31/19,1633.2
9/1/19,1633.2
9/2/19,1633.2
9/3/19,1625.69
9/4/19,1632.34
9/5/19,1643.85
9/6/19,1641.81
9/7/19,1641.81
9/8/19,1641.81
9/9/19,1654.02
9/10/19,1660.53
9/11/19,1665.6
9/12/19,1665.56
9/13/19,1674.54
9/14/19,1674.54
9/15/19,1674.54
9/16/19,1674.58
9/17/19,1674.59
9/18/19,1677.12
9/19/19,1675.77
9/20/19,1688.65
9/21/19,1688.65
9/22/19,1688.65
9/23/19,1685.2
9/24/19,1673.34
9/25/19,1673.57
9/26/19,1683.48
9/27/19,1676.45
9/28/19,1676.45
9/29/19,1676.45
9/30/19,1671.94
10/1/19,1652.34
10/2/19,1620.61
10/3/19,1617.22
10/4/19,1631.71
10/5/19,1631.71
10/6/19,1631.71
10/7/19,1638.23
10/8/19,1625.23
10/9/19,1629.22
10/10/19,1637.05
10/11/19,1642.59
10/12/19,1642.59
10/13/19,1642.59
10/14/19,1635.02
10/15/19,1646.23
10/16/19,1645.3
10/17/19,1653.08
10/18/19,1656.41
10/19/19,1656.41
10/20/19,1656.41
10/21/19,1662.92
10/22/19,1662.7
10/23/19,1662.96
10/24/19,1659.12
10/25/19,1657.58
10/26/19,1657.58
10/27/19,1657.58
10/28/19,1664.62
10/29/19,1665.66
10/30/19,1663.75
10/31/19,1659.23
11/1/19,1669.18
11/2/19,1669.18
11/3/19,1669.18
11/4/19,1673.4
11/5/19,1673.42
11/6/19,1678.12
11/7/19,1668.54
11/8/19,1669.37
11/9/19,1669.37
11/10/19,1669.37
11/11/19,1670.57
11/12/19,1679.54
11/13/19,1679.96
11/14/19,1679.24
11/15/19,1678
11/16/19,1678
11/17/19,1678
11/18/19,1680.91
11/19/19,1685.63
11/20/19,1685.09
11/21/19,1676.61
11/22/19,1675.89
11/23/19,1675.89
11/24/19,1675.89
11/25/19,1689.12
11/26/19,1693.18
11/27/19,1707.73
11/28/19,1707.73
11/29/19,1714.81
11/30/19,1714.81
12/1/19,1714.81
12/2/19,1705.33
12/3/19,1700.48
12/4/19,1709.18
12/5/19,1706.92
12/6/19,1714.44
12/7/19,1714.44
12/8/19,1714.44
12/9/19,1720.26
12/10/19,1722.43
12/11/19,1724.71
12/12/19,1731.69
12/13/19,1734.43
12/14/19,1734.43
12/15/19,1734.43
12/16/19,1744.54
12/17/19,1750.15
12/18/19,1744.58
12/19/19,1744.68
12/20/19,1745.29
12/21/19,1745.29
12/22/19,1745.29
12/23/19,1738.38
12/24/19,1739.35
12/25/19,1739.35
12/26/19,1741.91
12/27/19,1739.22
12/28/19,1739.22
12/29/19,1739.22
12/30/19,1735.08
12/31/19,1733.33
1/1/20,1733.33
1/2/20,1738.63
1/3/20,1739.72
1/4/20,1739.72
1/5/20,1739.72
1/6/20,1740.26
1/7/20,1738.87
1/8/20,1741.18
1/9/20,1742
1/10/20,1740.94
1/11/20,1740.94
1/12/20,1740.94
1/13/20,1747.75
1/14/20,1752.46
1/15/20,1757.31
1/16/20,1763.11
1/17/20,1763.8
1/18/20,1763.8
1/19/20,1763.8
1/20/20,1763.8
1/21/20,1763.73
1/22/20,1771.05
1/23/20,1770.97
1/24/20,1757.94
1/25/20,1757.94
1/26/20,1757.94
1/27/20,1746.28
1/28/20,1753.11
1/29/20,1753.67
1/30/20,1756.26
1/31/20,1743.66
2/1/20,1743.66
2/2/20,1743.66
2/3/20,1748.76
2/4/20,1753.08
2/5/20,1766.2
2/6/20,1765.56
2/7/20,1769.18
2/8/20,1769.18
2/9/20,1769.18
2/10/20,1769.82
2/11/20,1771.8
2/12/20,1765.79
2/13/20,1777.42
2/14/20,1774.74
2/15/20,1774.74
2/16/20,1774.74
2/17/20,1774.74
2/18/20,1775
2/19/20,1769.89
2/20/20,1783.15
2/21/20,1771.57
2/22/20,1771.57
2/23/20,1771.57
2/24/20,1744.34
2/25/20,1668.36
2/26/20,1679.38
2/27/20,1625.34
2/28/20,1567.13
2/29/20,1567.13
3/1/20,1567.13
3/2/20,1629.04
3/3/20,1621.09
3/4/20,1651.39
3/5/20,1630.21
3/6/20,1589.71
3/7/20,1589.71
3/8/20,1589.71
3/9/20,1454.7
3/10/20,1470.17
3/11/20,1406.45
3/12/20,1236.58
3/13/20,1282.33
3/14/20,1282.33
3/15/20,1282.33
3/16/20,1080.9
3/17/20,1024.03
3/18/20,816.58
3/19/20,954.46
3/20/20,900.83
3/21/20,900.83
3/22/20,900.83
3/23/20,756.93
3/24/20,862.87
3/25/20,949.59
3/26/20,1055.38
3/27/20,1038.54
3/28/20,1038.54
3/29/20,1038.54
3/30/20,985.42
3/31/20,963.23
4/1/20,890.48
4/2/20,861.74
4/3/20,827.97
4/4/20,827.97
4/5/20,827.97
4/6/20,876.03
4/7/20,957.54
4/8/20,1025.72
4/9/20,1123.55
4/10/20,1123.55
4/11/20,1123.55
4/12/20,1123.55
4/13/20,1118.1
4/14/20,1140.22
4/15/20,1081.48
4/16/20,1060.95
4/17/20,1078.33
4/18/20,1078.33
4/19/20,1078.33
4/20/20,1039.88
4/21/20,1013.23
4/22/20,1003.77
4/23/20,1018.33
4/24/20,1075.43
4/25/20,1075.43
4/26/20,1075.43
4/27/20,1130.36
4/28/20,1108.66
4/29/20,1162.73
4/30/20,1149.95
5/1/20,1104.91
5/2/20,1104.91
5/3/20,1104.91
5/4/20,1081.76
5/5/20,1093.24
5/6/20,1128.03
5/7/20,1142.63
5/8/20,1161.35
5/9/20,1161.35
5/10/20,1161.35
5/11/20,1165.1
5/12/20,1159.32
5/13/20,1112.77
5/14/20,1136.38
5/15/20,1146.36
5/16/20,1146.36
5/17/20,1146.36
5/18/20,1189.86
5/19/20,1196.17
5/20/20,1222.6
5/21/20,1242.8
5/22/20,1254.59
5/23/20,1254.59
5/24/20,1254.59
5/25/20,1254.59
5/26/20,1299.8
5/27/20,1323.74
5/28/20,1297.06
5/29/20,1288.89
5/30/20,1288.89
5/31/20,1288.89
6/1/20,1313.34
6/2/20,1318
6/3/20,1347.11
6/4/20,1350.25
6/5/20,1367.56
6/6/20,1367.56
6/7/20,1367.56
6/8/20,1430.43
6/9/20,1407.5
6/10/20,1362.63
6/11/20,1276.96
6/12/20,1335.61
6/13/20,1335.61
6/14/20,1335.61
6/15/20,1342.71
6/16/20,1362.04
6/17/20,1326.97
6/18/20,1315.56
6/19/20,1311.15
6/20/20,1311.15
6/21/20,1311.15
6/22/20,1299.56
6/23/20,1293.06
6/24/20,1268.86
6/25/20,1275.56
6/26/20,1259.54
6/27/20,1259.54
6/28/20,1259.54
6/29/20,1275.57
6/30/20,1288.62
7/1/20,1287.23
7/2/20,1283.66
7/3/20,1283.66
7/4/20,1283.66
7/5/20,1283.66
7/6/20,1280.34
7/7/20,1249.58
7/8/20,1257.86
7/9/20,1222.66
7/10/20,1239.59
7/11/20,1239.59
7/12/20,1239.59
7/13/20,1246.27
7/14/20,1259.56
7/15/20,1284.27
7/16/20,1279.87
7/17/20,1278.53
7/18/20,1278.53
7/19/20,1278.53
7/20/20,1269.76
7/21/20,1283.59
7/22/20,1299.81
7/23/20,1295.02
7/24/20,1276.08
7/25/20,1276.08
7/26/20,1276.08
7/27/20,1266.67
7/28/20,1269.61
7/29/20,1281.14
7/30/20,1282.25
7/31/20,1284.94
8/1/20,1284.94
8/2/20,1284.94
8/3/20,1298.43
8/4/20,1313.65
8/5/20,1336.73
8/6/20,1332.3
8/7/20,1357.23
8/8/20,1357.23
8/9/20,1357.23
8/10/20,1385
8/11/20,1371.88
8/12/20,1374.66
8/13/20,1366.54
8/14/20,1361.8
8/15/20,1361.8
8/16/20,1361.8
8/17/20,1351.84
8/18/20,1335.66
8/19/20,1331.067
8/20/20,1327.8
8/21/20,1324.385
8/22/20,1324.385
8/23/20,1324.385
8/24/20,1355.706
8/25/20,1346.438
8/26/20,1326.466
8/27/20,1331.834
8/28/20,1351.452
8/29/20,1351.452
8/30/20,1351.452
8/31/20,1345.869
9/1/20,1347.647
9/2/20,1350.423
9/3/20,1326.835
9/4/20,1321.485
9/5/20,1321.485
9/6/20,1321.485
9/7/20,1321.485
9/8/20,1331.535
9/9/20,1336.845
9/10/20,1335.595
9/11/20,1348.656
9/12/20,1348.656
9/13/20,1348.656
9/14/20,1361.379
9/15/20,1359.83
9/16/20,1357.423
9/17/20,1351.121
9/18/20,1348.832
9/19/20,1348.832
9/20/20,1348.832
9/21/20,1334.397
9/22/20,1335.99
9/23/20,1305.174
9/24/20,1296.882
9/25/20,1326.421
9/26/20,1326.421
9/27/20,1326.421
9/28/20,1357.511
9/29/20,1340.715
9/30/20,1339.082
10/1/20,1368.103
10/2/20,1376.941
10/3/20,1376.941
10/4/20,1376.941
10/5/20,1373.698
10/6/20,1363.184
10/7/20,1368.169
10/8/20,1380.794
10/9/20,1375.217
10/10/20,1375.217
10/11/20,1375.217
10/12/20,1359.248
10/13/20,1354.14
10/14/20,1353.49
10/15/20,1353.283
10/16/20,1348.721
10/17/20,1348.721
10/18/20,1348.721
10/19/20,1328.029
10/20/20,1330.932
10/21/20,1326.653
10/22/20,1329.171
10/23/20,1340.668
10/24/20,1340.668
10/25/20,1340.668
10/26/20,1322.08
10/27/20,1319.769
10/28/20,1283.298
10/29/20,1286.583
10/30/20,1280.905
10/31/20,1280.905
11/1/20,1280.905
11/2/20,1307.405
11/3/20,1324.7
11/4/20,1338.032
11/5/20,1375.043
11/6/20,1370.788
11/7/20,1370.788
11/8/20,1370.788
11/9/20,1404.245
11/10/20,1446.251
11/11/20,1455.312
11/12/20,1431.764
11/13/20,1457.836
11/14/20,1457.836
11/15/20,1457.836
11/16/20,1486.355
11/17/20,1492.285
11/18/20,1489.915
11/19/20,1515.198
11/20/20,1509.392
11/21/20,1509.392
11/22/20,1509.392
11/23/20,1535.475
11/24/20,1564.478
11/25/20,1579.71
11/26/20,1579.71
11/27/20,1581.462
11/28/20,1581.462
11/29/20,1581.462
11/30/20,1556.153
12/1/20,1578.429
12/2/20,1582.738
12/3/20,1605.286
12/4/20,1616.48
12/5/20,1616.48
12/6/20,1616.48
12/7/20,1599.563
12/8/20,1597.131
12/9/20,1589.746
12/10/20,1577.617
12/11/20,1584.721
12/12/20,1584.721
12/13/20,1584.721
12/14/20,1582.039
12/15/20,1591.35
12/16/20,1593.824
12/17/20,1593.53
12/18/20,1589.013
12/19/20,1589.013
12/20/20,1589.013
12/21/20,1576.913
12/22/20,1559.706
12/23/20,1573.376
12/24/20,1570.928
12/25/20,1570.928
12/26/20,1570.928
12/27/20,1570.928
12/28/20,1568.731
12/29/20,1577.396
12/30/20,1577.432
12/31/20,1592.355
1/1/21,1592.355
1/2/21,1592.355
1/3/21,1592.355
1/4/21,1575.253
1/5/21,1594.974
1/6/21,1603.645
1/7/21,1617.241
1/8/21,1630.398
1/9/21,1630.398
1/10/21,1630.398
1/11/21,1614.807
1/12/21,1617.4
1/13/21,1625.723
1/14/21,1647.353
1/15/21,1654.389
1/16/21,1654.389
1/17/21,1654.389
1/18/21,1654.389
1/19/21,1657.427
1/20/21,1667.182
1/21/21,1674.527
1/22/21,1668.799
1/23/21,1668.799
1/24/21,1668.799
1/25/21,1662.951
1/26/21,1679.804
1/27/21,1659.877
1/28/21,1650.251
1/29/21,1628.588
1/30/21,1628.588
1/31/21,1628.588
2/1/21,1654.203
2/2/21,1686.193
2/3/21,1700.432
2/4/21,1709.922
2/5/21,1738.64
2/6/21,1738.64
2/7/21,1738.64
2/8/21,1737.473
2/9/21,1722.11
2/10/21,1754.219
2/11/21,1750.078
2/12/21,1758.395
2/13/21,1758.395
2/14/21,1758.395
2/15/21,1758.395
2/16/21,1763.058
2/17/21,1763.114
2/18/21,1766.708
2/19/21,1770.104
2/20/21,1770.104
2/21/21,1770.104
2/22/21,1781.929
2/23/21,1769.958
2/24/21,1803.834
2/25/21,1779.895
2/26/21,1797.848
2/27/21,1797.848
2/28/21,1797.848
3/1/21,1819.85
3/2/21,1841.29
3/3/21,1852.933
3/4/21,1825.792
3/5/21,1816.497
3/6/21,1816.497
3/7/21,1816.497
3/8/21,1840.647
3/9/21,1844.361
3/10/21,1864.252
3/11/21,1874.87
3/12/21,1887.203
3/13/21,1887.203
3/14/21,1887.203
3/15/21,1919.331
3/16/21,1904.955
3/17/21,1907.759
3/18/21,1860.328
3/19/21,1879.518
3/20/21,1879.518
3/21/21,1879.518
3/22/21,1880.655
3/23/21,1857.752
3/24/21,1846.543
3/25/21,1867.4
3/26/21,1886.628
3/27/21,1886.628
3/28/21,1886.628
3/29/21,1882.172
3/30/21,1892.956
3/31/21,1878.894
4/1/21,1910.907
4/2/21,1910.907
4/3/21,1910.907
4/4/21,1910.907
4/5/21,1928.997
4/6/21,1948.977
4/7/21,1963.053
4/8/21,1969.969
4/9/21,1977.068
4/10/21,1977.068
4/11/21,1977.068
4/12/21,1978.939
4/13/21,1969.846
4/14/21,1959.326
4/15/21,1972.016
4/16/21,1979.277
4/17/21,1979.277
4/18/21,1979.277
4/19/21,1978.563
4/20/21,1969.647
4/21/21,1984.285
4/22/21,1972.119
4/23/21,1981.558
4/24/21,1981.558
4/25/21,1981.558
4/26/21,1987.424
4/27/21,1997.942
4/28/21,2002.482
4/29/21,2014.539
4/30/21,1996.453
5/1/21,1996.453
5/2/21,1996.453
5/3/21,1999.083
5/4/21,1985.114
5/5/21,1995.32
5/6/21,1992.851
5/7/21,2000.34
5/8/21,2000.34
5/9/21,2000.34
5/10/21,1986.352
5/11/21,1959.974
5/12/21,1895.68
5/13/21,1945.386
5/14/21,1969.913
5/15/21,1969.913
5/16/21,1969.913
5/17/21,1986.436
5/18/21,1991.012
5/19/21,1995.559
5/20/21,2002.107
5/21/21,2003.235
5/22/21,2003.235
5/23/21,2003.235
5/24/21,2010.888
5/25/21,1986.872
5/26/21,2009.482
5/27/21,2026.03
5/28/21,2032.673
5/29/21,2032.673
5/30/21,2032.673
5/31/21,2032.673
6/1/21,2056.171
6/2/21,2064.523
6/3/21,2069.56
6/4/21,2075.987
6/5/21,2075.987
6/6/21,2075.987
6/7/21,2081.947
6/8/21,2094.619
6/9/21,2097.41
6/10/21,2082.346
6/11/21,2100.799
6/12/21,2100.799
6/13/21,2100.799
6/14/21,2103.46
6/15/21,2076.142
6/16/21,2085.848
6/17/21,2058.984
6/18/21,2018.376
6/19/21,2018.376
6/20/21,2018.376
6/21/21,2054.804
6/22/21,2054.736
6/23/21,2056.849
6/24/21,2065.342
6/25/21,2056.871
6/26/21,2056.871
6/27/21,2056.871
6/28/21,2058.192
6/29/21,2040.688
6/30/21,2043.915
7/1/21,2057.228
7/2/21,2081.832
7/3/21,2081.832
7/4/21,2081.832
7/5/21,2081.832
7/6/21,2083.748
7/7/21,2063.706
7/8/21,2049.577
7/9/21,2078.019
7/10/21,2078.019
7/11/21,2078.019
7/12/21,2095.845
7/13/21,2080.447
7/14/21,2068.916
7/15/21,2061.256
7/16/21,2054.34
7/17/21,2054.34
7/18/21,2054.34
7/19/21,2020.942
7/20/21,2056.755
7/21/21,2071.789
7/22/21,2058.952
7/23/21,2059.208
7/24/21,2059.208
7/25/21,2059.208
7/26/21,2071.523
7/27/21,2068.694
7/28/21,2076.081
7/29/21,2063.857
7/30/21,2058.157
7/31/21,2058.157
8/1/21,2058.157
8/2/21,2059.683
8/3/21,2050.838
8/4/21,2037.502
8/5/21,2064.338
8/6/21,2076.009
8/7/21,2076.009
8/8/21,2076.009
8/9/21,2075.328
8/10/21,2092.052
8/11/21,2095.325
8/12/21,2105.839
8/13/21,2115.484
8/14/21,2115.484
8/15/21,2115.484
8/16/21,2107.717
8/17/21,2091.506
8/18/21,2079.202
8/19/21,2026.108
8/20/21,2064.391
8/21/21,2064.391
8/22/21,2064.391
8/23/21,2072.484
8/24/21,2082.953
8/25/21,2095.529
8/26/21,2082.166
8/27/21,2102.453
8/28/21,2102.453
8/29/21,2102.453
8/30/21,2084.953
8/31/21,2085.501
9/1/21,2092.427
9/2/21,2102.62
9/3/21,2106.427
9/4/21,2106.427
9/5/21,2106.427
9/6/21,2106.427
9/7/21,2084.999
9/8/21,2082.302
9/9/21,2094.073
9/10/21,2085.488
9/11/21,2085.488
9/12/21,2085.488
9/13/21,2089.273
9/14/21,2085.054
9/15/21,2106.92
9/16/21,2086.814
9/17/21,2077.117
9/18/21,2077.117
9/19/21,2077.117
9/20/21,2048.698
9/21/21,2071.084
9/22/21,2090.131
9/23/21,2094.599
9/24/21,2090.536
9/25/21,2090.536
9/26/21,2090.536
9/27/21,2099.846
9/28/21,2086.947
9/29/21,2101.101
9/30/21,2086.093
10/1/21,2107.813
10/2/21,2107.813
10/3/21,2107.813
10/4/21,2105.864
10/5/21,2114.654
10/6/21,2123.534
10/7/21,2119.041
10/8/21,2137.099
10/9/21,2137.099
10/10/21,2137.099
10/11/21,2133.415
10/12/21,2144.718
10/13/21,2155.63
10/14/21,2155.397
10/15/21,2158.634
10/16/21,2158.634
10/17/21,2158.634
10/18/21,2163.212
10/19/21,2171.076
10/20/21,2175.398
10/21/21,2179.709
10/22/21,2183.02
10/23/21,2183.02
10/24/21,2183.02
10/25/21,2183.816
10/26/21,2179.232
10/27/21,2173.66
10/28/21,2190.802
10/29/21,2180.809
10/30/21,2180.809
10/31/21,2180.809
11/1/21,2174.703
11/2/21,2165.164
11/3/21,2162.947
11/4/21,2165.181
11/5/21,2187.662
11/6/21,2187.662
11/7/21,2187.662
11/8/21,2202.954
11/9/21,2185.583
11/10/21,2181.609
11/11/21,2193.163
11/12/21,2187.577
11/13/21,2187.577
11/14/21,2187.577
11/15/21,2176.379
11/16/21,2176.618
11/17/21,2170.764
11/18/21,2174.598
11/19/21,2158.215
11/20/21,2158.215
11/21/21,2158.215
11/22/21,2158.901
11/23/21,2163.854
11/24/21,2165.256
11/25/21,2165.256
11/26/21,2139.898
11/27/21,2139.898
11/28/21,2139.898
11/29/21,2144.937
11/30/21,2126.617
12/1/21,2113.123
12/2/21,2140.953
12/3/21,2131.194
12/4/21,2131.194
12/5/21,2131.194
12/6/21,2150.857
12/7/21,2158.054
12/8/21,2157.11
12/9/21,2150.614
12/10/21,2156.362
12/11/21,2156.362
12/12/21,2156.362
12/13/21,2137.371
12/14/21,2113.38
12/15/21,2122.063
12/16/21,2109.07
12/17/21,2093.533
12/18/21,2093.533
12/19/21,2093.533
12/20/21,2084.26
12/21/21,2111.032
12/22/21,2134.976
12/23/21,2162.335
12/24/21,2162.335
12/25/21,2162.335
12/26/21,2162.335
12/27/21,2171.453
12/28/21,2174.898
12/29/21,2177.314
12/30/21,2175.179
12/31/21,2187.647
1/1/22,2187.647
1/2/22,2187.647
1/3/22,2193.168
1/4/22,2211.303
1/5/22,2191.036
1/6/22,2195.484
1/7/22,2216.845
1/8/22,2216.845
1/9/22,2216.845
1/10/22,2214.308
1/11/22,2253.678
1/12/22,2271.594
1/13/22,2241.112
1/14/22,2231.893
1/15/22,2231.893
1/16/22,2231.893
1/17/22,2231.893
1/18/22,2239.673
1/19/22,2232.249
1/20/22,2209.396
1/21/22,2168.844
1/22/22,2168.844
1/23/22,2168.844
1/24/22,2141.361
1/25/22,2182.179
1/26/22,2189.931
1/27/22,2195.884
1/28/22,2196.311
1/29/22,2196.311
1/30/22,2196.311
1/31/22,2234.891
2/1/22,2250.501
2/2/22,2258.622
2/3/22,2243.962
2/4/22,2253.882
2/5/22,2253.882
2/6/22,2253.882
2/7/22,2271.204
2/8/22,2272.875
2/9/22,2265.18
2/10/22,2253.699
2/11/22,2237.928
2/12/22,2237.928
2/13/22,2237.928
2/14/22,2220.042
2/15/22,2226.744
2/16/22,2249.402
2/17/22,2233.4
2/18/22,2230.455
2/19/22,2230.455
2/20/22,2230.455
2/21/22,2230.455
2/22/22,2212.697
2/23/22,2191.562
2/24/22,2186.136
2/25/22,2226.523
2/26/22,2226.523
2/27/22,2226.523
2/28/22,2230.377
3/1/22,2222.986
3/2/22,2258.54
3/3/22,2261.664
3/4/22,2250.723
3/5/22,2250.723
3/6/22,2250.723
3/7/22,2180.718
3/8/22,2186.508
3/9/22,2202.606
3/10/22,2191.219
3/11/22,2184.279
3/12/22,2184.279
3/13/22,2184.279
3/14/22,2171.344
3/15/22,2176.916
3/16/22,2189.197
3/17/22,2224.755
3/18/22,2214.57
3/19/22,2214.57
3/20/22,2214.57
3/21/22,2241.086
3/22/22,2253.464
3/23/22,2236.674
3/24/22,2240.252
3/25/22,2263.436
3/26/22,2263.436
3/27/22,2263.436
3/28/22,2264.425
3/29/22,2275.097
3/30/22,2270.923
3/31/22,2271.953
4/1/22,2301.086
4/2/22,2301.086
4/3/22,2301.086
4/4/22,2282.635
4/5/22,2280.145
4/6/22,2261.897
4/7/22,2264.963
4/8/22,2282.153
4/9/22,2282.153
4/10/22,2282.153
4/11/22,2270.808
4/12/22,2262.896
4/13/22,2297.886
4/14/22,2294.339
4/15/22,2294.339
4/16/22,2294.339
4/17/22,2294.339
4/18/22,2306.415
4/19/22,2319.088
4/20/22,2334.062
4/21/22,2315.835
4/22/22,2267.189
4/23/22,2267.189
4/24/22,2267.189
4/25/22,2269.658
4/26/22,2177.717
4/27/22,2211.32
4/28/22,2223.179
4/29/22,2172.748
4/30/22,2172.748
5/1/22,2172.748
5/2/22,2139.076
5/3/22,2185.697
5/4/22,2222.702
5/5/22,2165.811
5/6/22,2182.469
5/7/22,2182.469
5/8/22,2182.469
5/9/22,2094.123
5/10/22,2129.145
5/11/22,2105.496
5/12/22,2055.282
5/13/22,2090.761
5/14/22,2090.761
5/15/22,2090.761
5/16/22,2119.724
5/17/22,2136.912
5/18/22,2077.786
5/19/22,2046.442
5/20/22,1999.546
5/21/22,1999.546
5/22/22,1999.546
5/23/22,2027.676
5/24/22,2010.987
5/25/22,2050.417
5/26/22,2082.23
5/27/22,2123.578
5/28/22,2123.578
5/29/22,2123.578
5/30/22,2123.578
5/31/22,2098.635
6/1/22,2109.33
6/2/22,2121.383
6/3/22,2101.022
6/4/22,2101.022
6/5/22,2101.022
6/6/22,2119.446
6/7/22,2120.163
6/8/22,2100.067
6/9/22,2067.736
6/10/22,2057.522
6/11/22,2057.522
6/12/22,2057.522
6/13/22,1951.806
6/14/22,1945.498
6/15/22,1955.38
6/16/22,1869.718
6/17/22,1897.92
6/18/22,1897.92
6/19/22,1897.92
6/20/22,1897.92
6/21/22,1924.175
6/22/22,1919.928
6/23/22,1913.359
6/24/22,1961.19
6/25/22,1961.19
6/26/22,1961.19
6/27/22,1984.956
6/28/22,1966.042
6/29/22,1948.864
6/30/22,1958.21
7/1/22,2017.465
7/2/22,2017.465
7/3/22,2017.465
7/4/22,2017.465
7/5/22,2022.644
7/6/22,2004.662
7/7/22,2028.719
7/8/22,2046.458
7/9/22,2046.458
7/10/22,2046.458
7/11/22,2015
7/12/22,2031.632
7/13/22,2020.217
7/14/22,1996.298
7/15/22,2019.388
7/16/22,2019.388
7/17/22,2019.388
7/18/22,2029.018
7/19/22,2061.828
7/20/22,2071.382
7/21/22,2069.399
7/22/22,2062.417
7/23/22,2062.417
7/24/22,2062.417
7/25/22,2044.892
7/26/22,2062.889
7/27/22,2092.73
7/28/22,2127.009
7/29/22,2119.897
7/30/22,2119.897
7/31/22,2119.897
8/1/22,2137.949
8/2/22,2121.778
8/3/22,2135.785
8/4/22,2135.879
8/5/22,2159.352
8/6/22,2159.352
8/7/22,2159.352
8/8/22,2181.19
8/9/22,2163.114
8/10/22,2183.095
8/11/22,2198.255
8/12/22,2215.553
8/13/22,2215.553
8/14/22,2215.553
8/15/22,2206.343
8/16/22,2219.008
8/17/22,2177.958
8/18/22,2197.189
8/19/22,2163.165
8/20/22,2163.165
8/21/22,2163.165
8/22/22,2133.88
8/23/22,2157.459
8/24/22,2180.826
8/25/22,2183.724
8/26/22,2154.977
8/27/22,2154.977
8/28/22,2154.977
8/29/22,2146.237
8/30/22,2106.209
8/31/22,2116.785
9/1/22,2079.715
9/2/22,2079.582
9/3/22,2079.582
9/4/22,2079.582
9/5/22,2079.582
9/6/22,2061.889
9/7/22,2081.304
9/8/22,2099.783
9/9/22,2122.593
9/10/22,2122.593
9/11/22,2122.593
9/12/22,2133.682
9/13/22,2087.573
9/14/22,2082.436
9/15/22,2088.73
9/16/22,2064.403
9/17/22,2064.403
9/18/22,2064.403
9/19/22,2066.833
9/20/22,2028.753
9/21/22,2021.019
9/22/22,1954.084
9/23/22,1915.303
9/24/22,1915.303
9/25/22,1915.303
9/26/22,1838.982
9/27/22,1855.197
9/28/22,1889.937
9/29/22,1796.626
9/30/22,1804.233
10/1/22,1804.233
10/2/22,1804.233
10/3/22,1840.157
10/4/22,1945.633
10/5/22,1914.694
10/6/22,1885.779
10/7/22,1866.13
10/8/22,1866.13
10/9/22,1866.13
10/10/22,1833.057
10/11/22,1833.557
10/12/22,1847.611
10/13/22,1888.209
10/14/22,1878.029
10/15/22,1878.029
10/16/22,1878.029
10/17/22,1903.771
10/18/22,1927.905
10/19/22,1904.12
10/20/22,1897.684
10/21/22,1897.624
10/22/22,1897.624
10/23/22,1897.624
10/24/22,1924.82
10/25/22,1990.729
10/26/22,1992.947
10/27/22,1999.531
10/28/22,2024.356
10/29/22,2024.356
10/30/22,2024.356
10/31/22,2019.62
11/1/22,2030.093
11/2/22,2009.034
11/3/22,2032.501
11/4/22,2060.073
11/5/22,2060.073
11/6/22,2060.073
11/7/22,2097.935
11/8/22,2057.985
11/9/22,2037.365
11/10/22,2078.813
11/11/22,2098.847
11/12/22,2098.847
11/13/22,2098.847
11/14/22,2076.497
11/15/22,2096.124
11/16/22,2091.259
11/17/22,2088.087
11/18/22,2084.018
11/19/22,2084.018
11/20/22,2084.018
11/21/22,2087.346
11/22/22,2114.584
11/23/22,2119.866
11/24/22,2119.866
11/25/22,2131.526
11/26/22,2131.526
11/27/22,2131.526
11/28/22,2085.483
11/29/22,2092.103
11/30/22,2115.02
12/1/22,2101.254
12/2/22,2099.051
12/3/22,2099.051
12/4/22,2099.051
12/5/22,2066.615
12/6/22,2019.729
12/7/22,2020.945
12/8/22,2031.039
12/9/22,2040.826
12/10/22,2040.826
12/11/22,2040.826
12/12/22,2045.627
12/13/22,2050.869
12/14/22,2034.516
12/15/22,2022.89
12/16/22,1994.604
12/17/22,1994.604
12/18/22,1994.604
12/19/22,1961.671
12/20/22,1978.919
12/21/22,1993.742
12/22/22,1979.855
12/23/22,2016.231
12/24/22,2016.231
12/25/22,2016.231
12/26/22,2016.231
12/27/22,2009.321
12/28/22,1985.849
12/29/22,2014.225
12/30/22,2000.275
12/31/22,2000.275
1/1/23,2000.275
1/2/23,2000.275
1/3/23,2020.961
1/4/23,2052.652
1/5/23,2034.787
1/6/23,2039.759
1/7/23,2039.759
1/8/23,2039.759
1/9/23,2053.571
1/10/23,2065.328
1/11/23,2111.638
1/12/23,2143.188
1/13/23,2121.374
1/14/23,2121.374
1/15/23,2121.374
1/16/23,2121.374
1/17/23,2135.261
1/18/23,2122.073
1/19/23,2103.7
1/20/23,2128.595
1/21/23,2128.595
1/22/23,2128.595
1/23/23,2156.435
1/24/23,2147.075
1/25/23,2142.447
1/26/23,2163.128
1/27/23,2182.064
1/28/23,2182.064
1/29/23,2182.064
1/30/23,2148.279
1/31/23,2164.846
2/1/23,2190.418
2/2/23,2202.549
2/3/23,2197.716
2/4/23,2197.716
2/5/23,2197.716
2/6/23,2180.016
2/7/23,2200.162
2/8/23,2174.323
2/9/23,2148.225
2/10/23,2167.504
2/11/23,2167.504
2/12/23,2167.504
2/13/23,2179.211
2/14/23,2178.381
2/15/23,2180.641
2/16/23,2183.84
2/17/23,2201.019
2/18/23,2201.019
2/19/23,2201.019
2/20/23,2201.019
2/21/23,2155.751
2/22/23,2167.548
2/23/23,2195.699
2/24/23,2191.909
2/25/23,2191.909
2/26/23,2191.909
2/27/23,2209.562
2/28/23,2194.282
3/1/23,2186.924
3/2/23,2194.536
3/3/23,2205.813
3/4/23,2205.813
3/5/23,2205.813
3/6/23,2209.882
3/7/23,2176.563
3/8/23,2179.307
3/9/23,2086.577
3/10/23,1986.374
3/11/23,1986.374
3/12/23,1986.374
3/13/23,1976.234
3/14/23,2028.881
3/15/23,1993.736
3/16/23,2025.85
3/17/23,1989.893
3/18/23,1989.893
3/19/23,1989.893
3/20/23,2000.417
3/21/23,2053.852
3/22/23,2016.151
3/23/23,2005.998
3/24/23,2031.675
3/25/23,2031.675
3/26/23,2031.675
3/27/23,2057.997
3/28/23,2058.001
3/29/23,2072.034
3/30/23,2082.472
3/31/23,2095.89
4/1/23,2095.89
4/2/23,2095.89
4/3/23,2091.97
4/4/23,2071.538
4/5/23,2051.793
4/6/23,2069.453
4/7/23,2069.453
4/8/23,2069.453
4/9/23,2069.453
4/10/23,2051.549
4/11/23,2069.276
4/12/23,2084.809
4/13/23,2115.172
4/14/23,2101.59
4/15/23,2101.59
4/16/23,2101.59
4/17/23,2119.892
4/18/23,2090.58
4/19/23,2110.378
4/20/23,2086.225
4/21/23,2094.682
4/22/23,2094.682
4/23/23,2094.682
4/24/23,2109.45
4/25/23,2080.743
4/26/23,2062.435
4/27/23,2099.036
4/28/23,2116.312
4/29/23,2116.312
4/30/23,2116.312
5/1/23,2099.413
5/2/23,2057.714
5/3/23,2060.389
5/4/23,2015.043
5/5/23,2074.844
5/6/23,2074.844
5/7/23,2074.844
5/8/23,2093.691
5/9/23,2075.429
5/10/23,2089.092
5/11/23,2081.246
5/12/23,2075.393
5/13/23,2075.393
5/14/23,2075.393
5/15/23,2091.456
5/16/23,2071.041
5/17/23,2098.434
5/18/23,2109.572
5/19/23,2128.6
5/20/23,2128.6
5/21/23,2128.6
5/22/23,2128.791
5/23/23,2131.017
5/24/23,2121.713
5/25/23,2116.412
5/26/23,2136.905
5/27/23,2136.905
5/28/23,2136.905
5/29/23,2136.905
5/30/23,2147.023
5/31/23,2136.48
6/1/23,2162.956
6/2/23,2174.175
6/3/23,2174.175
6/4/23,2174.175
6/5/23,2181.09
6/6/23,2189.948
6/7/23,2205.477
6/8/23,2207.013
6/9/23,2201.946
6/10/23,2201.946
6/11/23,2201.946
6/12/23,2205.26
6/13/23,2212.853
6/14/23,2199.246
6/15/23,2214.969
6/16/23,2209.551
6/17/23,2209.551
6/18/23,2209.551
6/19/23,2209.551
6/20/23,2200.558
6/21/23,2200.234
6/22/23,2173.266
6/23/23,2152.168
6/24/23,2152.168
6/25/23,2152.168
6/26/23,2174.406
6/27/23,2189.824
6/28/23,2210.78
6/29/23,2233.431
6/30/23,2233.86
7/1/23,2233.86
7/2/23,2233.86
7/3/23,2244.285
7/4/23,2244.285
7/5/23,2243.631
7/6/23,2241.785
7/7/23,2254.32
7/8/23,2254.32
7/9/23,2254.32
7/10/23,2259.377
7/11/23,2274.819
7/12/23,2292.635
7/13/23,2297.238
7/14/23,2295.537
7/15/23,2295.537
7/16/23,2295.537
7/17/23,2312.648
7/18/23,2337.198
7/19/23,2339.353
7/20/23,2321.192
7/21/23,2327.605
7/22/23,2327.605
7/23/23,2327.605
7/24/23,2346.851
7/25/23,2333.465
7/26/23,2364.674
7/27/23,2353.197
7/28/23,2360.219
7/29/23,2360.219
7/30/23,2360.219
7/31/23,2360.195
8/1/23,2356.903
8/2/23,2349.974
8/3/23,2347.021
8/4/23,2369.566
8/5/23,2369.566
8/6/23,2369.566
8/7/23,2378.081
8/8/23,2370.772
8/9/23,2369.516
8/10/23,2358.419
8/11/23,2353.37
8/12/23,2353.37
8/13/23,2353.37
8/14/23,2355.835
8/15/23,2334.606
8/16/23,2331.952
8/17/23,2307.226
8/18/23,2324.078
8/19/23,2324.078
8/20/23,2324.078
8/21/23,2328.22
8/22/23,2296.795
8/23/23,2313.901
8/24/23,2314.22
8/25/23,2319.705
8/26/23,2319.705
8/27/23,2319.705
8/28/23,2334.169
8/29/23,2348.159
8/30/23,2356.802
8/31/23,2357.645
9/1/23,2365.944
9/2/23,2365.944
9/3/23,2365.944
9/4/23,2365.944
9/5/23,2337.591
9/6/23,2315.432
9/7/23,2327.293
9/8/23,2346.738
9/9/23,2346.738
9/10/23,2346.738
9/11/23,2358.627
9/12/23,2352.733
9/13/23,2365.337
9/14/23,2376.691
9/15/23,2387.643
9/16/23,2387.643
9/17/23,2387.643
9/18/23,2395.472
9/19/23,2400.486
9/20/23,2395.786
9/21/23,2361.356
9/22/23,2377.78
9/23/23,2377.78
9/24/23,2377.78
9/25/23,2394.528
9/26/23,2364.871
9/27/23,2380.364
9/28/23,2406.041
9/29/23,2395.739
9/30/23,2395.739
10/1/23,2395.739
10/2/23,2350.887
10/3/23,2307.11
10/4/23,2308.356
10/5/23,2315.702
10/6/23,2326.933
10/7/23,2326.933
10/8/23,2326.933
10/9/23,2344.355
10/10/23,2349.113
10/11/23,2356.59
10/12/23,2342.565
10/13/23,2340.983
10/14/23,2340.983
10/15/23,2340.983
10/16/23,2384.956
10/17/23,2378.979
10/18/23,2349.491
10/19/23,2317.929
10/20/23,2302.059
10/21/23,2302.059
10/22/23,2302.059
10/23/23,2284.404
10/24/23,2303.411
10/25/23,2284.302
10/26/23,2285.167
10/27/23,2253.77
10/28/23,2253.77
10/29/23,2253.77
10/30/23,2283.243
10/31/23,2290.624
11/1/23,2325.933
11/2/23,2374.586
11/3/23,2399.229
11/4/23,2399.229
11/5/23,2399.229
11/6/23,2387.713
11/7/23,2380.842
11/8/23,2376.747
11/9/23,2390.275
11/10/23,2403.308
11/11/23,2403.308
11/12/23,2403.308
11/13/23,2402.059
11/14/23,2432.816
11/15/23,2430.875
11/16/23,2415.908
11/17/23,2423.278
11/18/23,2423.278
11/19/23,2423.278
11/20/23,2435.134
11/21/23,2430.993
11/22/23,2440.29
11/23/23,2440.29
11/24/23,2452.671
11/25/23,2452.671
11/26/23,2452.671
11/27/23,2445.905
11/28/23,2435.677
11/29/23,2430.519
11/30/23,2436.538
12/1/23,2449.634
12/2/23,2449.634
12/3/23,2449.634
12/4/23,2448.619
12/5/23,2438.233
12/6/23,2432.719
12/7/23,2455.578
12/8/23,2477.55
12/9/23,2477.55
12/10/23,2477.55
12/11/23,2469.567
12/12/23,2484.07
12/13/23,2505.449
12/14/23,2514.102
12/15/23,2504.735
12/16/23,2504.735
12/17/23,2504.735
12/18/23,2517.071
12/19/23,2529.084
12/20/23,2509.887
12/21/23,2517.683
12/22/23,2528.163
12/23/23,2528.163
12/24/23,2528.163
12/25/23,2528.163
12/26/23,2544.05
12/27/23,2554.436
12/28/23,2560.25
12/29/23,2538.023
12/30/23,2538.023
12/31/23,2538.023
1/1/24,2538.023
1/2/24,2543.896
1/3/24,2540.398
1/4/24,2597.481
1/5/24,2595.804
1/6/24,2595.804
1/7/24,2595.804
1/8/24,2607.555
1/9/24,2598.235
1/10/24,2601.688
1/11/24,2590.633
1/12/24,2594.22
1/13/24,2594.22
1/14/24,2594.22
1/15/24,2594.22
1/16/24,2568.652
1/17/24,2567.932
1/18/24,2581.534
1/19/24,2587.104
1/20/24,2587.104
1/21/24,2587.104
1/22/24,2605.704
1/23/24,2609.112
1/24/24,2597.075
1/25/24,2609.92
1/26/24,2622.117
1/27/24,2622.117
1/28/24,2622.117
1/29/24,2614.456
1/30/24,2623.39
1/31/24,2577.996
2/1/24,2555.698
2/2/24,2561.507
2/3/24,2561.507
2/4/24,2561.507
2/5/24,2543.499
2/6/24,2530.914
2/7/24,2542.516
2/8/24,2535.155
2/9/24,2534.194
2/10/24,2534.194
2/11/24,2534.194
2/12/24,2557.009
2/13/24,2536.982
2/14/24,2547.63
2/15/24,2577.784
2/16/24,2586.804
2/17/24,2586.804
2/18/24,2586.804
2/19/24,2586.804
2/20/24,2578.349
2/21/24,2579.756
2/22/24,2595.859
2/23/24,2596.525
2/24/24,2596.525
2/25/24,2596.525
2/26/24,2589.661
2/27/24,2587.607
2/28/24,2563.798
2/29/24,2577.159
3/1/24,2573.272
3/2/24,2573.272
3/3/24,2573.272
3/4/24,2580.284
3/5/24,2563.597
3/6/24,2586.668
3/7/24,2591.609
3/8/24,2596.033
3/9/24,2596.033
3/10/24,2596.033
3/11/24,2603.808
3/12/24,2616.972
3/13/24,2619.144
3/14/24,2577.937
3/15/24,2598.382
3/16/24,2577.937
3/17/24,2598.382
3/18/24,2586.977
3/19/24,2586.851
3/20/24,2598.581
3/21/24,2611.117
3/22/24,2605.708
3/23/24,2605.708
3/24/24,2605.708
3/25/24,2616.074
3/26/24,2632.094
3/27/24,2655.659
3/28/24,2676.603
3/29/24,2676.603
3/30/24,2676.603
3/31/24,2676.603
4/1/24,2648.064
4/2/24,2654.064
4/3/24,2656.026
4/4/24,2639.051
4/5/24,2662.016
4/6/24,2662.016
4/7/24,2662.016
4/8/24,2665.665
4/9/24,2670.698
4/10/24,2661.756
4/11/24,2671.834
4/12/24,2639.431
4/13/24,2639.431
4/14/24,2639.431
4/15/24,2627.425
4/16/24,2631.842
4/17/24,2645.556
4/18/24,2659.882
4/19/24,2679.76
4/20/24,2679.76
4/21/24,2679.76
4/22/24,2700.029
4/23/24,2711.35
4/24/24,2715.427
4/25/24,2696.927
4/26/24,2722.622
4/27/24,2722.622
4/28/24,2722.622
4/29/24,2729.223
4/30/24,2707.833
5/1/24,2731.061
5/2/24,2706.73
5/3/24,2718.002
5/4/24,2718.002
5/5/24,2718.002
5/6/24,2751.897
5/7/24,2743.161
5/8/24,2739.706
5/9/24,2760.895
5/10/24,2773.288
5/11/24,2773.288
5/12/24,2773.288
5/13/24,2765.879
5/14/24,2785.858
5/15/24,2767.307
5/16/24,2761.432
5/17/24,2772.279
5/18/24,2772.279
5/19/24,2772.279
5/20/24,2777.207
5/21/24,2788.144
5/22/24,2768.434
5/23/24,2748.481
5/24/24,2774.935
5/25/24,2774.935
5/26/24,2774.935
5/27/24,2774.935
5/28/24,2773.439
5/29/24,2773.31
5/30/24,2790.596
5/31/24,2817.226
6/1/24,2817.226
6/2/24,2817.226
6/3/24,2825.852
6/4/24,2809.707
6/5/24,2808.068
6/6/24,2798.179
6/7/24,2806.777
6/8/24,2806.777
6/9/24,2806.777
6/10/24,2799.146
6/11/24,2782.616
6/12/24,2789.151
6/13/24,2767.116
6/14/24,2763.638
6/15/24,2763.638
6/16/24,2763.638
6/17/24,2767.195
6/18/24,2761.672
6/19/24,2761.672
6/20/24,2768.956
6/21/24,2763.339
6/22/24,2763.339
6/23/24,2763.339
6/24/24,2778.322
6/25/24,2765.488
6/26/24,2767.989
6/27/24,2783.217
6/28/24,2780.484
6/29/24,2780.484
6/30/24,2780.484
7/1/24,2777.907
7/2/24,2807.195
7/3/24,2822.201
7/4/24,2822.201
7/5/24,2831.071
7/6/24,2831.071
7/7/24,2831.071
7/8/24,2835.529
7/9/24,2810.556
7/10/24,2832.672
7/11/24,2836.499
7/12/24,2837.183
7/13/24,2837.183
7/14/24,2837.183
7/15/24,2831.033
7/16/24,2822.49
7/17/24,2820.66
7/18/24,2795.281
7/19/24,2780.615
7/20/24,2780.615
7/21/24,2780.615
7/22/24,2806.527
7/23/24,2791.989
7/24/24,2762.557
7/25/24,2770.797
7/26/24,2795.485
7/27/24,2795.485
7/28/24,2795.485
7/29/24,2786.595
7/30/24,2809.662
7/31/24,2785.943
8/1/24,2764.833
8/2/24,2676.435
8/3/24,2676.435
8/4/24,2676.435
8/5/24,2595.316
8/6/24,2649.684
8/7/24,2630.625
8/8/24,2645.167
8/9/24,2639.992
8/10/24,2639.992
8/11/24,2639.992
8/12/24,2636.874
8/13/24,2637.484
8/14/24,2647.391
8/15/24,2676.437
8/16/24,2684.201
8/17/24,2683.791
8/18/24,2684.201
8/19/24,2695.76
8/20/24,2680.828
8/21/24,2696.439
8/22/24,2698.74
8/23/24,2711.185
8/24/24,2711.185
8/25/24,2711.185
8/26/24,2711.716
8/27/24,2724.044
8/28/24,2709.985
8/29/24,2724.886
8/30/24,2744.8
8/31/24,2744.8
9/1/24,2744.8
9/2/24,2744.8
9/3/24,2730.64
9/4/24,2729.524
9/5/24,2729.458
9/6/24,2697.597
9/7/24,2697.597
9/8/24,2697.597
9/9/24,2700.351
9/10/24,2690.187
9/11/24,2697.517
9/12/24,2718.579
9/13/24,2745.782
9/14/24,2745.782
9/15/24,2745.782
9/16/24,2748.162
9/17/24,2727.108
9/18/24,2740.536
9/19/24,2764.3
9/20/24,2752.897
9/21/24,2752.897
9/22/24,2752.897
9/23/24,2757.519
9/24/24,2755.874
9/25/24,2724.992
9/26/24,2744.824
9/27/24,2766.133
9/28/24,2766.133
9/29/24,2766.133
9/30/24,2763.69
10/1/24,2743.981
10/2/24,2753.272
10/3/24,2768.706
10/4/24,2788.119
10/5/24,2788.119
10/6/24,2788.119
10/7/24,2777.44
10/8/24,2776.245
10/9/24,2769.753
10/10/24,2781.112
10/11/24,2787.118
10/12/24,2787.118
10/13/24,2787.118
10/14/24,2794.965
10/15/24,2801.448
10/16/24,2830.677
10/17/24,2829.643
10/18/24,2837.275
10/19/24,2837.275
10/20/24,2837.275
10/21/24,2853.371
10/22/24,2830.964
10/23/24,2817.767
10/24/24,2841.2
10/25/24,2828.937
10/26/24,2828.937
10/27/24,2828.937
10/28/24,2846.24
10/29/24,2812.449
10/30/24,2803.61
10/31/24,2790.723
11/1/24,2761.303
11/2/24,2761.303
11/3/24,2761.303
11/4/24,2728.822
11/5/24,2746.352
11/6/24,2804.845
11/7/24,2805.641
11/8/24,2802.141
11/9/24,2802.141
11/10/24,2802.141
11/11/24,2807.15
11/12/24,2789.975
11/13/24,2803.053
11/14/24,2799.699
11/15/24,2802.723
11/16/24,2802.723
11/17/24,2802.723
11/18/24,2820.259
11/19/24,2839.015
11/20/24,2828.681
11/21/24,2828.213
11/22/24,2861.155
11/23/24,2861.155
11/24/24,2861.155
11/25/24,2874.135
11/26/24,2872.413
11/27/24,2884.474
11/28/24,2884.474
11/29/24,2908.77
11/30/24,2908.77
12/1/24,2908.77
12/2/24,2893.015
12/3/24,2892.888
12/4/24,2894.3
12/5/24,2887.151
12/6/24,2900.377
12/7/24,2900.377
12/8/24,2900.377
12/9/24,2897.335
12/10/24,2897.069
12/11/24,2893.028
12/12/24,2890.596
12/13/24,2895.826
12/14/24,2895.826
12/15/24,2895.826
12/16/24,2869.24
12/17/24,2860.765
12/18/24,2814.698
12/19/24,2843.541
12/20/24,2866.71
12/21/24,2866.71
12/22/24,2866.71
12/23/24,2876.29
12/24/24,2911.472
12/25/24,2911.472
12/26/24,2924.539
12/27/24,2928.91
12/28/24,2928.91
12/29/24,2928.91
12/30/24,2925.148
12/31/24,2927.924
1/1/25,2927.924
1/2/25,2959.13
1/3/25,2955.009
1/4/25,2955.009
1/5/25,2955.009
1/6/25,2927.131
1/7/25,2914.97
1/8/25,2907.036
1/9/25,2907.036
1/10/25,2886.283
1/11/25,2886.283
1/12/25,2886.283
1/13/25,2906.883
1/14/25,2944.6
1/15/25,2959.898
1/16/25,2998.19
1/17/25,3005.488
1/18/25,3005.488
1/19/25,3005.488
1/20/25,3005.488
1/21/25,3027.966
1/22/25,3019.222
1/23/25,3029.082
1/24/25,3039.6
1/25/25,3039.6
1/26/25,3039.6
1/27/25,3041.162
1/28/25,3060.989
1/29/25,3021.441
1/30/25,3059.208
1/31/25,3085.729
2/1/25,3085.729
2/2/25,3085.729
2/3/25,3083.24
2/4/25,3078.951
2/5/25,3051.209
2/6/25,3037.835
2/7/25,3037.162
2/8/25,3037.162
2/9/25,3037.162
2/10/25,3035.154
2/11/25,3040.462
2/12/25,3062.821
2/13/25,3078.002
2/14/25,3102.615
2/15/25,3102.615
2/16/25,3102.615
2/17/25,3102.615
2/18/25,3129.316
2/19/25,3145.811
2/20/25,3130.995
2/21/25,3118.81
2/22/25,3118.81
2/23/25,3118.81
2/24/25,3099.789
2/25/25,3088.282
2/26/25,3053.102
2/27/25,3047.032
2/28/25,3098.391
3/1/25,3098.391
3/2/25,3098.391
3/3/25,3071.62
3/4/25,3018.033
3/5/25,2987.538
3/6/25,2951.584
3/7/25,3022.346
3/8/25,3022.346
3/9/25,3022.346
3/10/25,2982.664
3/11/25,2907.635
3/12/25,2900.316
3/13/25,2849.966
3/14/25,2902.366
3/15/25,2902.366
3/16/25,2902.366
3/17/25,2938.525
3/18/25,2955.374
3/19/25,2953.403
3/20/25,2957.898
3/21/25,2962.667
3/22/25,2962.667
3/23/25,2962.667
3/24/25,2989.577
3/25/25,3008.503
3/26/25,3002.254
3/27/25,3008.622
3/28/25,2974.159
3/29/25,2974.159
3/30/25,2974.159
3/31/25,2968.442
4/1/25,2990.392
4/2/25,2982.681
4/3/25,2907.062
4/4/25,2691.889
4/5/25,2691.889
4/6/25,2691.889
4/7/25,2583.887
4/8/25,2518.41
4/9/25,2734.012
4/10/25,2616.275
4/11/25,2632.118
4/12/25,2632.118
4/13/25,2632.118
4/14/25,2662.572
4/15/25,2701.777
4/16/25,2677.574
4/17/25,2730.058
4/18/25,2730.058
4/19/25,2730.058
4/20/25,2730.058
4/21/25,2667.735
4/22/25,2718.243
4/23/25,2759.846
4/24/25,2797.952
4/25/25,2806.958
4/26/25,2806.958
4/27/25,2806.958
4/28/25,2824.83
4/29/25,2790.672
4/30/25,2766.763
5/1/25,2726.802
5/2/25,2775.783
5/3/25,2775.783
5/4/25,2775.783
5/5/25,2737.969
5/6/25,2745.144
5/7/25,2743.059
5/8/25,2772.031
5/9/25,2773.856
5/10/25,2773.856
5/11/25,2773.856
5/12/25,2849.011
5/13/25,2882.979
5/14/25,2876.523
5/15/25,2882.914
5/16/25,2914.24
5/17/25,2914.24
5/18/25,2914.24
5/19/25,2926.819
5/20/25,2931.154
5/21/25,2859.147
5/22/25,2852.231
5/23/25,2864.77
5/24/25,2864.77
5/25/25,2864.77
5/26/25,2864.77
5/27/25,2915.296
5/28/25,2914.813
5/29/25,2919.456
5/30/25,2923.422
5/31/25,2923.422
6/1/25,2923.422
6/2/25,2899.648
6/3/25,2907.427
6/4/25,2901.486
6/5/25,2902.79
6/6/25,2928.504
6/7/25,2928.504
6/8/25,2928.504
6/9/25,2943.783
6/10/25,2950.154
6/11/25,2949.272
6/12/25,2945.266
6/13/25,2914.426
6/14/25,2914.426
6/15/25,2914.426
6/16/25,2886.942
6/17/25,2893.076
6/18/25,2918.198
6/19/25,2918.198
6/20/25,2909.107
6/21/25,2909.107
6/22/25,2909.107
6/23/25,2882.383
6/24/25,2905.101
6/25/25,2905.299
6/26/25,2932.777
6/27/25,2935.058
6/28/25,2935.058
6/29/25,2935.058
6/30/25,2952.982
7/1/25,2961.557
7/2/25,2990.032
7/3/25,3014.589
7/4/25,3014.589
7/5/25,3014.589
7/6/25,3014.589
7/7/25,2991.479
7/8/25,3003.597
7/9/25,3009.149
7/10/25,3047.576
7/11/25,3062.068
7/12/25,3062.068
7/13/25,3062.068
7/14/25,3073.587
7/15/25,3066.416
7/16/25,3105.487
7/17/25,3128.883
7/18/25,3113.853
7/19/25,3113.853
7/20/25,3113.853
7/21/25,3070.051
7/22/25,3091.396
7/23/25,3112.46
7/24/25,3101.84
7/25/25,3104.135
7/26/25,3104.135
7/27/25,3104.135
7/28/25,3055.415
7/29/25,3042.956
7/30/25,3023.211
7/31/25,3010.697
8/1/25,2977.492
8/2/25,2977.492
8/3/25,2977.492
8/4/25,2972.368
8/5/25,2981.213
8/6/25,2974.129
8/7/25,2949.228
8/8/25,2980.115
8/9/25,2980.115
8/10/25,2980.115
8/11/25,2966.424
8/12/25,2983.005
8/13/25,3004.729
8/14/25,2988.584
8/15/25,2960.188
8/16/25,2960.188
8/17/25,2960.188
8/18/25,2965.448
8/19/25,2970.942
8/20/25,2963.481
8/21/25,2958.037
8/22/25,2975.604
8/23/25,2975.604
8/24/25,2975.604
8/25/25,2946.287
8/26/25,2968.163
8/27/25,2976.486
8/28/25,2979.362
8/29/25,3003.237
8/30/25,3003.237
8/31/25,3003.237
9/1/25,3003.237
9/2/25,2981.067
9/3/25,2974.313
9/4/25,2989.784
9/5/25,2986.849
9/6/25,2986.849
9/7/25,2986.849
9/8/25,2988.103
9/9/25,2961.377
9/10/25,2957.517
9/11/25,2972.618
9/12/25,2955.422
9/13/25,2955.422
9/14/25,2955.422
9/15/25,2884.803
9/16/25,2878.676
9/17/25,2878.967
9/18/25,2906.394
9/19/25,2915.172
9/20/25,2915.172
9/21/25,2915.172
9/22/25,2847.626
9/23/25,2834.931
9/24/25,2796.588
9/25/25,2815.282
9/26/25,2800.575
9/27/25,2800.575
9/28/25,2800.575
9/29/25,2784.417
9/30/25,2783.78
10/1/25,2746.153
10/2/25,2789.952
10/3/25,2760.291
10/4/25,2760.291
10/5/25,2760.291
10/6/25,2741.723
10/7/25,2710.704
10/8/25,2693.482
10/9/25,2624.833
10/10/25,2589.017
10/11/25,2589.017
10/12/25,2589.017
10/13/25,2672.426
10/14/25,2726.803
10/15/25,2726.793
10/16/25,2666.943
10/17/25,2683.104
10/18/25,2683.104
10/19/25,2683.104
10/20/25,2695.157
10/21/25,2733.267
10/22/25,2727.587
10/23/25,2739.42
10/24/25,2751.329
10/25/25,2751.329
10/26/25,2751.329
10/27/25,2788.343
10/28/25,2800.863
10/29/25,2774.822
10/30/25,2729.017
10/31/25,2753.854
11/1/25,2753.854
11/2/25,2753.854
11/3/25,2757.821
11/4/25,2739.389
11/5/25,2734.608
11/6/25,2692.743
11/7/25,2720.484
11/8/25,2720.484
11/9/25,2720.484
11/10/25,2721.206
11/11/25,2732.949
11/12/25,2743.768
11/13/25,2726.697
11/14/25,2717.302
11/15/25,2717.302
11/16/25,2717.302
11/17/25,2663.827
11/18/25,2660.404
11/19/25,2661.711
11/20/25,2652.628
11/21/25,2697.047
11/22/25,2697.047
11/23/25,2697.047
11/24/25,2730.385
11/25/25,2762.35
11/26/25,2787.202
11/27/25,2787.202
11/28/25,2802.302
11/29/25,2802.302
11/30/25,2802.302
12/1/25,2791.922
12/2/25,2796.686
12/3/25,2836.994
12/4/25,2850.722
12/5/25,2860.603
12/6/25,2860.603
12/7/25,2860.603
12/8/25,2865.654
12/9/25,2875.49
12/10/25,2886.256
12/11/25,2854.775
12/12/25,2849.869
12/13/25,2849.869
12/14/25,2849.869
12/15/25,2825.463
12/16/25,2814.506
12/17/25,2807.724
12/18/25,2793.725
12/19/25,2770.725
12/20/25,2770.725
12/21/25,2770.725
12/22/25,2762.823
12/23/25,2746.337
12/24/25,2761.992
12/25/25,2761.992
12/26/25,2789.503
12/27/25,2789.503
12/28/25,2789.503
12/29/25,2779.47
12/30/25,2795.805
12/31/25,2797.599
1/1/26,2797.599
1/2/26,2819.889
1/3/26,2819.889
1/4/26,2819.889
1/5/26,2854.49
1/6/26,2830.221
1/7/26,2761.521
1/8/26,2842.357
1/9/26,2830.552
1/10/26,2830.552
1/11/26,2830.552
1/12/26,2823.384
1/13/26,2801.815
1/14/26,2856.213
1/15/26,2882.869
1/16/26,2863.065
1/17/26,2863.065
1/18/26,2863.065
1/19/26,2863.065
1/20/26,2824.347
1/21/26,2865.423
1/22/26,2862.852
1/23/26,2842.102
1/24/26,2842.102
1/25/26,2842.102
1/26/26,2805.155
1/27/26,2814.682
1/28/26,2787.302
1/29/26,2793.513
1/30/26,2769.022
1/31/26,2769.022
2/1/26,2769.022
2/2/26,2713.679
2/3/26,2654.048
2/4/26,2689.818
2/5/26,2612.815
2/6/26,2658.027
2/7/26,2658.027
2/8/26,2658.027
2/9/26,2690.783
2/10/26,2737.23
2/11/26,2723.002
2/12/26,2695.663
2/13/26,2654.225
2/14/26,2654.225
2/15/26,2654.225
2/16/26,2654.225
2/17/26,2636.519
2/18/26,2659.807
2/19/26,2610.275
2/20/26,2603.365
2/21/26,2603.365
2/22/26,2603.365
2/23/26,2577.664
2/24/26,2600.438
2/25/26,2649.445
2/26/26,2606.161
2/27/26,2515.87
2/28/26,2515.87
3/1/26,2515.87
3/2/26,2558.668
3/3/26,2558.03
3/4/26,2590.246
3/5/26,2574.237
3/6/26,2543.885
3/7/26,2543.885
3/8/26,2543.885
3/9/26,2537.972
3/10/26,2527.418
3/11/26,2517.6
3/12/26,2477.199
3/13/26,2479.767
3/14/26,2479.767
3/15/26,2479.767
3/16/26,2488.009
3/17/26,2559.028
3/18/26,2552.207
3/19/26,2554.396
3/20/26,2505.681
3/21/26,2505.681
3/22/26,2505.681
3/23/26,2549.313
3/24/26,2515.146
3/25/26,2534.035
3/26/26,2502.743
3/27/26,2444.423
3/28/26,2444.423
3/29/26,2444.423
3/30/26,2476.456
3/31/26,2536.589
4/1/26,2495.507
4/2/26,2537.069
4/3/26,2537.069
4/4/26,2537.069
4/5/26,2537.069
4/6/26,2574.244
4/7/26,2549.021
4/8/26,2546.628
4/9/26,2529.104
4/10/26,2541.128
4/11/26,2541.128
4/12/26,2541.128
4/13/26,2571.61
4/14/26,2642.512
4/15/26,2705.301
4/16/26,2663.109
4/17/26,2713.678
4/18/26,2713.678
4/19/26,2713.678
4/20/26,2710.475
4/21/26,2660.47
4/22/26,2676.472
4/23/26,2616.935
4/24/26,2620.557
4/25/26,2620.557
4/26/26,2620.557
4/27/26,2618.918
4/28/26,2654.681
4/29/26,2628.997
4/30/26,2713.948
5/1/26,2742.192
5/2/26,2742.192
5/3/26,2742.192
5/4/26,2735.744
5/5/26,2750.918
5/6/26,2725.636
5/7/26,2677.906
5/8/26,2649.457
5/9/26,2649.457
5/10/26,2649.457
5/11/26,2594.737
5/12/26,2609.045
5/13/26,2586.293
5/14/26,2605.986
5/15/26,2600.451
5/16/26,2600.451
5/17/26,2600.451
5/18/26,2573.007
5/19/26,2555.44
5/20/26,2582.974
5/21/26,2578.534
5/22/26,2549.197
5/23/26,2549.197
5/24/26,2549.197
5/25/26,2549.197
5/26/26,2585.263
5/27/26,2588.157
5/28/26,2587.507
5/29/26,2602.697
5/30/26,2602.697
5/31/26,2602.697
6/1/26,2632.235
6/2/26,2614.681
6/3/26,2556.455
6/4/26,2615.406
6/5/26,2575.833
6/6/26,2575.833
6/7/26,2575.833
6/8/26,2569.511
6/9/26,2596.468
6/10/26,2600.145
6/11/26,2600.553
6/12/26,2615.428
6/13/26,2615.428
6/14/26,2615.428
6/15/26,2588.049
6/16/26,2595.265
6/17/26,2540.465
6/18/26,2544.405
6/19/26,2544.405
6/20/26,2544.405
6/21/26,2544.405
6/22/26,2515.509
6/23/26,2528.545
6/24/26,2510.584
6/25/26,2523.824
6/26/26,2562.319
6/27/26,2562.319
6/28/26,2562.319
6/29/26,2611.21
6/30/26,2612.911
7/1/26,2633.93
7/2/26,2626.713
7/3/26,2626.713
7/4/26,2626.713
7/5/26,2626.713
7/6/26,2612.707
7/7/26,2600.575
7/8/26,2586.299
7/9/26,2582.585
7/10/26,2633.89
7/11/26,2633.89
7/12/26,2633.89
7/13/26,2616.486
7/14/26,2635.635
7/15/26,2656.947
7/16/26,2698.554
7/17/26,2665.504
7/18/26,2665.504
7/19/26,2665.504
7/20/26,2636.265
7/21/26,2639.955
7/22/26,2612.063
7/23/26,2581.085
7/24/26,2593.475
7/25/26,2593.475
7/26/26,2593.475
7/27/26,2616.887
7/28/26,2653.438
7/29/26,2611.524
7/30/26,2607.429
7/31/26,2603.722
8/1/26,2603.722
8/2/26,2603.722
8/3/26,2670.919
8/4/26,2722.348
8/5/26,2670.302
8/6/26,2751.376
8/7/26,2816.615
8/8/26,2816.615
8/9/26,2816.615
8/10/26,2795.888
8/11/26,2805.261
8/12/26,2792.224
8/13/26,2842.511
8/14/26,2806.109
8/15/26,2806.109
8/16/26,2806.109
8/17/26,2764.579
8/18/26,2766.134
8/19/26,2782.037
8/20/26,2783.805
8/21/26,2788.741
8/22/26,2788.741
8/23/26,2788.741
8/24/26,2813.551
8/25/26,2807.461
8/26/26,2798.962
8/27/26,2803.182
8/28/26,2803.98
8/29/26,2803.98
8/30/26,2803.98
8/31/26,2834.963
9/1/26,2800.043
9/2/26,2800.281
9/3/26,2799.504
9/4/26,2801.255
9/5/26,2801.255
9/6/26,2801.255
9/7/26,2801.255
9/8/26,2758.721
9/9/26,2744.222
9/10/26,2727.225
9/11/26,2738.517
9/12/26,2738.517
9/13/26,2738.517
9/14/26,2746.17
9/15/26,2748.753
9/16/26,2748.521