date,PSP,PRIV,PCMM,HYIN,BZID
2010-01-04,46.65000153,,,,
2010-01-05,47.15000153,,,,
2010-01-06,47.40000153,,,,
2010-01-07,47.65000153,,,,
2010-01-08,47.79999924,,,,
2010-01-11,48.40000153,,,,
2010-01-12,47.40000153,,,,
2010-01-13,47.90000153,,,,
2010-01-14,48.34999847,,,,
2010-01-15,47.95000076,,,,
2010-01-19,48.40000153,,,,
2010-01-20,48.04999924,,,,
2010-01-21,47.09999847,,,,
2010-01-22,45.90000153,,,,
2010-01-25,46.54999924,,,,
2010-01-26,45.95000076,,,,
2010-01-27,45.95000076,,,,
2010-01-28,45.84999847,,,,
2010-01-29,44.90000153,,,,
2010-02-01,45.5,,,,
2010-02-02,46.59999847,,,,
2010-02-03,46.29999924,,,,
2010-02-04,44.25,,,,
2010-02-05,43.84999847,,,,
2010-02-08,43.04999924,,,,
2010-02-09,44.04999924,,,,
2010-02-10,43.90000153,,,,
2010-02-11,44.40000153,,,,
2010-02-12,43.95000076,,,,
2010-02-16,44.90000153,,,,
2010-02-17,45.09999847,,,,
2010-02-18,45.34999847,,,,
2010-02-19,45.54999924,,,,
2010-02-22,45.79999924,,,,
2010-02-23,45.20000076,,,,
2010-02-24,45.75,,,,
2010-02-25,45.70000076,,,,
2010-02-26,45.84999847,,,,
2010-03-01,46.25,,,,
2010-03-02,46.45000076,,,,
2010-03-03,46.5,,,,
2010-03-04,47.20000076,,,,
2010-03-05,48.25,,,,
2010-03-08,48.25,,,,
2010-03-09,48.29999924,,,,
2010-03-10,48.5,,,,
2010-03-11,49,,,,
2010-03-12,49.45000076,,,,
2010-03-15,49.34999847,,,,
2010-03-16,49.75,,,,
2010-03-17,50.34999847,,,,
2010-03-18,49.65000153,,,,
2010-03-19,49.09999847,,,,
2010-03-22,49.25,,,,
2010-03-23,49.95000076,,,,
2010-03-24,49.34999847,,,,
2010-03-25,49,,,,
2010-03-26,49.29999924,,,,
2010-03-29,49.65000153,,,,
2010-03-30,49.54999924,,,,
2010-03-31,49.5,,,,
2010-04-01,50.09999847,,,,
2010-04-05,50.65000153,,,,
2010-04-06,50.84999847,,,,
2010-04-07,50.54999924,,,,
2010-04-08,50.95000076,,,,
2010-04-09,51.40000153,,,,
2010-04-12,51.70000076,,,,
2010-04-13,51.45000076,,,,
2010-04-14,52.59999847,,,,
2010-04-15,52.40000153,,,,
2010-04-16,51.45000076,,,,
2010-04-19,51.45000076,,,,
2010-04-20,51.79999924,,,,
2010-04-21,51.54999924,,,,
2010-04-22,51.29999924,,,,
2010-04-23,52.04999924,,,,
2010-04-26,51.84999847,,,,
2010-04-27,50.04999924,,,,
2010-04-28,49.75,,,,
2010-04-29,51.04999924,,,,
2010-04-30,50.40000153,,,,
2010-05-03,50.79999924,,,,
2010-05-04,48.84999847,,,,
2010-05-05,47.25,,,,
2010-05-06,45.29999924,,,,
2010-05-07,44.34999847,,,,
2010-05-10,47.09999847,,,,
2010-05-11,47,,,,
2010-05-12,48,,,,
2010-05-13,47.65000153,,,,
2010-05-14,46.09999847,,,,
2010-05-17,45.90000153,,,,
2010-05-18,44.65000153,,,,
2010-05-19,44.40000153,,,,
2010-05-20,42.45000076,,,,
2010-05-21,43.84999847,,,,
2010-05-24,42.79999924,,,,
2010-05-25,42.5,,,,
2010-05-26,42.59999847,,,,
2010-05-27,44.79999924,,,,
2010-05-28,43.90000153,,,,
2010-06-01,43.15000153,,,,
2010-06-02,44.5,,,,
2010-06-03,44.20000076,,,,
2010-06-04,42.34999847,,,,
2010-06-07,41.45000076,,,,
2010-06-08,41.70000076,,,,
2010-06-09,41.59999847,,,,
2010-06-10,43.45000076,,,,
2010-06-11,43.95000076,,,,
2010-06-14,44.34999847,,,,
2010-06-15,45.70000076,,,,
2010-06-16,45.40000153,,,,
2010-06-17,45.25,,,,
2010-06-18,44.40000153,,,,
2010-06-21,44.25,,,,
2010-06-22,43.65000153,,,,
2010-06-23,44,,,,
2010-06-24,43.09999847,,,,
2010-06-25,43.65000153,,,,
2010-06-28,43.29999924,,,,
2010-06-29,41.65000153,,,,
2010-06-30,41.20000076,,,,
2010-07-01,41.59999847,,,,
2010-07-02,41.40000153,,,,
2010-07-06,41.59999847,,,,
2010-07-07,43.25,,,,
2010-07-08,43.79999924,,,,
2010-07-09,44.25,,,,
2010-07-12,44.04999924,,,,
2010-07-13,44.79999924,,,,
2010-07-14,44.79999924,,,,
2010-07-15,45.25,,,,
2010-07-16,43.59999847,,,,
2010-07-19,44,,,,
2010-07-20,44.04999924,,,,
2010-07-21,43.40000153,,,,
2010-07-22,44.79999924,,,,
2010-07-23,45.29999924,,,,
2010-07-26,46.09999847,,,,
2010-07-27,46.20000076,,,,
2010-07-28,45.95000076,,,,
2010-07-29,46.04999924,,,,
2010-07-30,45.79999924,,,,
2010-08-02,46.79999924,,,,
2010-08-03,46.5,,,,
2010-08-04,46.70000076,,,,
2010-08-05,46.65000153,,,,
2010-08-06,46.59999847,,,,
2010-08-09,46.59999847,,,,
2010-08-10,46.04999924,,,,
2010-08-11,44.29999924,,,,
2010-08-12,44.45000076,,,,
2010-08-13,44.09999847,,,,
2010-08-16,44.29999924,,,,
2010-08-17,45.04999924,,,,
2010-08-18,45.09999847,,,,
2010-08-19,44.04999924,,,,
2010-08-20,43.79999924,,,,
2010-08-23,43.90000153,,,,
2010-08-24,43.29999924,,,,
2010-08-25,43.40000153,,,,
2010-08-26,43.15000153,,,,
2010-08-27,44.25,,,,
2010-08-30,43.34999847,,,,
2010-08-31,43.40000153,,,,
2010-09-01,45.04999924,,,,
2010-09-02,45.34999847,,,,
2010-09-03,45.90000153,,,,
2010-09-07,45.20000076,,,,
2010-09-08,45.45000076,,,,
2010-09-09,45.59999847,,,,
2010-09-10,46.09999847,,,,
2010-09-13,47,,,,
2010-09-14,47.15000153,,,,
2010-09-15,47.09999847,,,,
2010-09-16,46.95000076,,,,
2010-09-17,46.65000153,,,,
2010-09-20,47.5,,,,
2010-09-21,47.95000076,,,,
2010-09-22,47.54999924,,,,
2010-09-23,47.09999847,,,,
2010-09-24,48.45000076,,,,
2010-09-27,48.34999847,,,,
2010-09-28,48.75,,,,
2010-09-29,48.65000153,,,,
2010-09-30,48.90000153,,,,
2010-10-01,49.29999924,,,,
2010-10-04,48.84999847,,,,
2010-10-05,50.09999847,,,,
2010-10-06,50.34999847,,,,
2010-10-07,50.20000076,,,,
2010-10-08,50.84999847,,,,
2010-10-11,50.95000076,,,,
2010-10-12,51,,,,
2010-10-13,51.70000076,,,,
2010-10-14,51.90000153,,,,
2010-10-15,51.65000153,,,,
2010-10-18,52.09999847,,,,
2010-10-19,50.95000076,,,,
2010-10-20,51.59999847,,,,
2010-10-21,51.75,,,,
2010-10-22,51.65000153,,,,
2010-10-25,52,,,,
2010-10-26,51.90000153,,,,
2010-10-27,51.65000153,,,,
2010-10-28,52.20000076,,,,
2010-10-29,52.79999924,,,,
2010-11-01,52.59999847,,,,
2010-11-02,53.34999847,,,,
2010-11-03,54.04999924,,,,
2010-11-04,55.29999924,,,,
2010-11-05,55.34999847,,,,
2010-11-08,55.20000076,,,,
2010-11-09,54.79999924,,,,
2010-11-10,54.75,,,,
2010-11-11,54.25,,,,
2010-11-12,53.59999847,,,,
2010-11-15,53.75,,,,
2010-11-16,52.54999924,,,,
2010-11-17,52.5,,,,
2010-11-18,53.5,,,,
2010-11-19,53.75,,,,
2010-11-22,53.29999924,,,,
2010-11-23,52,,,,
2010-11-24,52.70000076,,,,
2010-11-26,52,,,,
2010-11-29,51.84999847,,,,
2010-11-30,51.09999847,,,,
2010-12-01,52.5,,,,
2010-12-02,53.59999847,,,,
2010-12-03,54,,,,
2010-12-06,53.84999847,,,,
2010-12-07,53.95000076,,,,
2010-12-08,54.29999924,,,,
2010-12-09,54.54999924,,,,
2010-12-10,54.65000153,,,,
2010-12-13,54.95000076,,,,
2010-12-14,54.84999847,,,,
2010-12-15,54.20000076,,,,
2010-12-16,54.29999924,,,,
2010-12-17,52.40000153,,,,
2010-12-20,52.59999847,,,,
2010-12-21,53.25,,,,
2010-12-22,53.5,,,,
2010-12-23,53.5,,,,
2010-12-27,53.29999924,,,,
2010-12-28,53.15000153,,,,
2010-12-29,53.54999924,,,,
2010-12-30,53.54999924,,,,
2010-12-31,53.75,,,,
2011-01-03,54.40000153,,,,
2011-01-04,54.20000076,,,,
2011-01-05,54.5,,,,
2011-01-06,54.04999924,,,,
2011-01-07,53.90000153,,,,
2011-01-10,53.79999924,,,,
2011-01-11,54.34999847,,,,
2011-01-12,55.29999924,,,,
2011-01-13,55.45000076,,,,
2011-01-14,55.90000153,,,,
2011-01-18,55.90000153,,,,
2011-01-19,55.15000153,,,,
2011-01-20,54.45000076,,,,
2011-01-21,55,,,,
2011-01-24,55.45000076,,,,
2011-01-25,55.09999847,,,,
2011-01-26,55.5,,,,
2011-01-27,55.79999924,,,,
2011-01-28,54.54999924,,,,
2011-01-31,54.79999924,,,,
2011-02-01,56,,,,
2011-02-02,55.90000153,,,,
2011-02-03,56.15000153,,,,
2011-02-04,56.15000153,,,,
2011-02-07,56.5,,,,
2011-02-08,56.54999924,,,,
2011-02-09,56.34999847,,,,
2011-02-10,56.04999924,,,,
2011-02-11,56.25,,,,
2011-02-14,56.09999847,,,,
2011-02-15,56.15000153,,,,
2011-02-16,56.90000153,,,,
2011-02-17,57.29999924,,,,
2011-02-18,57.04999924,,,,
2011-02-22,55.40000153,,,,
2011-02-23,55.04999924,,,,
2011-02-24,55.5,,,,
2011-02-25,56.34999847,,,,
2011-02-28,57,,,,
2011-03-01,56.04999924,,,,
2011-03-02,56.5,,,,
2011-03-03,57.15000153,,,,
2011-03-04,57,,,,
2011-03-07,56.34999847,,,,
2011-03-08,57,,,,
2011-03-09,57.15000153,,,,
2011-03-10,56.04999924,,,,
2011-03-11,56.09999847,,,,
2011-03-14,55.70000076,,,,
2011-03-15,54.5,,,,
2011-03-16,53.40000153,,,,
2011-03-17,54,,,,
2011-03-18,55.09999847,,,,
2011-03-21,56.54999924,,,,
2011-03-22,56.29999924,,,,
2011-03-23,56.54999924,,,,
2011-03-24,57.25,,,,
2011-03-25,57.25,,,,
2011-03-28,57.29999924,,,,
2011-03-29,57.54999924,,,,
2011-03-30,57.90000153,,,,
2011-03-31,57.95000076,,,,
2011-04-01,58.25,,,,
2011-04-04,58.59999847,,,,
2011-04-05,58.59999847,,,,
2011-04-06,58.90000153,,,,
2011-04-07,58.79999924,,,,
2011-04-08,58.79999924,,,,
2011-04-11,58.45000076,,,,
2011-04-12,57.75,,,,
2011-04-13,57.90000153,,,,
2011-04-14,58.09999847,,,,
2011-04-15,58.40000153,,,,
2011-04-18,57.34999847,,,,
2011-04-19,57.75,,,,
2011-04-20,58.84999847,,,,
2011-04-21,59.70000076,,,,
2011-04-25,59.75,,,,
2011-04-26,60.29999924,,,,
2011-04-27,60.90000153,,,,
2011-04-28,61.09999847,,,,
2011-04-29,61.34999847,,,,
2011-05-02,61.15000153,,,,
2011-05-03,60.79999924,,,,
2011-05-04,60.15000153,,,,
2011-05-05,58.79999924,,,,
2011-05-06,58.65000153,,,,
2011-05-09,59.15000153,,,,
2011-05-10,59.65000153,,,,
2011-05-11,58.65000153,,,,
2011-05-12,59.04999924,,,,
2011-05-13,58.04999924,,,,
2011-05-16,57.75,,,,
2011-05-17,57.79999924,,,,
2011-05-18,58.20000076,,,,
2011-05-19,58.70000076,,,,
2011-05-20,58.20000076,,,,
2011-05-23,56.70000076,,,,
2011-05-24,57.04999924,,,,
2011-05-25,57.34999847,,,,
2011-05-26,57.75,,,,
2011-05-27,58,,,,
2011-05-31,58.79999924,,,,
2011-06-01,57.45000076,,,,
2011-06-02,58.15000153,,,,
2011-06-03,57.90000153,,,,
2011-06-06,57,,,,
2011-06-07,57.29999924,,,,
2011-06-08,56.54999924,,,,
2011-06-09,56.70000076,,,,
2011-06-10,55.40000153,,,,
2011-06-13,55.29999924,,,,
2011-06-14,56.09999847,,,,
2011-06-15,54.54999924,,,,
2011-06-16,54.29999924,,,,
2011-06-17,51.65000153,,,,
2011-06-20,51.65000153,,,,
2011-06-21,52.20000076,,,,
2011-06-22,51.75,,,,
2011-06-23,51.65000153,,,,
2011-06-24,50.90000153,,,,
2011-06-27,51.34999847,,,,
2011-06-28,51.65000153,,,,
2011-06-29,52.65000153,,,,
2011-06-30,53.29999924,,,,
2011-07-01,54.09999847,,,,
2011-07-05,53.54999924,,,,
2011-07-06,53.54999924,,,,
2011-07-07,54.20000076,,,,
2011-07-08,53.84999847,,,,
2011-07-11,51.95000076,,,,
2011-07-12,51.70000076,,,,
2011-07-13,52.25,,,,
2011-07-14,51.75,,,,
2011-07-15,51.65000153,,,,
2011-07-18,50,,,,
2011-07-19,50.40000153,,,,
2011-07-20,51.29999924,,,,
2011-07-21,52.70000076,,,,
2011-07-22,53,,,,
2011-07-25,52.70000076,,,,
2011-07-26,52.70000076,,,,
2011-07-27,51.45000076,,,,
2011-07-28,51.04999924,,,,
2011-07-29,51.15000153,,,,
2011-08-01,51.04999924,,,,
2011-08-02,49.29999924,,,,
2011-08-03,49.40000153,,,,
2011-08-04,45.5,,,,
2011-08-05,45.20000076,,,,
2011-08-08,41.34999847,,,,
2011-08-09,43.90000153,,,,
2011-08-10,41.45000076,,,,
2011-08-11,43.70000076,,,,
2011-08-12,44.65000153,,,,
2011-08-15,46.15000153,,,,
2011-08-16,45.04999924,,,,
2011-08-17,45.29999924,,,,
2011-08-18,42.75,,,,
2011-08-19,41.95000076,,,,
2011-08-22,41.90000153,,,,
2011-08-23,43.09999847,,,,
2011-08-24,43.84999847,,,,
2011-08-25,42.95000076,,,,
2011-08-26,43.45000076,,,,
2011-08-29,45.09999847,,,,
2011-08-30,45,,,,
2011-08-31,45.5,,,,
2011-09-01,44.65000153,,,,
2011-09-02,43.34999847,,,,
2011-09-06,42.09999847,,,,
2011-09-07,43.59999847,,,,
2011-09-08,42.54999924,,,,
2011-09-09,41.29999924,,,,
2011-09-12,41,,,,
2011-09-13,41.84999847,,,,
2011-09-14,41.90000153,,,,
2011-09-15,42.95000076,,,,
2011-09-16,43,,,,
2011-09-19,41.75,,,,
2011-09-20,41.5,,,,
2011-09-21,40,,,,
2011-09-22,38.59999847,,,,
2011-09-23,38.45000076,,,,
2011-09-26,39.04999924,,,,
2011-09-27,40.04999924,,,,
2011-09-28,38.95000076,,,,
2011-09-29,39.70000076,,,,
2011-09-30,38.45000076,,,,
2011-10-03,36.84999847,,,,
2011-10-04,37.45000076,,,,
2011-10-05,37.95000076,,,,
2011-10-06,39,,,,
2011-10-07,38.20000076,,,,
2011-10-10,39.95000076,,,,
2011-10-11,40.29999924,,,,
2011-10-12,41.20000076,,,,
2011-10-13,40.79999924,,,,
2011-10-14,41.5,,,,
2011-10-17,40.34999847,,,,
2011-10-18,41.59999847,,,,
2011-10-19,40.70000076,,,,
2011-10-20,40.75,,,,
2011-10-21,41.90000153,,,,
2011-10-24,43,,,,
2011-10-25,41.90000153,,,,
2011-10-26,42.79999924,,,,
2011-10-27,45.70000076,,,,
2011-10-28,45.5,,,,
2011-10-31,43.75,,,,
2011-11-01,41.65000153,,,,
2011-11-02,42.34999847,,,,
2011-11-03,43.54999924,,,,
2011-11-04,43.04999924,,,,
2011-11-07,42.95000076,,,,
2011-11-08,43.59999847,,,,
2011-11-09,40.95000076,,,,
2011-11-10,41.15000153,,,,
2011-11-11,42,,,,
2011-11-14,41.29999924,,,,
2011-11-15,41,,,,
2011-11-16,40.25,,,,
2011-11-17,39.40000153,,,,
2011-11-18,39.70000076,,,,
2011-11-21,38.54999924,,,,
2011-11-22,38.40000153,,,,
2011-11-23,37.29999924,,,,
2011-11-25,37.09999847,,,,
2011-11-28,38.5,,,,
2011-11-29,38.70000076,,,,
2011-11-30,40.75,,,,
2011-12-01,40.79999924,,,,
2011-12-02,41.15000153,,,,
2011-12-05,41.65000153,,,,
2011-12-06,41.59999847,,,,
2011-12-07,41.59999847,,,,
2011-12-08,39.75,,,,
2011-12-09,40.59999847,,,,
2011-12-12,39.84999847,,,,
2011-12-13,38.95000076,,,,
2011-12-14,38.45000076,,,,
2011-12-15,38.54999924,,,,
2011-12-16,38.59999847,,,,
2011-12-19,37.84999847,,,,
2011-12-20,39.40000153,,,,
2011-12-21,39.34999847,,,,
2011-12-22,39.84999847,,,,
2011-12-23,40,,,,
2011-12-27,39.90000153,,,,
2011-12-28,39.34999847,,,,
2011-12-29,39.79999924,,,,
2011-12-30,39.95000076,,,,
2012-01-03,41.15000153,,,,
2012-01-04,41,,,,
2012-01-05,40.5,,,,
2012-01-06,40.34999847,,,,
2012-01-09,40.29999924,,,,
2012-01-10,40.90000153,,,,
2012-01-11,41.15000153,,,,
2012-01-12,41.70000076,,,,
2012-01-13,41.40000153,,,,
2012-01-17,41.70000076,,,,
2012-01-18,42.90000153,,,,
2012-01-19,43.70000076,,,,
2012-01-20,44.04999924,,,,
2012-01-23,43.95000076,,,,
2012-01-24,43.75,,,,
2012-01-25,44.29999924,,,,
2012-01-26,44.25,,,,
2012-01-27,44.34999847,,,,
2012-01-30,43.79999924,,,,
2012-01-31,44.25,,,,
2012-02-01,44.95000076,,,,
2012-02-02,45.40000153,,,,
2012-02-03,46.34999847,,,,
2012-02-06,46.04999924,,,,
2012-02-07,46.25,,,,
2012-02-08,46.34999847,,,,
2012-02-09,46.84999847,,,,
2012-02-10,45.84999847,,,,
2012-02-13,46.15000153,,,,
2012-02-14,45.84999847,,,,
2012-02-15,45.84999847,,,,
2012-02-16,46.45000076,,,,
2012-02-17,46.75,,,,
2012-02-21,46.54999924,,,,
2012-02-22,46.45000076,,,,
2012-02-23,46.90000153,,,,
2012-02-24,47.04999924,,,,
2012-02-27,46.84999847,,,,
2012-02-28,47.04999924,,,,
2012-02-29,46.70000076,,,,
2012-03-01,47.04999924,,,,
2012-03-02,46.65000153,,,,
2012-03-05,46.25,,,,
2012-03-06,44.65000153,,,,
2012-03-07,45.40000153,,,,
2012-03-08,46.20000076,,,,
2012-03-09,46.09999847,,,,
2012-03-12,46.25,,,,
2012-03-13,47.20000076,,,,
2012-03-14,46.90000153,,,,
2012-03-15,47.34999847,,,,
2012-03-16,47.65000153,,,,
2012-03-19,47.95000076,,,,
2012-03-20,47.40000153,,,,
2012-03-21,47.20000076,,,,
2012-03-22,46.70000076,,,,
2012-03-23,46.90000153,,,,
2012-03-26,47.84999847,,,,
2012-03-27,47.5,,,,
2012-03-28,47.29999924,,,,
2012-03-29,47.20000076,,,,
2012-03-30,47.40000153,,,,
2012-04-02,47.59999847,,,,
2012-04-03,47.45000076,,,,
2012-04-04,46.34999847,,,,
2012-04-05,46.20000076,,,,
2012-04-09,45.84999847,,,,
2012-04-10,44.34999847,,,,
2012-04-11,45.04999924,,,,
2012-04-12,46.09999847,,,,
2012-04-13,45.15000153,,,,
2012-04-16,45.09999847,,,,
2012-04-17,45.84999847,,,,
2012-04-18,45.59999847,,,,
2012-04-19,45.5,,,,
2012-04-20,45.79999924,,,,
2012-04-23,45.09999847,,,,
2012-04-24,45.34999847,,,,
2012-04-25,45.90000153,,,,
2012-04-26,46.09999847,,,,
2012-04-27,46.45000076,,,,
2012-04-30,46.29999924,,,,
2012-05-01,46.54999924,,,,
2012-05-02,46.04999924,,,,
2012-05-03,45.79999924,,,,
2012-05-04,44.95000076,,,,
2012-05-07,45.25,,,,
2012-05-08,44.45000076,,,,
2012-05-09,43.90000153,,,,
2012-05-10,43.95000076,,,,
2012-05-11,43.65000153,,,,
2012-05-14,42.90000153,,,,
2012-05-15,42.34999847,,,,
2012-05-16,41.79999924,,,,
2012-05-17,41.09999847,,,,
2012-05-18,40.54999924,,,,
2012-05-21,41.45000076,,,,
2012-05-22,41.65000153,,,,
2012-05-23,41.59999847,,,,
2012-05-24,41.40000153,,,,
2012-05-25,41.34999847,,,,
2012-05-29,41.95000076,,,,
2012-05-30,41.29999924,,,,
2012-05-31,41.20000076,,,,
2012-06-01,40.40000153,,,,
2012-06-04,40.59999847,,,,
2012-06-05,41,,,,
2012-06-06,42.29999924,,,,
2012-06-07,42.09999847,,,,
2012-06-08,42.34999847,,,,
2012-06-11,41.84999847,,,,
2012-06-12,42.20000076,,,,
2012-06-13,42,,,,
2012-06-14,42.15000153,,,,
2012-06-15,43,,,,
2012-06-18,42.59999847,,,,
2012-06-19,43.29999924,,,,
2012-06-20,43.29999924,,,,
2012-06-21,42.40000153,,,,
2012-06-22,42.90000153,,,,
2012-06-25,42.20000076,,,,
2012-06-26,42.40000153,,,,
2012-06-27,42.70000076,,,,
2012-06-28,42.84999847,,,,
2012-06-29,44.20000076,,,,
2012-07-02,44.75,,,,
2012-07-03,45.04999924,,,,
2012-07-05,44.79999924,,,,
2012-07-06,44.34999847,,,,
2012-07-09,44.34999847,,,,
2012-07-10,44.04999924,,,,
2012-07-11,44.04999924,,,,
2012-07-12,43.70000076,,,,
2012-07-13,44.40000153,,,,
2012-07-16,44.5,,,,
2012-07-17,44.59999847,,,,
2012-07-18,44.90000153,,,,
2012-07-19,45,,,,
2012-07-20,44.34999847,,,,
2012-07-23,43.59999847,,,,
2012-07-24,43.45000076,,,,
2012-07-25,43.65000153,,,,
2012-07-26,44.5,,,,
2012-07-27,45.09999847,,,,
2012-07-30,45.09999847,,,,
2012-07-31,44.59999847,,,,
2012-08-01,44.5,,,,
2012-08-02,44.25,,,,
2012-08-03,45.45000076,,,,
2012-08-06,45.75,,,,
2012-08-07,45.75,,,,
2012-08-08,45.70000076,,,,
2012-08-09,45.84999847,,,,
2012-08-10,45.84999847,,,,
2012-08-13,45.75,,,,
2012-08-14,45.75,,,,
2012-08-15,45.95000076,,,,
2012-08-16,46.15000153,,,,
2012-08-17,46.20000076,,,,
2012-08-20,46.15000153,,,,
2012-08-21,46.20000076,,,,
2012-08-22,46.25,,,,
2012-08-23,45.79999924,,,,
2012-08-24,45.79999924,,,,
2012-08-27,45.65000153,,,,
2012-08-28,45.59999847,,,,
2012-08-29,45.90000153,,,,
2012-08-30,45.54999924,,,,
2012-08-31,45.90000153,,,,
2012-09-04,45.79999924,,,,
2012-09-05,45.59999847,,,,
2012-09-06,46.65000153,,,,
2012-09-07,47.40000153,,,,
2012-09-10,47.25,,,,
2012-09-11,47.45000076,,,,
2012-09-12,47.70000076,,,,
2012-09-13,48.5,,,,
2012-09-14,49.45000076,,,,
2012-09-17,49.25,,,,
2012-09-18,48.70000076,,,,
2012-09-19,48.90000153,,,,
2012-09-20,48.70000076,,,,
2012-09-21,48.45000076,,,,
2012-09-24,48.20000076,,,,
2012-09-25,47.45000076,,,,
2012-09-26,47.04999924,,,,
2012-09-27,47.59999847,,,,
2012-09-28,47.20000076,,,,
2012-10-01,47.45000076,,,,
2012-10-02,47.59999847,,,,
2012-10-03,47.54999924,,,,
2012-10-04,48.40000153,,,,
2012-10-05,48.25,,,,
2012-10-08,47.95000076,,,,
2012-10-09,47.25,,,,
2012-10-10,47.25,,,,
2012-10-11,47.25,,,,
2012-10-12,47.15000153,,,,
2012-10-15,47.59999847,,,,
2012-10-16,48.20000076,,,,
2012-10-17,48.75,,,,
2012-10-18,48.70000076,,,,
2012-10-19,48.25,,,,
2012-10-22,48.5,,,,
2012-10-23,47.79999924,,,,
2012-10-24,47.65000153,,,,
2012-10-25,48.15000153,,,,
2012-10-26,48.04999924,,,,
2012-10-31,48.45000076,,,,
2012-11-01,49.09999847,,,,
2012-11-02,48.5,,,,
2012-11-05,48.54999924,,,,
2012-11-06,48.90000153,,,,
2012-11-07,47.84999847,,,,
2012-11-08,47.25,,,,
2012-11-09,47.09999847,,,,
2012-11-12,47.15000153,,,,
2012-11-13,46.65000153,,,,
2012-11-14,45.95000076,,,,
2012-11-15,46.25,,,,
2012-11-16,46.15000153,,,,
2012-11-19,46.95000076,,,,
2012-11-20,47.20000076,,,,
2012-11-21,47.25,,,,
2012-11-23,48.15000153,,,,
2012-11-26,48,,,,
2012-11-27,47.95000076,,,,
2012-11-28,47.90000153,,,,
2012-11-29,48.40000153,,,,
2012-11-30,48.79999924,,,,
2012-12-03,48.65000153,,,,
2012-12-04,48.90000153,,,,
2012-12-05,49.04999924,,,,
2012-12-06,49.29999924,,,,
2012-12-07,49.34999847,,,,
2012-12-10,49.25,,,,
2012-12-11,49.5,,,,
2012-12-12,49.70000076,,,,
2012-12-13,49.65000153,,,,
2012-12-14,49.84999847,,,,
2012-12-17,50.34999847,,,,
2012-12-18,50.70000076,,,,
2012-12-19,50.95000076,,,,
2012-12-20,51.25,,,,
2012-12-21,50,,,,
2012-12-24,49.75,,,,
2012-12-26,49.90000153,,,,
2012-12-27,50.09999847,,,,
2012-12-28,49.54999924,,,,
2012-12-31,50.59999847,,,,
2013-01-02,51.20000076,,,,
2013-01-03,51.04999924,,,,
2013-01-04,51.70000076,,,,
2013-01-07,51.79999924,,,,
2013-01-08,51.70000076,,,,
2013-01-09,51.95000076,,,,
2013-01-10,52.70000076,,,,
2013-01-11,53.04999924,,,,
2013-01-14,52.95000076,,,,
2013-01-15,52.84999847,,,,
2013-01-16,52.65000153,,,,
2013-01-17,53.04999924,,,,
2013-01-18,53.29999924,,,,
2013-01-22,53.54999924,,,,
2013-01-23,53.29999924,,,,
2013-01-24,53.54999924,,,,
2013-01-25,53.84999847,,,,
2013-01-28,53.84999847,,,,
2013-01-29,54.25,,,,
2013-01-30,54.04999924,,,,
2013-01-31,54.29999924,,,,
2013-02-01,54.65000153,,,,
2013-02-04,54.20000076,,,,
2013-02-05,54.54999924,,,,
2013-02-06,54.84999847,,,,
2013-02-07,54.40000153,,,,
2013-02-08,54.79999924,,,,
2013-02-11,54.79999924,,,,
2013-02-12,55.40000153,,,,20.17000008
2013-02-13,55.45000076,,,,20.23999977
2013-02-14,55.70000076,,,,20.37999916
2013-02-15,55.95000076,,,,20.32999992
2013-02-19,56.45000076,,,,20.52000046
2013-02-20,56,,,,20.29999924
2013-02-21,55.04999924,,,,19.93000031
2013-02-22,55.95000076,,,,20.23999977
2013-02-25,54.59999847,,,,20.01000023
2013-02-26,55.15000153,,,,20.10000038
2013-02-27,56.29999924,,,,20.28000069
2013-02-28,56.09999847,,,,20.36000061
2013-03-01,56,,,,20.36000061
2013-03-04,56.15000153,,,,20.43000031
2013-03-05,56.40000153,,,,20.53000069
2013-03-06,56.65000153,,,,20.57999992
2013-03-07,56.84999847,,,,20.62000084
2013-03-08,57.04999924,,,,20.68000031
2013-03-11,57.45000076,,,,20.85000038
2013-03-12,57.20000076,,,,20.73999977
2013-03-13,57.20000076,,,,20.80999947
2013-03-14,57.75,,,,20.96999931
2013-03-15,57.29999924,,,,20.86000061
2013-03-18,56.70000076,,,,20.70999908
2013-03-19,56.25,,,,20.45000076
2013-03-20,56.5,,,,20.52000046
2013-03-21,56.09999847,,,,20.47999954
2013-03-22,56.20000076,,,,20.59000015
2013-03-25,55.90000153,,,,20.55999947
2013-03-26,56.25,,,,20.45000076
2013-03-27,56.25,,,,20.48999977
2013-03-28,56.45000076,,,,20.44000053
2013-04-01,56,,,,20.15999985
2013-04-02,56.20000076,,,,20.20000076
2013-04-03,55.84999847,,,,19.84000015
2013-04-04,56.20000076,,,,19.88999939
2013-04-05,56,,,,19.85000038
2013-04-08,56.45000076,,,,20.07999992
2013-04-09,56.95000076,,,,19.94000053
2013-04-10,57.59999847,,,,20.13999939
2013-04-11,57.84999847,,,,20
2013-04-12,57.70000076,,,,19.87999916
2013-04-15,56.09999847,,,,19.45000076
2013-04-16,57.25,,,,19.60000038
2013-04-17,55.90000153,,,,19.27000046
2013-04-18,55.34999847,,,,19.22999954
2013-04-19,55.90000153,,,,19.38999939
2013-04-22,56.29999924,,,,19.84000015
2013-04-23,57,,,,20.11000061
2013-04-24,57.09999847,,,,20.20000076
2013-04-25,57.75,,,,20.30999947
2013-04-26,57.70000076,,,,20.37000084
2013-04-29,58.25,,,,20.68000031
2013-04-30,58.79999924,,,,20.76000023
2013-05-01,58.15000153,,,,20.14999962
2013-05-02,58.25,,,,20.39999962
2013-05-03,58.75,,,,20.57999992
2013-05-06,58.84999847,,,,20.53000069
2013-05-07,59.15000153,,,,20.52000046
2013-05-08,59.65000153,,,,20.62000084
2013-05-09,59.04999924,,,,20.42000008
2013-05-10,58.75,,,,20.45000076
2013-05-13,58.59999847,,,,20.45999908
2013-05-14,58.90000153,,,,20.70999908
2013-05-15,59.09999847,,,,20.75
2013-05-16,58.84999847,,,,20.54999924
2013-05-17,59.29999924,,,,20.64999962
2013-05-20,59.54999924,,,,20.72999954
2013-05-21,59.40000153,,,,20.75
2013-05-22,58.79999924,,,,20.48999977
2013-05-23,58.29999924,,,,20.37000084
2013-05-24,58.25,,,,20.39999962
2013-05-28,58.54999924,,,,20.37000084
2013-05-29,58.25,,,,20.13999939
2013-05-30,58.79999924,,,,20.29000092
2013-05-31,57.84999847,,,,19.97999954
2013-06-03,57.79999924,,,,19.76000023
2013-06-04,57.54999924,,,,19.64999962
2013-06-05,56.59999847,,,,19.46999931
2013-06-06,56.95000076,,,,19.70000076
2013-06-07,57.25,,,,19.86000061
2013-06-10,57.90000153,,,,19.95000076
2013-06-11,57.20000076,,,,19.70000076
2013-06-12,56.70000076,,,,19.47999954
2013-06-13,57.54999924,,,,19.81999969
2013-06-14,57.15000153,,,,19.90999985
2013-06-17,57.59999847,,,,19.97999954
2013-06-18,57.95000076,,,,20.03000069
2013-06-19,57,,,,19.79000092
2013-06-20,55.45000076,,,,19.37000084
2013-06-21,53.84999847,,,,19.31999969
2013-06-24,52.84999847,,,,19.26000023
2013-06-25,53.65000153,,,,19.25
2013-06-26,53.5,,,,19.46999931
2013-06-27,54.09999847,,,,19.79999924
2013-06-28,54.54999924,,,,19.93000031
2013-07-01,54.90000153,,,,19.78000069
2013-07-02,54.79999924,,,,19.64999962
2013-07-03,54.90000153,,,,19.64999962
2013-07-05,55.04999924,,,,19.67000008
2013-07-08,55.25,,,,19.84000015
2013-07-09,55.59999847,,,,19.90999985
2013-07-10,55.90000153,,,,19.98999977
2013-07-11,57.45000076,,,,20.29999924
2013-07-12,57.15000153,,,,20.20999908
2013-07-15,57.40000153,,,,20.39999962
2013-07-16,57.5,,,,20.36000061
2013-07-17,57.65000153,,,,20.39999962
2013-07-18,58.29999924,,,,20.51000023
2013-07-19,58.45000076,,,,20.35000038
2013-07-22,58.65000153,,,,20.46999931
2013-07-23,58.95000076,,,,20.69000053
2013-07-24,58.75,,,,20.38999939
2013-07-25,58.65000153,,,,20.51000023
2013-07-26,58.45000076,,,,20.5
2013-07-29,57.95000076,,,,20.38999939
2013-07-30,57.95000076,,,,20.38999939
2013-07-31,57.95000076,,,,20.42000008
2013-08-01,58.40000153,,,,20.44000053
2013-08-02,58.65000153,,,,20.52000046
2013-08-05,58.45000076,,,,20.42000008
2013-08-06,58.34999847,,,,20.32999992
2013-08-07,58.15000153,,,,20.09000015
2013-08-08,58.75,,,,20.13999939
2013-08-09,58.45000076,,,,20.26000023
2013-08-12,58.29999924,,,,20.20999908
2013-08-13,58.34999847,,,,20.13999939
2013-08-14,58.34999847,,,,20.10000038
2013-08-15,57.5,,,,19.86000061
2013-08-16,57.65000153,,,,19.85000038
2013-08-19,57.15000153,,,,19.55999947
2013-08-20,57.54999924,,,,19.87000084
2013-08-21,57,,,,19.89999962
2013-08-22,57.54999924,,,,20.06999969
2013-08-23,57.79999924,,,,20.12000084
2013-08-26,57.40000153,,,,20.11000061
2013-08-27,56.40000153,,,,19.86000061
2013-08-28,56.04999924,,,,19.85000038
2013-08-29,56.75,,,,19.96999931
2013-08-30,56.40000153,,,,19.79000092
2013-09-03,57.09999847,,,,19.77000046
2013-09-04,57.59999847,,,,20.04000092
2013-09-05,57.54999924,,,,20.04999924
2013-09-06,57.75,,,,20.12000084
2013-09-09,58.59999847,,,,20.28000069
2013-09-10,59.15000153,,,,20.45000076
2013-09-11,59.29999924,,,,20.39999962
2013-09-12,59.04999924,,,,20.38999939
2013-09-13,59.25,,,,20.40999985
2013-09-16,59.79999924,,,,20.48999977
2013-09-17,60,,,,20.57999992
2013-09-18,61.25,,,,20.79999924
2013-09-19,60.54999924,,,,20.57999992
2013-09-20,57.29999924,,,,20.46999931
2013-09-23,57.29999924,,,,20.48999977
2013-09-24,57.40000153,,,,20.53000069
2013-09-25,57.40000153,,,,20.67000008
2013-09-26,57.75,,,,20.51000023
2013-09-27,57.75,,,,20.54000092
2013-09-30,57.40000153,,,,20.54999924
2013-10-01,57.95000076,,,,20.29999924
2013-10-02,57.95000076,,,,20.10000038
2013-10-03,57.54999924,,,,20.04999924
2013-10-04,57.70000076,,,,20.13999939
2013-10-07,57.45000076,,,,19.96999931
2013-10-08,56.95000076,,,,19.94000053
2013-10-09,56.70000076,,,,19.89999962
2013-10-10,57.84999847,,,,20.18000031
2013-10-11,58.59999847,,,,20.36000061
2013-10-14,58.90000153,,,,20.28000069
2013-10-15,58.59999847,,,,20.12999916
2013-10-16,59.5,,,,20.19000053
2013-10-17,60.20000076,,,,20.45000076
2013-10-18,60.84999847,,,,20.54999924
2013-10-21,61,,,,20.56999969
2013-10-22,61.75,,,,20.64999962
2013-10-23,61.20000076,,,,20.72999954
2013-10-24,61.34999847,,,,20.82999992
2013-10-25,61.34999847,,,,20.79999924
2013-10-28,61.15000153,,,,20.82999992
2013-10-29,61.34999847,,,,20.73999977
2013-10-30,60.90000153,,,,20.68000031
2013-10-31,60.5,,,,20.54000092
2013-11-01,60.09999847,,,,20.42000008
2013-11-04,60.70000076,,,,20.61000061
2013-11-05,60.25,,,,20.63999939
2013-11-06,60.79999924,,,,20.62000084
2013-11-07,59.75,,,,20.38999939
2013-11-08,60.09999847,,,,20.54999924
2013-11-11,60.29999924,,,,20.75
2013-11-12,60.04999924,,,,20.70000076
2013-11-13,60.34999847,,,,20.78000069
2013-11-14,60.29999924,,,,20.80999947
2013-11-15,60.54999924,,,,21.03000069
2013-11-18,60.65000153,,,,21.01000023
2013-11-19,60.5,,,,21.01000023
2013-11-20,60.09999847,,,,21.05999947
2013-11-21,60.70000076,,,,21.28000069
2013-11-22,60.95000076,,,,21.42000008
2013-11-25,61.04999924,,,,21.43000031
2013-11-26,61.09999847,,,,21.42000008
2013-11-27,61.34999847,,,,21.53000069
2013-11-29,61.70000076,,,,21.56999969
2013-12-02,61.25,,,,21.32999992
2013-12-03,60.90000153,,,,21.02000046
2013-12-04,60.90000153,,,,21.22999954
2013-12-05,60.45000076,,,,21.09000015
2013-12-06,61.40000153,,,,21.27000046
2013-12-09,61.45000076,,,,21.26000023
2013-12-10,61.5,,,,21.12999916
2013-12-11,61.20000076,,,,21.04000092
2013-12-12,60.90000153,,,,20.95999908
2013-12-13,60.95000076,,,,20.87000084
2013-12-16,61.04999924,,,,20.88999939
2013-12-17,61.40000153,,,,20.95000076
2013-12-18,62.09999847,,,,21.22999954
2013-12-19,61.54999924,,,,20.94000053
2013-12-20,58.75,,,,21.25
2013-12-23,59.34999847,,,,21.18000031
2013-12-24,59.45000076,,,,21.40999985
2013-12-26,59.65000153,,,,21.29000092
2013-12-27,59.75,,,,20.95999908
2013-12-30,60.04999924,,,,20.95000076
2013-12-31,60.5,,,,20.97999954
2014-01-02,59.54999924,,,,20.75
2014-01-03,59.90000153,,,,20.93000031
2014-01-06,60.20000076,,,,20.95000076
2014-01-07,60.15000153,,,,20.94000053
2014-01-08,59.95000076,,,,20.82999992
2014-01-09,60.20000076,,,,20.94000053
2014-01-10,60.75,,,,21.07999992
2014-01-13,60.25,,,,20.96999931
2014-01-14,60.75,,,,21.05999947
2014-01-15,60.90000153,,,,21.21999931
2014-01-16,60.79999924,,,,21.28000069
2014-01-17,60.45000076,,,,21.20000076
2014-01-21,61.04999924,,,,21.39999962
2014-01-22,61.04999924,,,,21.46999931
2014-01-23,60.70000076,,,,21.42000008
2014-01-24,59.40000153,,,,21.05999947
2014-01-27,58.54999924,,,,20.86000061
2014-01-28,59.40000153,,,,21.01000023
2014-01-29,58.75,,,,20.76000023
2014-01-30,59.34999847,,,,21.09000015
2014-01-31,58.04999924,,,,20.86000061
2014-02-03,56.90000153,,,,20.39999962
2014-02-04,57.54999924,,,,20.55999947
2014-02-05,57.5,,,,20.5
2014-02-06,58.04999924,,,,20.67000008
2014-02-07,58.90000153,,,,20.84000015
2014-02-10,59.15000153,,,,20.94000053
2014-02-11,59.70000076,,,,20.95000076
2014-02-12,59.79999924,,,,20.97999954
2014-02-13,60.20000076,,,,21.20000076
2014-02-14,60.54999924,,,,21.20000076
2014-02-18,60.90000153,,,,21.38999939
2014-02-19,60.45000076,,,,21.20999908
2014-02-20,60.65000153,,,,21.45999908
2014-02-21,60.70000076,,,,21.45000076
2014-02-24,61.45000076,,,,21.54999924
2014-02-25,61.09999847,,,,21.04999924
2014-02-26,61.04999924,,,,21.12000084
2014-02-27,61.25,,,,21.15999985
2014-02-28,61.90000153,,,,21.20999908
2014-03-03,60.79999924,,,,21.18000031
2014-03-04,61.65000153,,,,21.01000023
2014-03-05,61.54999924,,,,20.89999962
2014-03-06,62.20000076,,,,20.98999977
2014-03-07,62.09999847,,,,20.79000092
2014-03-10,62.15000153,,,,20.92000008
2014-03-11,61.65000153,,,,20.71999931
2014-03-12,61.34999847,,,,20.95999908
2014-03-13,60.5,,,,20.72999954
2014-03-14,60.15000153,,,,20.63999939
2014-03-17,60.90000153,,,,20.56999969
2014-03-18,61,,,,20.60000038
2014-03-19,60.84999847,,,,20.45999908
2014-03-20,60.65000153,,,,20.62999916
2014-03-21,59.75,,,,20.52000046
2014-03-24,59.70000076,,,,20.62999916
2014-03-25,59.90000153,,,,20.67000008
2014-03-26,59.65000153,,,,20.46999931
2014-03-27,59.59999847,,,,20.47999954
2014-03-28,60.09999847,,,,20.38999939
2014-03-31,60.75,,,,20.77000046
2014-04-01,61.04999924,,,,20.37000084
2014-04-02,61.15000153,,,,20.51000023
2014-04-03,61,,,,20.45000076
2014-04-04,60.65000153,,,,20.36000061
2014-04-07,59.95000076,,,,20.20999908
2014-04-08,59.5,,,,20.10000038
2014-04-09,60.59999847,,,,20.21999931
2014-04-10,59.65000153,,,,19.93000031
2014-04-11,59.90000153,,,,19.79999924
2014-04-14,58.5,,,,19.84000015
2014-04-15,58.40000153,,,,19.87999916
2014-04-16,59.20000076,,,,20
2014-04-17,59.59999847,,,,19.97999954
2014-04-21,59.65000153,,,,19.97999954
2014-04-22,60.40000153,,,,20.11000061
2014-04-23,60.04999924,,,,20.13999939
2014-04-24,60.15000153,,,,20.10000038
2014-04-25,59.54999924,,,,19.97999954
2014-04-28,59.15000153,,,,19.79000092
2014-04-29,59.45000076,,,,19.80999947
2014-04-30,59.29999924,,,,19.87999916
2014-05-01,59.40000153,,,,19.80999947
2014-05-02,59.40000153,,,,19.80999947
2014-05-05,59.25,,,,19.81999969
2014-05-06,59.20000076,,,,19.65999985
2014-05-07,58.95000076,,,,19.63999939
2014-05-08,58.70000076,,,,19.42000008
2014-05-09,58.65000153,,,,19.36000061
2014-05-12,59.25,,,,19.61000061
2014-05-13,59.25,,,,19.51000023
2014-05-14,59.25,,,,19.44000053
2014-05-15,58.65000153,,,,19.34000015
2014-05-16,57.90000153,,,,19.29999924
2014-05-19,58.29999924,,,,19.53000069
2014-05-20,57.90000153,,,,19.42000008
2014-05-21,58.59999847,,,,19.46999931
2014-05-22,59,,,,19.61000061
2014-05-23,59.15000153,,,,19.76000023
2014-05-27,59.54999924,,,,19.84000015
2014-05-28,59.90000153,,,,19.84000015
2014-05-29,60.04999924,,,,19.94000053
2014-05-30,59.95000076,,,,19.87999916
2014-06-02,59.79999924,,,,19.82999992
2014-06-03,59.90000153,,,,19.81999969
2014-06-04,60.09999847,,,,19.71999931
2014-06-05,60.75,,,,19.80999947
2014-06-06,61.5,,,,20.02000046
2014-06-09,61.34999847,,,,20.09000015
2014-06-10,61.45000076,,,,20.09000015
2014-06-11,61.29999924,,,,20.09000015
2014-06-12,61.25,,,,20.07999992
2014-06-13,61.15000153,,,,20.09000015
2014-06-16,61.25,,,,20.12000084
2014-06-17,61.15000153,,,,20.26000023
2014-06-18,61.59999847,,,,20.34000015
2014-06-19,61.70000076,,,,20.29000092
2014-06-20,61.65000153,,,,20.25
2014-06-23,61.59999847,,,,20.35000038
2014-06-24,60.70000076,,,,20.31999969
2014-06-25,60.84999847,,,,20.38999939
2014-06-26,61.45000076,,,,20.75
2014-06-27,61.5,,,,20.73999977
2014-06-30,61.65000153,,,,21.06999969
2014-07-01,62,,,,20.79000092
2014-07-02,62.29999924,,,,20.82999992
2014-07-03,62.45000076,,,,20.72999954
2014-07-07,62.04999924,,,,20.64999962
2014-07-08,61,,,,20.45000076
2014-07-09,60.95000076,,,,20.62000084
2014-07-10,60.45000076,,,,20.46999931
2014-07-11,60,,,,20.48999977
2014-07-14,60.59999847,,,,20.54999924
2014-07-15,60.75,,,,20.54999924
2014-07-16,60.65000153,,,,20.45999908
2014-07-17,60.15000153,,,,20.29000092
2014-07-18,60.65000153,,,,20.39999962
2014-07-21,60.65000153,,,,20.43000031
2014-07-22,60.75,,,,20.32999992
2014-07-23,61,,,,20.45999908
2014-07-24,60.84999847,,,,20.54000092
2014-07-25,60.75,,,,20.63999939
2014-07-28,60.5,,,,20.55999947
2014-07-29,60.5,,,,20.45000076
2014-07-30,59.90000153,,,,20.38999939
2014-07-31,58.70000076,,,,20
2014-08-01,58.25,,,,19.98999977
2014-08-04,58.54999924,,,,20.04999924
2014-08-05,58.09999847,,,,19.95999908
2014-08-06,57.90000153,,,,20.04999924
2014-08-07,57.45000076,,,,20.12999916
2014-08-08,57.75,,,,20.15999985
2014-08-11,58.34999847,,,,20.25
2014-08-12,58.25,,,,20.19000053
2014-08-13,58.40000153,,,,20.23999977
2014-08-14,58.5,,,,20.26000023
2014-08-15,58.45000076,,,,20.28000069
2014-08-18,58.79999924,,,,20.44000053
2014-08-19,59,,,,20.43000031
2014-08-20,58.70000076,,,,20.45000076
2014-08-21,59,,,,20.48999977
2014-08-22,58.84999847,,,,20.45000076
2014-08-25,59.15000153,,,,20.48999977
2014-08-26,59.25,,,,20.48999977
2014-08-27,59.5,,,,20.45999908
2014-08-28,59.34999847,,,,20.48999977
2014-08-29,59.34999847,,,,20.55999947
2014-09-02,59.45000076,,,,20.59000015
2014-09-03,59.59999847,,,,20.54000092
2014-09-04,59.15000153,,,,20.56999969
2014-09-05,59.20000076,,,,20.57999992
2014-09-08,58.65000153,,,,20.52000046
2014-09-09,58.34999847,,,,20.45999908
2014-09-10,58.5,,,,20.5
2014-09-11,58.45000076,,,,20.52000046
2014-09-12,58.40000153,,,,20.45000076
2014-09-15,58.04999924,,,,20.22999954
2014-09-16,58.15000153,,,,20.25
2014-09-17,58.09999847,,,,20.28000069
2014-09-18,58.29999924,,,,20.21999931
2014-09-19,57.40000153,,,,20.04000092
2014-09-22,56.90000153,,,,19.86000061
2014-09-23,56.54999924,,,,19.79999924
2014-09-24,56.45000076,,,,19.88999939
2014-09-25,55.84999847,,,,19.71999931
2014-09-26,56,,,,19.82999992
2014-09-29,55.59999847,,,,19.76000023
2014-09-30,55.5,,,,19.60000038
2014-10-01,54.79999924,,,,19.09000015
2014-10-02,54.5,,,,19.03000069
2014-10-03,54.45000076,,,,19.15999985
2014-10-06,54.75,,,,19.17000008
2014-10-07,53.70000076,,,,19.02000046
2014-10-08,54.45000076,,,,19.04000092
2014-10-09,53.09999847,,,,18.87999916
2014-10-10,52.15000153,,,,18.52000046
2014-10-13,51.65000153,,,,18.31999969
2014-10-14,51.59999847,,,,18.25
2014-10-15,51.34999847,,,,17.98999977
2014-10-16,51.45000076,,,,18.57999992
2014-10-17,52.29999924,,,,18.82999992
2014-10-20,52.84999847,,,,18.88999939
2014-10-21,54,,,,19.09000015
2014-10-22,53.59999847,,,,19.01000023
2014-10-23,53.84999847,,,,18.90999985
2014-10-24,54.5,,,,19.03000069
2014-10-27,54.20000076,,,,19.09000015
2014-10-28,54.79999924,,,,19.12000084
2014-10-29,54.79999924,,,,19.20999908
2014-10-30,54.90000153,,,,19.20000076
2014-10-31,55.5,,,,19.39999962
2014-11-03,55.09999847,,,,19.23999977
2014-11-04,55.34999847,,,,19.12999916
2014-11-05,55.29999924,,,,19.23999977
2014-11-06,55.15000153,,,,19.26000023
2014-11-07,55.5,,,,19.46999931
2014-11-10,55.90000153,,,,19.46999931
2014-11-11,55.95000076,,,,19.47999954
2014-11-12,55.79999924,,,,19.5
2014-11-13,55.90000153,,,,19.46999931
2014-11-14,56.04999924,,,,19.45000076
2014-11-17,55.95000076,,,,19.38999939
2014-11-18,56.95000076,,,,19.45000076
2014-11-19,56.79999924,,,,19.42000008
2014-11-20,56.75,,,,19.47999954
2014-11-21,56.84999847,,,,19.38999939
2014-11-24,57.15000153,,,,19.39999962
2014-11-25,56.95000076,,,,19.5
2014-11-26,57.29999924,,,,19.5
2014-11-28,56.95000076,,,,19.43000031
2014-12-01,56.34999847,,,,19.05999947
2014-12-02,56.29999924,,,,19.07999992
2014-12-03,56.45000076,,,,19.12999916
2014-12-04,56.45000076,,,,19.10000038
2014-12-05,56.75,,,,19.05999947
2014-12-08,56.29999924,,,,18.60000038
2014-12-09,56.29999924,,,,18.70999908
2014-12-10,55.84999847,,,,18.44000053
2014-12-11,55.59999847,,,,18.25
2014-12-12,54.70000076,,,,17.94000053
2014-12-15,54.25,,,,17.85000038
2014-12-16,54.29999924,,,,17.62000084
2014-12-17,55.15000153,,,,17.90999985
2014-12-18,56,,,,18.53000069
2014-12-19,55.09999847,,,,18.62000084
2014-12-22,55.04999924,,,,18.36000061
2014-12-23,55.09999847,,,,18.47999954
2014-12-24,55.25,,,,18.53000069
2014-12-26,55.45000076,,,,18.46999931
2014-12-29,55.04999924,,,,17.93000031
2014-12-30,55.04999924,,,,17.94000053
2014-12-31,54.90000153,,,,17.93000031
2015-01-02,54.75,,,,18.12000084
2015-01-05,54.20000076,,,,17.96999931
2015-01-06,53.34999847,,,,17.78000069
2015-01-07,53.75,,,,17.85000038
2015-01-08,54.34999847,,,,18.10000038
2015-01-09,54.34999847,,,,18.02000046
2015-01-12,54.04999924,,,,18.01000023
2015-01-13,54.09999847,,,,17.86000061
2015-01-14,54,,,,17.63999939
2015-01-15,53.34999847,,,,17.47999954
2015-01-16,53.59999847,,,,17.54000092
2015-01-20,53.79999924,,,,17.51000023
2015-01-21,53.95000076,,,,17.67000008
2015-01-22,54.84999847,,,,17.77000046
2015-01-23,54.65000153,,,,17.75
2015-01-26,55.34999847,,,,17.80999947
2015-01-27,55.45000076,,,,17.86000061
2015-01-28,54.70000076,,,,17.70999908
2015-01-29,55.15000153,,,,17.71999931
2015-01-30,54.59999847,,,,17.70999908
2015-02-02,55.29999924,,,,17.70000076
2015-02-03,56.40000153,,,,18.09000015
2015-02-04,55.84999847,,,,18.04000092
2015-02-05,56.59999847,,,,18.26000023
2015-02-06,56.09999847,,,,18.43000031
2015-02-09,56.09999847,,,,18.23999977
2015-02-10,56.20000076,,,,18.12000084
2015-02-11,56.04999924,,,,18
2015-02-12,56.90000153,,,,18.20000076
2015-02-13,57.25,,,,18.34000015
2015-02-17,57.5,,,,18.45000076
2015-02-18,57.65000153,,,,18.44000053
2015-02-19,57.84999847,,,,18.5
2015-02-20,58.04999924,,,,18.57999992
2015-02-23,57.79999924,,,,18.56999969
2015-02-24,58.34999847,,,,18.57999992
2015-02-25,58.40000153,,,,18.64999962
2015-02-26,58.25,,,,18.56999969
2015-02-27,58.09999847,,,,18.68000031
2015-03-02,58.29999924,,,,18.70000076
2015-03-03,58.09999847,,,,18.78000069
2015-03-04,57.70000076,,,,18.75
2015-03-05,58,,,,18.81999969
2015-03-06,57.5,,,,18.71999931
2015-03-09,57.34999847,,,,18.71999931
2015-03-10,56.5,,,,18.55999947
2015-03-11,56.45000076,,,,18.52000046
2015-03-12,56.84999847,,,,18.60000038
2015-03-13,56.54999924,,,,18.61000061
2015-03-16,57.04999924,,,,18.57999992
2015-03-17,56.70000076,,,,18.54000092
2015-03-18,57.79999924,,,,18.53000069
2015-03-19,57.04999924,,,,18.5
2015-03-20,56.95000076,,,,18.70999908
2015-03-23,57.40000153,,,,18.72999954
2015-03-24,57.09999847,,,,18.72999954
2015-03-25,56.75,,,,18.79000092
2015-03-26,56.34999847,,,,18.76000023
2015-03-27,56.5,,,,18.73999977
2015-03-30,56.75,,,,18.73999977
2015-03-31,56.5,,,,18.70000076
2015-04-01,56.95000076,,,,18.21999931
2015-04-02,57.40000153,,,,18.40999985
2015-04-06,57.75,,,,18.47999954
2015-04-07,57.65000153,,,,18.47999954
2015-04-08,58.15000153,,,,18.38999939
2015-04-09,58.40000153,,,,18.45000076
2015-04-10,58.40000153,,,,18.39999962
2015-04-13,58.70000076,,,,18.39999962
2015-04-14,58.70000076,,,,18.45000076
2015-04-15,59.04999924,,,,18.48999977
2015-04-16,59.40000153,,,,18.54000092
2015-04-17,58.75,,,,18.53000069
2015-04-20,58.79999924,,,,18.54999924
2015-04-21,59.15000153,,,,18.5
2015-04-22,59.34999847,,,,18.56999969
2015-04-23,59.40000153,,,,18.71999931
2015-04-24,59.5,,,,18.68000031
2015-04-27,59.75,,,,18.59000015
2015-04-28,59.95000076,,,,18.62999916
2015-04-29,59.84999847,,,,18.65999985
2015-04-30,59.54999924,,,,18.55999947
2015-05-01,59.79999924,,,,18.56999969
2015-05-04,60.04999924,,,,18.42000008
2015-05-05,59.45000076,,,,18.22999954
2015-05-06,59.09999847,,,,18.05999947
2015-05-07,59.20000076,,,,18.02000046
2015-05-08,59.90000153,,,,18
2015-05-11,59.75,,,,18.12999916
2015-05-12,59.70000076,,,,18.05999947
2015-05-13,60.09999847,,,,18.13999939
2015-05-14,60.65000153,,,,18.19000053
2015-05-15,61,,,,18.27000046
2015-05-18,61.09999847,,,,18.29000092
2015-05-19,61,,,,18.34000015
2015-05-20,61.25,,,,18.30999947
2015-05-21,61.59999847,,,,18.28000069
2015-05-22,61.65000153,,,,18.31999969
2015-05-26,61,,,,18.27000046
2015-05-27,61.20000076,,,,18.29999924
2015-05-28,61.40000153,,,,18.32999992
2015-05-29,61.15000153,,,,18.34000015
2015-06-01,61.15000153,,,,18.22999954
2015-06-02,61.59999847,,,,18.34000015
2015-06-03,62,,,,18.42000008
2015-06-04,61.5,,,,18.30999947
2015-06-05,61.15000153,,,,18.29000092
2015-06-08,60.95000076,,,,18.12999916
2015-06-09,60.40000153,,,,18.05999947
2015-06-10,61.29999924,,,,18.02000046
2015-06-11,61.34999847,,,,18.07999992
2015-06-12,61.29999924,,,,18.14999962
2015-06-15,60.84999847,,,,18.01000023
2015-06-16,60.65000153,,,,18.06999969
2015-06-17,60.75,,,,18.09000015
2015-06-18,61.04999924,,,,18.20000076
2015-06-19,58.95000076,,,,18.20000076
2015-06-22,59.5,,,,18.14999962
2015-06-23,59.75,,,,18.28000069
2015-06-24,59.29999924,,,,18.21999931
2015-06-25,59.45000076,,,,18.14999962
2015-06-26,59.34999847,,,,18.06999969
2015-06-29,57.59999847,,,,17.82999992
2015-06-30,57.95000076,,,,17.88999939
2015-07-01,58.20000076,,,,17.44000053
2015-07-02,58,,,,17.44000053
2015-07-06,56.79999924,,,,17.43000031
2015-07-07,56.5,,,,17.40999985
2015-07-08,55.09999847,,,,17.30999947
2015-07-09,56.29999924,,,,17.31999969
2015-07-10,57.95000076,,,,17.47999954
2015-07-13,58.45000076,,,,17.55999947
2015-07-14,58.70000076,,,,17.64999962
2015-07-15,58.59999847,,,,17.63999939
2015-07-16,59.25,,,,17.75
2015-07-17,59.25,,,,17.60000038
2015-07-20,59.20000076,,,,17.5
2015-07-21,59.25,,,,17.44000053
2015-07-22,59,,,,17.26000023
2015-07-23,58.79999924,,,,17.10000038
2015-07-24,58.15000153,,,,16.80999947
2015-07-27,57.5,,,,16.57999992
2015-07-28,58.34999847,,,,16.73999977
2015-07-29,58.65000153,,,,16.94000053
2015-07-30,58.5,,,,17.04000092
2015-07-31,58.70000076,,,,17.01000023
2015-08-03,58.40000153,,,,16.87999916
2015-08-04,58.70000076,,,,16.86000061
2015-08-05,58.54999924,,,,16.88999939
2015-08-06,58.25,,,,16.95999908
2015-08-07,58,,,,16.98999977
2015-08-10,58.95000076,,,,17.22999954
2015-08-11,58.20000076,,,,17.23999977
2015-08-12,57.79999924,,,,17.29000092
2015-08-13,58.09999847,,,,17.29999924
2015-08-14,58.34999847,,,,17.37999916
2015-08-17,58.04999924,,,,17.35000038
2015-08-18,57.79999924,,,,17.31999969
2015-08-19,57.29999924,,,,17.27000046
2015-08-20,55.40000153,,,,17.10000038
2015-08-21,54.40000153,,,,16.81999969
2015-08-24,52,,,,16.21999931
2015-08-25,52.70000076,,,,16.27000046
2015-08-26,54.20000076,,,,16.43000031
2015-08-27,55.34999847,,,,16.75
2015-08-28,55.40000153,,,,17.09000015
2015-08-31,55.04999924,,,,17.13999939
2015-09-01,53.40000153,,,,16.78000069
2015-09-02,54.15000153,,,,16.92000008
2015-09-03,54.5,,,,17.03000069
2015-09-04,53.79999924,,,,16.96999931
2015-09-08,55.40000153,,,,17.12999916
2015-09-09,54.65000153,,,,17.04000092
2015-09-10,55.20000076,,,,17.01000023
2015-09-11,55,,,,16.95000076
2015-09-14,54.59999847,,,,16.77000046
2015-09-15,54.70000076,,,,16.75
2015-09-16,55.34999847,,,,16.89999962
2015-09-17,55.59999847,,,,16.85000038
2015-09-18,54.45000076,,,,16.61000061
2015-09-21,54.90000153,,,,16.69000053
2015-09-22,53.95000076,,,,16.61000061
2015-09-23,53.54999924,,,,16.56999969
2015-09-24,53.25,,,,16.56999969
2015-09-25,53.40000153,,,,16.56999969
2015-09-28,52.09999847,,,,15.81000042
2015-09-29,51.40000153,,,,15.39999962
2015-09-30,52.5,,,,15.71000004
2015-10-01,52.90000153,,,,15.88000011
2015-10-02,53.75,,,,15.64999962
2015-10-05,54.54999924,,,,15.85999966
2015-10-06,54.70000076,,,,15.97999954
2015-10-07,55.54999924,,,,16.23999977
2015-10-08,55.65000153,,,,16.31999969
2015-10-09,55.40000153,,,,16.27000046
2015-10-12,55.25,,,,16.20000076
2015-10-13,54.59999847,,,,16.05999947
2015-10-14,54.54999924,,,,16.03000069
2015-10-15,55.29999924,,,,16.09000015
2015-10-16,55.25,,,,16.13999939
2015-10-19,54.95000076,,,,16.17000008
2015-10-20,55,,,,16.19000053
2015-10-21,54.54999924,,,,16.06999969
2015-10-22,55,,,,16.18000031
2015-10-23,55.70000076,,,,16.29000092
2015-10-26,55.45000076,,,,16.18000031
2015-10-27,54.90000153,,,,15.92000008
2015-10-28,55.15000153,,,,16.07999992
2015-10-29,54.95000076,,,,16.04000092
2015-10-30,54.90000153,,,,16.04000092
2015-11-02,55.75,,,,16.18000031
2015-11-03,55.70000076,,,,16.31999969
2015-11-04,55.54999924,,,,16.30999947
2015-11-05,55.40000153,,,,16.48999977
2015-11-06,55.40000153,,,,16.64999962
2015-11-09,54.84999847,,,,16.61000061
2015-11-10,54.70000076,,,,16.52000046
2015-11-11,54.65000153,,,,16.53000069
2015-11-12,54.09999847,,,,16.46999931
2015-11-13,53.40000153,,,,16.44000053
2015-11-16,54.34999847,,,,16.68000031
2015-11-17,53.84999847,,,,16.62000084
2015-11-18,54.40000153,,,,16.62000084
2015-11-19,54.40000153,,,,16.77000046
2015-11-20,54.34999847,,,,16.71999931
2015-11-23,54.29999924,,,,16.84000015
2015-11-24,54.20000076,,,,16.89999962
2015-11-25,54.5,,,,17.12999916
2015-11-27,54.5,,,,17.20999908
2015-11-30,54.79999924,,,,17.31999969
2015-12-01,54.90000153,,,,17.30999947
2015-12-02,54.70000076,,,,17.19000053
2015-12-03,54.34999847,,,,17.12999916
2015-12-04,54.5,,,,17.20999908
2015-12-07,54.04999924,,,,16.72999954
2015-12-08,53.40000153,,,,16.54000092
2015-12-09,53.20000076,,,,16.27000046
2015-12-10,53.20000076,,,,16.44000053
2015-12-11,51.90000153,,,,15.92000008
2015-12-14,51.20000076,,,,15.28999996
2015-12-15,52,,,,15.88000011
2015-12-16,52.84999847,,,,16.12000084
2015-12-17,52.5,,,,16.12000084
2015-12-18,51.70000076,,,,15.92000008
2015-12-21,52.15000153,,,,15.97000027
2015-12-22,52.34999847,,,,16.07999992
2015-12-23,53.40000153,,,,16.48999977
2015-12-24,53.59999847,,,,16.61000061
2015-12-28,53.09999847,,,,16.25
2015-12-29,53.29999924,,,,15.85000038
2015-12-30,52.79999924,,,,15.77000046
2015-12-31,52.59999847,,,,15.77000046
2016-01-04,52.04999924,,,,15.89000034
2016-01-05,51.65000153,,,,15.98999977
2016-01-06,51,,,,16
2016-01-07,49.54999924,,,,15.64999962
2016-01-08,48.84999847,,,,15.53999996
2016-01-11,48.54999924,,,,15.19999981
2016-01-12,48.59999847,,,,15.06999969
2016-01-13,47.59999847,,,,14.68000031
2016-01-14,48.04999924,,,,14.63000011
2016-01-15,46.75,,,,14.39999962
2016-01-19,46.5,,,,14.35000038
2016-01-20,45.79999924,,,,14.02999973
2016-01-21,46.09999847,,,,14.27000046
2016-01-22,47.40000153,,,,14.67000008
2016-01-25,46.70000076,,,,14.52000046
2016-01-26,47.54999924,,,,14.76000023
2016-01-27,47.15000153,,,,14.68000031
2016-01-28,47.34999847,,,,14.75
2016-01-29,48.09999847,,,,14.80000019
2016-02-01,48.34999847,,,,14.89999962
2016-02-02,47.09999847,,,,14.63000011
2016-02-03,47.34999847,,,,14.72000027
2016-02-04,47.54999924,,,,14.77000046
2016-02-05,47.15000153,,,,14.69999981
2016-02-08,45.29999924,,,,14.27999973
2016-02-09,44.5,,,,13.98999977
2016-02-10,44.79999924,,,,14.02000046
2016-02-11,43.84999847,,,,13.68000031
2016-02-12,44.90000153,,,,13.93999958
2016-02-16,46.09999847,,,,14.14000034
2016-02-17,47.15000153,,,,14.47000027
2016-02-18,47.20000076,,,,14.51000023
2016-02-19,47,,,,14.31999969
2016-02-22,47.40000153,,,,14.39000034
2016-02-23,46.79999924,,,,14.39000034
2016-02-24,46.79999924,,,,14.44999981
2016-02-25,47.20000076,,,,14.68000031
2016-02-26,47.5,,,,14.89999962
2016-02-29,47.29999924,,,,15.10999966
2016-03-01,48.5,,,,15.27000046
2016-03-02,48.84999847,,,,15.42000008
2016-03-03,49.25,,,,15.57999992
2016-03-04,49.75,,,,15.64000034
2016-03-07,50,,,,15.80000019
2016-03-08,49.25,,,,15.59000015
2016-03-09,49.09999847,,,,15.55000019
2016-03-10,49.04999924,,,,15.51000023
2016-03-11,50.09999847,,,,15.78999996
2016-03-14,50.40000153,,,,15.82999992
2016-03-15,49.95000076,,,,15.78999996
2016-03-16,50.70000076,,,,15.93999958
2016-03-17,51.34999847,,,,16.15999985
2016-03-18,51.04999924,,,,16.17000008
2016-03-21,51.25,,,,16.29000092
2016-03-22,51.29999924,,,,16.32999992
2016-03-23,50.29999924,,,,16.07999992
2016-03-24,50.09999847,,,,16.21999931
2016-03-28,50.29999924,,,,16.22999954
2016-03-29,51,,,,16.39999962
2016-03-30,51.5,,,,16.37999916
2016-03-31,51.54999924,,,,16.48999977
2016-04-01,51.75,,,,16.29999924
2016-04-04,51.34999847,,,,16.05999947
2016-04-05,50.40000153,,,,16
2016-04-06,50.90000153,,,,16.13999939
2016-04-07,50,,,,16.03000069
2016-04-08,50.34999847,,,,16.09000015
2016-04-11,50.5,,,,16.14999962
2016-04-12,51.29999924,,,,16.30999947
2016-04-13,52.15000153,,,,16.37999916
2016-04-14,52,,,,16.34000015
2016-04-15,52,,,,16.31999969
2016-04-18,52.34999847,,,,16.28000069
2016-04-19,53.09999847,,,,16.43000031
2016-04-20,52.95000076,,,,16.43000031
2016-04-21,52.5,,,,16.34000015
2016-04-22,52.75,,,,16.44000053
2016-04-25,52.54999924,,,,16.47999954
2016-04-26,52.84999847,,,,16.57999992
2016-04-27,52.95000076,,,,16.60000038
2016-04-28,52.09999847,,,,16.37999916
2016-04-29,51.95000076,,,,16.43000031
2016-05-02,52.25,,,,16.28000069
2016-05-03,51.34999847,,,,16.18000031
2016-05-04,51.25,,,,16.22999954
2016-05-05,51.15000153,,,,16.07999992
2016-05-06,51.20000076,,,,16.13999939
2016-05-09,51.04999924,,,,16.03000069
2016-05-10,51.59999847,,,,16.25
2016-05-11,51.45000076,,,,16.29000092
2016-05-12,51.59999847,,,,16.29000092
2016-05-13,50.90000153,,,,16.26000023
2016-05-16,51.29999924,,,,16.27000046
2016-05-17,51.25,,,,16.28000069
2016-05-18,51.40000153,,,,16.19000053
2016-05-19,51.09999847,,,,15.93000031
2016-05-20,51.29999924,,,,16
2016-05-23,51.45000076,,,,16.02000046
2016-05-24,52.20000076,,,,16.15999985
2016-05-25,52.65000153,,,,16.22999954
2016-05-26,52.70000076,,,,16.20999908
2016-05-27,52.79999924,,,,16.27000046
2016-05-31,52.70000076,,,,16.26000023
2016-06-01,52.75,,,,16.30999947
2016-06-02,52.75,,,,16.34000015
2016-06-03,53,,,,16.35000038
2016-06-06,53.34999847,,,,16.40999985
2016-06-07,53.45000076,,,,16.40999985
2016-06-08,53.54999924,,,,16.37000084
2016-06-09,53.34999847,,,,16.35000038
2016-06-10,52.20000076,,,,16.35000038
2016-06-13,51.54999924,,,,16.32999992
2016-06-14,50.75,,,,16.18000031
2016-06-15,50.90000153,,,,16.27000046
2016-06-16,50.65000153,,,,16.32999992
2016-06-17,51.20000076,,,,16.30999947
2016-06-20,52.20000076,,,,16.44000053
2016-06-21,52.34999847,,,,16.47999954
2016-06-22,52.5,,,,16.45000076
2016-06-23,53.70000076,,,,16.57999992
2016-06-24,49.79999924,,,,16.51000023
2016-06-27,47.59999847,,,,16.19000053
2016-06-28,48.84999847,,,,16.44000053
2016-06-29,49.79999924,,,,16.65999985
2016-06-30,50.34999847,,,,16.65999985
2016-07-01,50.75,,,,16.47999954
2016-07-05,49.20000076,,,,16.34000015
2016-07-06,49.25,,,,16.39999962
2016-07-07,49.34999847,,,,16.44000053
2016-07-08,49.79999924,,,,16.45000076
2016-07-11,50.5,,,,16.56999969
2016-07-12,51.25,,,,16.67000008
2016-07-13,51.25,,,,16.61000061
2016-07-14,51.70000076,,,,16.61000061
2016-07-15,51.54999924,,,,16.75
2016-07-18,51.90000153,,,,16.87000084
2016-07-19,51.75,,,,16.93000031
2016-07-20,52.25,,,,16.98999977
2016-07-21,52.25,,,,16.96999931
2016-07-22,52.45000076,,,,17.04000092
2016-07-25,52.70000076,,,,17.17000008
2016-07-26,52.84999847,,,,17.18000031
2016-07-27,53.09999847,,,,17.14999962
2016-07-28,53,,,,17.13999939
2016-07-29,53.34999847,,,,17.14999962
2016-08-01,52.90000153,,,,17.17000008
2016-08-02,52.65000153,,,,17.07999992
2016-08-03,52.84999847,,,,17.25
2016-08-04,53.20000076,,,,17.29999924
2016-08-05,53.5,,,,17.29000092
2016-08-08,53.84999847,,,,17.29000092
2016-08-09,54.09999847,,,,17.38999939
2016-08-10,53.95000076,,,,17.39999962
2016-08-11,54.40000153,,,,17.42000008
2016-08-12,54.29999924,,,,17.46999931
2016-08-15,54.54999924,,,,17.5
2016-08-16,54.40000153,,,,17.5
2016-08-17,54.20000076,,,,17.52000046
2016-08-18,54.75,,,,17.65999985
2016-08-19,54.5,,,,17.64999962
2016-08-22,54.54999924,,,,17.70999908
2016-08-23,54.54999924,,,,17.75
2016-08-24,54.5,,,,17.77000046
2016-08-25,54.25,,,,17.70999908
2016-08-26,54,,,,17.79999924
2016-08-29,54.40000153,,,,17.96999931
2016-08-30,54.40000153,,,,18.10000038
2016-08-31,54.34999847,,,,18.02000046
2016-09-01,54.79999924,,,,17.97999954
2016-09-02,55,,,,18.06999969
2016-09-06,55.54999924,,,,18.06999969
2016-09-07,55.54999924,,,,18.06999969
2016-09-08,55.70000076,,,,18.04000092
2016-09-09,54.70000076,,,,17.70999908
2016-09-12,54.95000076,,,,17.61000061
2016-09-13,54.45000076,,,,17.38999939
2016-09-14,54.34999847,,,,17.37000084
2016-09-15,55,,,,17.54000092
2016-09-16,53.5,,,,17.48999977
2016-09-19,53.70000076,,,,17.56999969
2016-09-20,53.79999924,,,,17.65999985
2016-09-21,54.40000153,,,,17.69000053
2016-09-22,54.65000153,,,,17.75
2016-09-23,54.20000076,,,,17.76000023
2016-09-26,53.75,,,,17.69000053
2016-09-27,53.70000076,,,,17.72999954
2016-09-28,54.09999847,,,,17.78000069
2016-09-29,54,,,,17.78000069
2016-09-30,54.25,,,,17.79999924
2016-10-03,54.34999847,,,,17.45000076
2016-10-04,54.15000153,,,,17.43000031
2016-10-05,54.54999924,,,,17.5
2016-10-06,54.15000153,,,,17.40999985
2016-10-07,53.79999924,,,,17.37000084
2016-10-10,54,,,,17.39999962
2016-10-11,53.29999924,,,,17.35000038
2016-10-12,53.25,,,,17.36000061
2016-10-13,52.65000153,,,,17.38999939
2016-10-14,52.34999847,,,,17.22999954
2016-10-17,52.15000153,,,,17.13999939
2016-10-18,52.59999847,,,,17.19000053
2016-10-19,52.90000153,,,,17.29000092
2016-10-20,52.75,,,,17.20000076
2016-10-21,52.90000153,,,,17.27000046
2016-10-24,53.40000153,,,,17.42000008
2016-10-25,53.5,,,,17.47999954
2016-10-26,53.25,,,,17.37000084
2016-10-27,53.09999847,,,,17.32999992
2016-10-28,53.20000076,,,,17.34000015
2016-10-31,52.95000076,,,,17.22999954
2016-11-01,52.65000153,,,,17.02000046
2016-11-02,52.34999847,,,,16.85000038
2016-11-03,52.25,,,,16.64999962
2016-11-04,51.90000153,,,,16.62999916
2016-11-07,52.65000153,,,,16.80999947
2016-11-08,52.84999847,,,,16.88999939
2016-11-09,52.90000153,,,,17.14999962
2016-11-10,53.29999924,,,,17.36000061
2016-11-11,53.25,,,,17.45999908
2016-11-14,53.04999924,,,,17.40999985
2016-11-15,53.54999924,,,,17.45000076
2016-11-16,53.34999847,,,,17.44000053
2016-11-17,53.95000076,,,,17.55999947
2016-11-18,54.20000076,,,,17.69000053
2016-11-21,54.29999924,,,,17.71999931
2016-11-22,54.5,,,,17.70000076
2016-11-23,54.34999847,,,,17.72999954
2016-11-25,55.04999924,,,,18
2016-11-28,54.59999847,,,,17.87999916
2016-11-29,54.65000153,,,,17.92000008
2016-11-30,54.59999847,,,,17.87000084
2016-12-01,54.95000076,,,,17.87999916
2016-12-02,55,,,,17.79000092
2016-12-05,55.59999847,,,,17.89999962
2016-12-06,55.79999924,,,,17.94000053
2016-12-07,56.54999924,,,,18
2016-12-08,56.65000153,,,,18.12999916
2016-12-09,56.79999924,,,,18.21999931
2016-12-12,56.54999924,,,,18.20999908
2016-12-13,56.84999847,,,,18.18000031
2016-12-14,55.79999924,,,,18.04999924
2016-12-15,55.79999924,,,,17.95000076
2016-12-16,55.29999924,,,,18.06999969
2016-12-19,55.34999847,,,,18.15999985
2016-12-20,55.59999847,,,,18.23999977
2016-12-21,55.45000076,,,,18.30999947
2016-12-22,55.25,,,,18.29000092
2016-12-23,55.25,,,,18.27000046
2016-12-27,55.34999847,,,,18.34000015
2016-12-28,55,,,,17.87000084
2016-12-29,55.25,,,,18.04999924
2016-12-30,55.54999924,,,,18.01000023
2017-01-03,55.70000076,,,,18.14999962
2017-01-04,56.75,,,,18.46999931
2017-01-05,57.15000153,,,,18.43000031
2017-01-06,57.09999847,,,,18.42000008
2017-01-09,56.90000153,,,,18.30999947
2017-01-10,56.70000076,,,,18.32999992
2017-01-11,56.95000076,,,,18.40999985
2017-01-12,57,,,,18.31999969
2017-01-13,57.09999847,,,,18.39999962
2017-01-17,56.95000076,,,,18.39999962
2017-01-18,56.79999924,,,,18.40999985
2017-01-19,56.65000153,,,,18.29000092
2017-01-20,56.95000076,,,,18.32999992
2017-01-23,57.09999847,,,,18.36000061
2017-01-24,57.45000076,,,,18.39999962
2017-01-25,57.95000076,,,,18.44000053
2017-01-26,58.09999847,,,,18.40999985
2017-01-27,57.95000076,,,,18.42000008
2017-01-30,57.5,,,,18.34000015
2017-01-31,57.70000076,,,,18.19000053
2017-02-01,58.04999924,,,,18.38999939
2017-02-02,57.95000076,,,,18.35000038
2017-02-03,58.29999924,,,,18.59000015
2017-02-06,58.20000076,,,,18.72999954
2017-02-07,58.40000153,,,,18.71999931
2017-02-08,58.65000153,,,,18.72999954
2017-02-09,58.65000153,,,,18.68000031
2017-02-10,58.75,,,,18.81999969
2017-02-13,59.04999924,,,,18.89999962
2017-02-14,59.25,,,,19.01000023
2017-02-15,59.54999924,,,,19.10000038
2017-02-16,59.40000153,,,,19.02000046
2017-02-17,59.04999924,,,,19.12999916
2017-02-21,59.15000153,,,,19.14999962
2017-02-22,59,,,,19.19000053
2017-02-23,58.90000153,,,,19.21999931
2017-02-24,58.40000153,,,,19.20000076
2017-02-27,58.29999924,,,,19.15999985
2017-02-28,58.04999924,,,,19.07999992
2017-03-01,58.65000153,,,,19.14999962
2017-03-02,58.29999924,,,,19.02000046
2017-03-03,58.54999924,,,,18.96999931
2017-03-06,58.45000076,,,,18.90999985
2017-03-07,58.54999924,,,,18.92000008
2017-03-08,58.34999847,,,,18.81999969
2017-03-09,58.34999847,,,,18.62000084
2017-03-10,58.79999924,,,,18.79999924
2017-03-13,59.20000076,,,,18.86000061
2017-03-14,58.70000076,,,,18.79000092
2017-03-15,59.34999847,,,,18.90999985
2017-03-16,59.59999847,,,,18.90999985
2017-03-17,59.20000076,,,,19.09000015
2017-03-20,59.34999847,,,,19.15999985
2017-03-21,58.70000076,,,,18.85000038
2017-03-22,58.45000076,,,,18.79000092
2017-03-23,58.70000076,,,,18.86000061
2017-03-24,58.59999847,,,,18.90999985
2017-03-27,58.45000076,,,,18.92000008
2017-03-28,58.34999847,,,,19.02000046
2017-03-29,57.95000076,,,,19.12999916
2017-03-30,58.29999924,,,,19.21999931
2017-03-31,58.45000076,,,,19.27000046
2017-04-03,58.15000153,,,,18.93000031
2017-04-04,58.45000076,,,,18.92000008
2017-04-05,57.84999847,,,,18.79000092
2017-04-06,58.15000153,,,,18.92000008
2017-04-07,58.09999847,,,,18.87999916
2017-04-10,58.29999924,,,,18.87999916
2017-04-11,58.5,,,,18.90999985
2017-04-12,58.45000076,,,,18.93000031
2017-04-13,58.20000076,,,,18.80999947
2017-04-17,58.75,,,,18.93000031
2017-04-18,58.5,,,,18.95000076
2017-04-19,58.45000076,,,,18.90999985
2017-04-20,59.04999924,,,,18.90999985
2017-04-21,59,,,,19.03000069
2017-04-24,60.04999924,,,,19.07999992
2017-04-25,60.65000153,,,,19.12000084
2017-04-26,60.95000076,,,,19.18000031
2017-04-27,61.40000153,,,,19.17000008
2017-04-28,61.40000153,,,,19.15999985
2017-05-01,61.54999924,,,,19.17000008
2017-05-02,62.29999924,,,,19.21999931
2017-05-03,61.79999924,,,,18.87999916
2017-05-04,61.84999847,,,,18.55999947
2017-05-05,62.29999924,,,,18.64999962
2017-05-08,61.90000153,,,,18.54000092
2017-05-09,62,,,,18.39999962
2017-05-10,62.04999924,,,,18.13999939
2017-05-11,61.95000076,,,,18.14999962
2017-05-12,61.95000076,,,,18.03000069
2017-05-15,62.25,,,,18.20000076
2017-05-16,62.54999924,,,,18.23999977
2017-05-17,61.34999847,,,,18.10000038
2017-05-18,61.25,,,,18.09000015
2017-05-19,61.84999847,,,,18.02000046
2017-05-22,62.40000153,,,,18.15999985
2017-05-23,62.59999847,,,,18.29999924
2017-05-24,62.84999847,,,,18.31999969
2017-05-25,63.20000076,,,,18.27000046
2017-05-26,63,,,,18.29000092
2017-05-30,63.15000153,,,,18.11000061
2017-05-31,63,,,,18
2017-06-01,63.90000153,,,,18.23999977
2017-06-02,64.05000305,,,,18.20000076
2017-06-05,63.79999924,,,,18.18000031
2017-06-06,63.5,,,,18.09000015
2017-06-07,63.75,,,,18.07999992
2017-06-08,63.5,,,,18.09000015
2017-06-09,63.34999847,,,,18.15999985
2017-06-12,63.04999924,,,,18.22999954
2017-06-13,63.54999924,,,,18.22999954
2017-06-14,63.54999924,,,,18.14999962
2017-06-15,62.95000076,,,,18.15999985
2017-06-16,61.95000076,,,,18.18000031
2017-06-19,62.20000076,,,,18.22999954
2017-06-20,61.70000076,,,,18.09000015
2017-06-21,61.54999924,,,,18.09000015
2017-06-22,61.59999847,,,,18.05999947
2017-06-23,61.84999847,,,,18.20999908
2017-06-26,61.79999924,,,,18.29999924
2017-06-27,61.70000076,,,,18.20000076
2017-06-28,62.29999924,,,,18.20000076
2017-06-29,62.15000153,,,,18.31999969
2017-06-30,62.34999847,,,,18.36000061
2017-07-03,62.40000153,,,,18.04999924
2017-07-05,62.25,,,,18.03000069
2017-07-06,61.79999924,,,,18
2017-07-07,62.15000153,,,,17.95000076
2017-07-10,62.34999847,,,,18.02000046
2017-07-11,62.34999847,,,,17.95999908
2017-07-12,62.70000076,,,,18.01000023
2017-07-13,63,,,,18.01000023
2017-07-14,63.5,,,,18.06999969
2017-07-17,63.54999924,,,,18.12000084
2017-07-18,63.34999847,,,,18.13999939
2017-07-19,63.59999847,,,,18.10000038
2017-07-20,63.59999847,,,,18.11000061
2017-07-21,63.79999924,,,,18.13999939
2017-07-24,63.65000153,,,,18.05999947
2017-07-25,63.79999924,,,,18.12999916
2017-07-26,64,,,,18.13999939
2017-07-27,63.79999924,,,,18.15999985
2017-07-28,64,,,,18.13999939
2017-07-31,64.25,,,,18.10000038
2017-08-01,64.44999695,,,,18.10000038
2017-08-02,64.75,,,,18.11000061
2017-08-03,64.65000153,,,,18
2017-08-04,64.69999695,,,,17.96999931
2017-08-07,64.65000153,,,,18.02000046
2017-08-08,64.30000305,,,,17.95000076
2017-08-09,64.15000153,,,,17.94000053
2017-08-10,62.90000153,,,,17.75
2017-08-11,62.59999847,,,,17.63999939
2017-08-14,63.15000153,,,,17.82999992
2017-08-15,63.04999924,,,,17.82999992
2017-08-16,63.20000076,,,,17.70000076
2017-08-17,62.40000153,,,,17.48999977
2017-08-18,62.25,,,,17.36000061
2017-08-21,62.34999847,,,,17.25
2017-08-22,62.59999847,,,,17.37999916
2017-08-23,62.40000153,,,,17.45000076
2017-08-24,62.29999924,,,,17.43000031
2017-08-25,62.65000153,,,,17.39999962
2017-08-28,62.70000076,,,,17.36000061
2017-08-29,62.29999924,,,,17.32999992
2017-08-30,62.45000076,,,,17.29999924
2017-08-31,62.79999924,,,,17.14999962
2017-09-01,63,,,,17.36000061
2017-09-05,62.15000153,,,,17.20000076
2017-09-06,62.20000076,,,,17.14999962
2017-09-07,62.25,,,,17.15999985
2017-09-08,62.34999847,,,,17.17000008
2017-09-11,63.15000153,,,,17.21999931
2017-09-12,63.59999847,,,,17.13999939
2017-09-13,63.29999924,,,,17.22999954
2017-09-14,63.75,,,,17.27000046
2017-09-15,64.15000153,,,,17.27000046
2017-09-18,62.25,,,,17.23999977
2017-09-19,62.70000076,,,,17.30999947
2017-09-20,62.90000153,,,,17.39999962
2017-09-21,62.84999847,,,,17.32999992
2017-09-22,63.09999847,,,,17.43000031
2017-09-25,62.75,,,,17.40999985
2017-09-26,62.34999847,,,,17.46999931
2017-09-27,62.5,,,,17.5
2017-09-28,62.90000153,,,,17.70999908
2017-09-29,63.34999847,,,,17.86000061
2017-10-02,63.45000076,,,,17.57999992
2017-10-03,63.54999924,,,,17.5
2017-10-04,63.79999924,,,,17.62999916
2017-10-05,63.84999847,,,,17.62999916
2017-10-06,64.05000305,,,,17.54000092
2017-10-09,64,,,,17.5
2017-10-10,64.25,,,,17.5
2017-10-11,64.5,,,,17.42000008
2017-10-12,64.59999847,,,,17.38999939
2017-10-13,64.65000153,,,,17.36000061
2017-10-16,64.80000305,,,,17.36000061
2017-10-17,64.40000153,,,,17.23999977
2017-10-18,64.69999695,,,,17.25
2017-10-19,64.25,,,,17.29999924
2017-10-20,64.5,,,,17.36000061
2017-10-23,64.19999695,,,,17.32999992
2017-10-24,64,,,,17.35000038
2017-10-25,64.09999847,,,,17.10000038
2017-10-26,63.79999924,,,,17.02000046
2017-10-27,63.95000076,,,,17.07999992
2017-10-30,63.84999847,,,,17.02000046
2017-10-31,64.09999847,,,,17
2017-11-01,63.79999924,,,,16.87999916
2017-11-02,63.40000153,,,,16.55999947
2017-11-03,63.90000153,,,,16.82999992
2017-11-06,63.84999847,,,,16.85000038
2017-11-07,63.5,,,,16.97999954
2017-11-08,63.59999847,,,,17.12999916
2017-11-09,62.79999924,,,,16.89999962
2017-11-10,62.65000153,,,,17.02000046
2017-11-13,61.70000076,,,,17.03000069
2017-11-14,62.04999924,,,,17.09000015
2017-11-15,61.59999847,,,,17.05999947
2017-11-16,62.20000076,,,,17.12999916
2017-11-17,62.20000076,,,,17.29999924
2017-11-20,62.40000153,,,,17.35000038
2017-11-21,62.59999847,,,,17.26000023
2017-11-22,63,,,,17.28000069
2017-11-24,63.15000153,,,,17.30999947
2017-11-27,62.75,,,,17.20000076
2017-11-28,62.90000153,,,,17.20999908
2017-11-29,62.70000076,,,,17.22999954
2017-11-30,62.59999847,,,,17.12999916
2017-12-01,62.45000076,,,,17.11000061
2017-12-04,62.40000153,,,,17.05999947
2017-12-05,61.79999924,,,,17.01000023
2017-12-06,61.59999847,,,,17.05999947
2017-12-07,61.90000153,,,,17.05999947
2017-12-08,62.34999847,,,,17.13999939
2017-12-11,62.45000076,,,,17.15999985
2017-12-12,62.34999847,,,,17.10000038
2017-12-13,62.59999847,,,,17.04000092
2017-12-14,62.54999924,,,,17.01000023
2017-12-15,62.29999924,,,,17.03000069
2017-12-18,61.34999847,,,,17.06999969
2017-12-19,61.25,,,,16.95999908
2017-12-20,61.40000153,,,,16.96999931
2017-12-21,62.15000153,,,,17.10000038
2017-12-22,62,,,,17.11000061
2017-12-26,61.90000153,,,,17.05999947
2017-12-27,62.25,,,,16.65999985
2017-12-28,62.20000076,,,,16.64999962
2017-12-29,62.25,,,,16.60000038
2018-01-02,63.09999847,,,,16.71999931
2018-01-03,63.34999847,,,,16.68000031
2018-01-04,63.79999924,,,,16.61000061
2018-01-05,64.19999695,,,,16.62000084
2018-01-08,64.30000305,,,,16.72999954
2018-01-09,64.34999847,,,,16.54000092
2018-01-10,64.25,,,,16.47999954
2018-01-11,64.69999695,,,,16.56999969
2018-01-12,65.55000305,,,,16.70999908
2018-01-16,65.40000153,,,,16.64999962
2018-01-17,65.65000153,,,,16.64999962
2018-01-18,65.44999695,,,,16.62000084
2018-01-19,65.75,,,,16.68000031
2018-01-22,66.34999847,,,,16.73999977
2018-01-23,66.69999695,,,,16.79999924
2018-01-24,67.25,,,,16.79999924
2018-01-25,67.09999847,,,,16.72999954
2018-01-26,67.59999847,,,,16.75
2018-01-29,66.94999695,,,,16.64999962
2018-01-30,66.44999695,,,,16.51000023
2018-01-31,66.65000153,,,,16.35000038
2018-02-01,67.09999847,,,,16.45000076
2018-02-02,65.65000153,,,,16.22999954
2018-02-05,62.54999924,,,,15.73999977
2018-02-06,63.15000153,,,,15.90999985
2018-02-07,63.29999924,,,,16.01000023
2018-02-08,61.34999847,,,,15.92000008
2018-02-09,61.25,,,,15.86999989
2018-02-12,62.04999924,,,,15.97999954
2018-02-13,62.45000076,,,,16.18000031
2018-02-14,63.59999847,,,,16.17000008
2018-02-15,63.75,,,,16.05999947
2018-02-16,63.79999924,,,,16.21999931
2018-02-20,63.45000076,,,,16.06999969
2018-02-21,63.5,,,,16
2018-02-22,63.70000076,,,,15.93000031
2018-02-23,64.05000305,,,,15.94999981
2018-02-26,64.40000153,,,,16.02000046
2018-02-27,63.5,,,,15.90999985
2018-02-28,63,,,,15.77999973
2018-03-01,62.40000153,,,,15.77000046
2018-03-02,62.34999847,,,,15.82999992
2018-03-05,62.95000076,,,,16.06999969
2018-03-06,63.29999924,,,,16.17000008
2018-03-07,63.29999924,,,,16.10000038
2018-03-08,63.34999847,,,,16.17000008
2018-03-09,64.15000153,,,,16.17000008
2018-03-12,64,,,,16.22999954
2018-03-13,63.40000153,,,,16.27000046
2018-03-14,63.54999924,,,,16.20999908
2018-03-15,63.40000153,,,,16.03000069
2018-03-16,63.34999847,,,,16.12999916
2018-03-19,61.54999924,,,,16.11000061
2018-03-20,61.79999924,,,,16.04999924
2018-03-21,61.79999924,,,,16.04999924
2018-03-22,60.59999847,,,,16.37999916
2018-03-23,59.65000153,,,,16.10000038
2018-03-26,60.70000076,,,,16.18000031
2018-03-27,59.95000076,,,,16.09000015
2018-03-28,59.95000076,,,,16.12999916
2018-03-29,60.20000076,,,,16.26000023
2018-04-02,59.54999924,,,,15.84000015
2018-04-03,59.79999924,,,,15.89000034
2018-04-04,59.65000153,,,,16.02000046
2018-04-05,60.20000076,,,,16.14999962
2018-04-06,59.70000076,,,,16.04000092
2018-04-09,60.09999847,,,,16.03000069
2018-04-10,60.84999847,,,,15.98999977
2018-04-11,60.84999847,,,,16.03000069
2018-04-12,61.20000076,,,,16.02000046
2018-04-13,60.90000153,,,,15.97000027
2018-04-16,61.15000153,,,,15.97000027
2018-04-17,61.65000153,,,,16.05999947
2018-04-18,61.75,,,,16.07999992
2018-04-19,61.54999924,,,,16.06999969
2018-04-20,61.34999847,,,,16.01000023
2018-04-23,61.20000076,,,,15.97000027
2018-04-24,60.75,,,,15.97000027
2018-04-25,60.29999924,,,,15.93000031
2018-04-26,60.79999924,,,,15.97000027
2018-04-27,61.04999924,,,,16.05999947
2018-04-30,61,,,,16.09000015
2018-05-01,60.5,,,,16.03000069
2018-05-02,60.40000153,,,,16.04999924
2018-05-03,60.54999924,,,,16.09000015
2018-05-04,61,,,,16.19000053
2018-05-07,61.25,,,,16.34000015
2018-05-08,61.15000153,,,,16.38999939
2018-05-09,61.40000153,,,,16.39999962
2018-05-10,61.5,,,,16.5
2018-05-11,61.75,,,,16.53000069
2018-05-14,61.5,,,,16.56999969
2018-05-15,61.25,,,,16.51000023
2018-05-16,61.54999924,,,,16.55999947
2018-05-17,61.70000076,,,,16.55999947
2018-05-18,61.59999847,,,,16.67000008
2018-05-21,62.20000076,,,,16.69000053
2018-05-22,62.34999847,,,,16.71999931
2018-05-23,61.84999847,,,,16.73999977
2018-05-24,61.54999924,,,,16.71999931
2018-05-25,61.29999924,,,,16.75
2018-05-29,60,,,,16.70000076
2018-05-30,60.70000076,,,,16.76000023
2018-05-31,60.59999847,,,,16.75
2018-06-01,61.29999924,,,,16.79000092
2018-06-04,61.5,,,,16.85000038
2018-06-05,61.45000076,,,,16.78000069
2018-06-06,61.90000153,,,,16.87999916
2018-06-07,61.84999847,,,,16.92000008
2018-06-08,61.79999924,,,,16.95000076
2018-06-11,62.09999847,,,,16.89999962
2018-06-12,61.95000076,,,,16.78000069
2018-06-13,62.15000153,,,,16.80999947
2018-06-14,62.34999847,,,,16.92000008
2018-06-15,62.15000153,,,,16.87999916
2018-06-18,61.40000153,,,,16.87999916
2018-06-19,60.90000153,,,,16.87999916
2018-06-20,60.90000153,,,,16.88999939
2018-06-21,60.75,,,,16.81999969
2018-06-22,60.90000153,,,,16.72999954
2018-06-25,60,,,,16.67000008
2018-06-26,59.90000153,,,,16.73999977
2018-06-27,59.29999924,,,,16.68000031
2018-06-28,59.09999847,,,,16.62999916
2018-06-29,59.90000153,,,,16.63999939
2018-07-02,60,,,,16.40999985
2018-07-03,60.45000076,,,,16.52000046
2018-07-05,60.95000076,,,,16.54000092
2018-07-06,61.45000076,,,,16.57999992
2018-07-09,61.95000076,,,,16.62000084
2018-07-10,61.75,,,,16.63999939
2018-07-11,61.20000076,,,,16.63999939
2018-07-12,61.75,,,,16.60000038
2018-07-13,61.84999847,,,,16.61000061
2018-07-16,62.04999924,,,,16.64999962
2018-07-17,62.29999924,,,,16.81999969
2018-07-18,62.75,,,,17.05999947
2018-07-19,62.25,,,,17
2018-07-20,62.5,,,,16.93000031
2018-07-23,62.15000153,,,,16.90999985
2018-07-24,62.34999847,,,,16.95999908
2018-07-25,63,,,,17.03000069
2018-07-26,62.29999924,,,,16.97999954
2018-07-27,62.45000076,,,,17
2018-07-30,62.29999924,,,,17.02000046
2018-07-31,62.29999924,,,,17.04000092
2018-08-01,62.20000076,,,,17.13999939
2018-08-02,61.75,,,,17.12000084
2018-08-03,62,,,,17.22999954
2018-08-06,62.09999847,,,,17.23999977
2018-08-07,62.29999924,,,,17.30999947
2018-08-08,62.84999847,,,,17.29000092
2018-08-09,62.84999847,,,,17.29000092
2018-08-10,62,,,,17.12000084
2018-08-13,61.65000153,,,,17.11000061
2018-08-14,61.79999924,,,,17.14999962
2018-08-15,60.75,,,,17.11000061
2018-08-16,61.04999924,,,,17.20000076
2018-08-17,61.59999847,,,,17.14999962
2018-08-20,61.95000076,,,,17.17000008
2018-08-21,62.40000153,,,,17.27000046
2018-08-22,62.75,,,,17.22999954
2018-08-23,62.5,,,,17.22999954
2018-08-24,63.15000153,,,,17.22999954
2018-08-27,63.70000076,,,,17.29999924
2018-08-28,63.59999847,,,,17.20000076
2018-08-29,63.65000153,,,,17.35000038
2018-08-30,62.95000076,,,,17.39999962
2018-08-31,62.75,,,,17.34000015
2018-09-04,62.09999847,,,,17.32999992
2018-09-05,61.45000076,,,,17.28000069
2018-09-06,61.45000076,,,,17.30999947
2018-09-07,61.25,,,,17.14999962
2018-09-10,61.65000153,,,,17.17000008
2018-09-11,61.95000076,,,,17.17000008
2018-09-12,62.45000076,,,,17.14999962
2018-09-13,63.04999924,,,,17.23999977
2018-09-14,63.20000076,,,,17.19000053
2018-09-17,63.25,,,,17.20000076
2018-09-18,63.54999924,,,,17.21999931
2018-09-19,63.54999924,,,,17.14999962
2018-09-20,64.25,,,,17.23999977
2018-09-21,64.40000153,,,,17.26000023
2018-09-24,62.84999847,,,,17.20000076
2018-09-25,62.54999924,,,,17.15999985
2018-09-26,62.5,,,,17.17000008
2018-09-27,62.09999847,,,,17.13999939
2018-09-28,61.5,,,,17.07999992
2018-10-01,61.70000076,,,,16.70999908
2018-10-02,61.25,,,,16.63999939
2018-10-03,61.45000076,,,,16.69000053
2018-10-04,60.45000076,,,,16.46999931
2018-10-05,60,,,,16.44000053
2018-10-08,59.20000076,,,,16.25
2018-10-09,58.90000153,,,,16.39999962
2018-10-10,57.04999924,,,,16.19000053
2018-10-11,56.34999847,,,,16.01000023
2018-10-12,56.90000153,,,,16.01000023
2018-10-15,56.65000153,,,,16.06999969
2018-10-16,57.79999924,,,,16.15999985
2018-10-17,57.34999847,,,,16.13999939
2018-10-18,56.29999924,,,,16
2018-10-19,56.09999847,,,,15.97999954
2018-10-22,56.20000076,,,,15.85999966
2018-10-23,55.40000153,,,,15.73999977
2018-10-24,53.70000076,,,,15.56000042
2018-10-25,54.5,,,,15.59000015
2018-10-26,54.15000153,,,,15.52000046
2018-10-29,53.5,,,,15.57999992
2018-10-30,54.40000153,,,,15.68000031
2018-10-31,55.25,,,,15.98999977
2018-11-01,56.40000153,,,,16.18000031
2018-11-02,56.29999924,,,,16.04999924
2018-11-05,56.25,,,,16.26000023
2018-11-06,56.29999924,,,,16.44000053
2018-11-07,57.09999847,,,,16.46999931
2018-11-08,56.5,,,,16.44000053
2018-11-09,56,,,,16.46999931
2018-11-12,54.65000153,,,,16.18000031
2018-11-13,55,,,,16.22999954
2018-11-14,55.04999924,,,,16.14999962
2018-11-15,54.90000153,,,,16.12999916
2018-11-16,54.79999924,,,,16.12000084
2018-11-19,53.95000076,,,,16.15999985
2018-11-20,53,,,,15.81999969
2018-11-21,54.09999847,,,,15.93000031
2018-11-23,54.25,,,,15.97000027
2018-11-26,54.79999924,,,,15.97000027
2018-11-27,54.40000153,,,,16.01000023
2018-11-28,55.34999847,,,,16.13999939
2018-11-29,55.09999847,,,,16.14999962
2018-11-30,54.65000153,,,,16.05999947
2018-12-03,55.59999847,,,,16.23999977
2018-12-04,53.79999924,,,,16
2018-12-06,53.20000076,,,,15.85000038
2018-12-07,52.40000153,,,,15.77000046
2018-12-10,51.79999924,,,,15.61999989
2018-12-11,51.75,,,,15.63000011
2018-12-12,52.59999847,,,,15.63000011
2018-12-13,52.29999924,,,,15.56000042
2018-12-14,51.45000076,,,,15.35999966
2018-12-17,50.20000076,,,,14.67000008
2018-12-18,50.45000076,,,,14.76000023
2018-12-19,49.75,,,,14.71000004
2018-12-20,49.25,,,,14.15999985
2018-12-21,48.95000076,,,,14.25
2018-12-24,48.59999847,,,,14.25
2018-12-26,50,,,,14.64999962
2018-12-27,50.04999924,,,,14.27999973
2018-12-28,50.29999924,,,,14.40999985
2018-12-31,50.04999924,,,,14.03999996
2019-01-02,50.04999924,,,,14.46000004
2019-01-03,49.20000076,,,,14.42000008
2019-01-04,51.15000153,,,,14.81999969
2019-01-07,51.90000153,,,,15.17000008
2019-01-08,52.5,,,,15.35999966
2019-01-09,53.15000153,,,,15.30000019
2019-01-10,53.34999847,,,,15.35999966
2019-01-11,53.20000076,,,,15.42000008
2019-01-14,52.59999847,,,,15.39999962
2019-01-15,53.09999847,,,,15.43999958
2019-01-16,53.59999847,,,,15.55000019
2019-01-17,53.75,,,,15.52000046
2019-01-18,54.29999924,,,,15.59000015
2019-01-22,53.79999924,,,,15.47999954
2019-01-23,53.95000076,,,,15.5
2019-01-24,54.09999847,,,,15.60999966
2019-01-25,54.54999924,,,,15.76000023
2019-01-28,54.40000153,,,,15.72999954
2019-01-29,54.45000076,,,,15.69999981
2019-01-30,55,,,,15.88000011
2019-01-31,55.54999924,,,,15.94999981
2019-02-01,55.70000076,,,,15.93999958
2019-02-04,55.90000153,,,,16.07999992
2019-02-05,56.25,,,,16.18000031
2019-02-06,56.15000153,,,,16.13999939
2019-02-07,55.75,,,,15.93999958
2019-02-08,55.54999924,,,,15.90999985
2019-02-11,55.45000076,,,,15.97000027
2019-02-12,55.95000076,,,,16.06999969
2019-02-13,56.09999847,,,,16.12999916
2019-02-14,55.84999847,,,,16.14999962
2019-02-15,56.34999847,,,,16.18000031
2019-02-19,56.79999924,,,,16.28000069
2019-02-20,56.90000153,,,,16.42000008
2019-02-21,56.59999847,,,,16.48999977
2019-02-22,57,,,,16.72999954
2019-02-25,57.15000153,,,,16.69000053
2019-02-26,57.34999847,,,,16.62000084
2019-02-27,57.04999924,,,,16.52000046
2019-02-28,57.09999847,,,,16.45000076
2019-03-01,57.25,,,,16.34000015
2019-03-04,57.34999847,,,,16.38999939
2019-03-05,57.04999924,,,,16.27000046
2019-03-06,56.95000076,,,,16.21999931
2019-03-07,55.95000076,,,,16.20000076
2019-03-08,55.75,,,,16.21999931
2019-03-11,56.34999847,,,,16.37000084
2019-03-12,56.59999847,,,,16.29000092
2019-03-13,56.90000153,,,,16.34000015
2019-03-14,57,,,,16.39999962
2019-03-15,57.54999924,,,,16.38999939
2019-03-18,57.90000153,,,,16.48999977
2019-03-19,57.79999924,,,,16.37000084
2019-03-20,58,,,,16.34000015
2019-03-21,58,,,,16.37000084
2019-03-22,57,,,,16.23999977
2019-03-25,56.45000076,,,,16.20999908
2019-03-26,56.75,,,,16.30999947
2019-03-27,57,,,,16.34000015
2019-03-28,57,,,,16.42000008
2019-03-29,57.25,,,,16.36000061
2019-04-01,58,,,,16.12999916
2019-04-02,58,,,,16.14999962
2019-04-03,58.54999924,,,,16.13999939
2019-04-04,58.34999847,,,,16.17000008
2019-04-05,58.65000153,,,,16.23999977
2019-04-08,58.59999847,,,,16.23999977
2019-04-09,58.09999847,,,,16.12999916
2019-04-10,58.65000153,,,,16.18000031
2019-04-11,58.54999924,,,,16.20999908
2019-04-12,59.04999924,,,,16.23999977
2019-04-15,59.09999847,,,,16.17000008
2019-04-16,59.34999847,,,,16.29999924
2019-04-17,59.40000153,,,,16.23999977
2019-04-18,59.84999847,,,,16.21999931
2019-04-22,59.65000153,,,,16.21999931
2019-04-23,60,,,,16.29999924
2019-04-24,60.09999847,,,,16.32999992
2019-04-25,59.84999847,,,,16.30999947
2019-04-26,60.25,,,,16.45000076
2019-04-29,60.59999847,,,,16.5
2019-04-30,60.5,,,,16.56999969
2019-05-01,60.20000076,,,,16.45000076
2019-05-02,60.20000076,,,,16.48999977
2019-05-03,61,,,,16.62000084
2019-05-06,60.45000076,,,,16.63999939
2019-05-07,59.5,,,,16.54000092
2019-05-08,59.84999847,,,,16.55999947
2019-05-09,59.59999847,,,,16.46999931
2019-05-10,59.84999847,,,,16.48999977
2019-05-13,58.5,,,,16.28000069
2019-05-14,59.04999924,,,,16.39999962
2019-05-15,59.20000076,,,,16.31999969
2019-05-16,59.65000153,,,,16.44000053
2019-05-17,59.45000076,,,,16.45000076
2019-05-20,59.25,,,,16.51000023
2019-05-21,59.40000153,,,,16.53000069
2019-05-22,59.25,,,,16.51000023
2019-05-23,58.20000076,,,,16.42000008
2019-05-24,58.45000076,,,,16.45000076
2019-05-28,57.95000076,,,,16.38999939
2019-05-29,57.75,,,,16.32999992
2019-05-30,58.04999924,,,,16.27000046
2019-05-31,57.25,,,,16.01000023
2019-06-03,57.15000153,,,,16.06999969
2019-06-04,58.09999847,,,,16.25
2019-06-05,58.29999924,,,,16.21999931
2019-06-06,58.25,,,,16.28000069
2019-06-07,58.90000153,,,,16.36000061
2019-06-10,59.15000153,,,,16.46999931
2019-06-11,59.45000076,,,,16.45999908
2019-06-12,59.15000153,,,,16.47999954
2019-06-13,59.29999924,,,,16.54999924
2019-06-14,59,,,,16.59000015
2019-06-17,58.95000076,,,,16.57999992
2019-06-18,59.34999847,,,,16.65999985
2019-06-19,60,,,,16.75
2019-06-20,60.45000076,,,,16.60000038
2019-06-21,60.20000076,,,,16.62999916
2019-06-24,59.25,,,,16.60000038
2019-06-25,58.65000153,,,,16.46999931
2019-06-26,58.90000153,,,,16.43000031
2019-06-27,59.15000153,,,,16.46999931
2019-06-28,59.70000076,,,,16.62000084
2019-07-01,60.09999847,,,,16.22999954
2019-07-02,60.40000153,,,,16.31999969
2019-07-03,60.79999924,,,,16.39999962
2019-07-05,60.54999924,,,,16.39999962
2019-07-08,60.04999924,,,,16.37000084
2019-07-09,59.90000153,,,,16.35000038
2019-07-10,60.34999847,,,,16.42000008
2019-07-11,60.29999924,,,,16.38999939
2019-07-12,60.40000153,,,,16.42000008
2019-07-15,60.45000076,,,,16.44000053
2019-07-16,60,,,,16.40999985
2019-07-17,59.90000153,,,,16.31999969
2019-07-18,59.95000076,,,,16.34000015
2019-07-19,59.75,,,,16.30999947
2019-07-22,60.04999924,,,,16.28000069
2019-07-23,60.54999924,,,,16.30999947
2019-07-24,61.09999847,,,,16.42000008
2019-07-25,60.84999847,,,,16.37999916
2019-07-26,60.84999847,,,,16.45000076
2019-07-29,60.59999847,,,,16.38999939
2019-07-30,60.25,,,,16.54999924
2019-07-31,59.5,,,,16.42000008
2019-08-01,59,,,,16.34000015
2019-08-02,58.45000076,,,,16.36000061
2019-08-05,57,,,,15.93999958
2019-08-06,57.65000153,,,,16.11000061
2019-08-07,58.25,,,,16.04000092
2019-08-08,58.84999847,,,,16.37000084
2019-08-09,58.29999924,,,,16.21999931
2019-08-12,57.54999924,,,,16.15999985
2019-08-13,57.79999924,,,,16.25
2019-08-14,56.59999847,,,,16.03000069
2019-08-15,56.45000076,,,,16.09000015
2019-08-16,57.40000153,,,,16.40999985
2019-08-19,57.75,,,,16.51000023
2019-08-20,57.79999924,,,,16.53000069
2019-08-21,58.40000153,,,,16.54000092
2019-08-22,58.65000153,,,,16.54000092
2019-08-23,57.79999924,,,,16.39999962
2019-08-26,58.15000153,,,,16.43000031
2019-08-27,58.15000153,,,,16.37000084
2019-08-28,58.25,,,,16.35000038
2019-08-29,58.70000076,,,,16.45000076
2019-08-30,58.84999847,,,,16.45999908
2019-09-03,58.70000076,,,,16.38999939
2019-09-04,60,,,,16.47999954
2019-09-05,60.59999847,,,,16.57999992
2019-09-06,60.79999924,,,,16.56999969
2019-09-09,61,,,,16.64999962
2019-09-10,60.59999847,,,,16.72999954
2019-09-11,60.79999924,,,,16.76000023
2019-09-12,61.29999924,,,,16.79000092
2019-09-13,61.70000076,,,,16.86000061
2019-09-16,61.20000076,,,,16.88999939
2019-09-17,61.59999847,,,,16.88999939
2019-09-18,61.09999847,,,,16.88999939
2019-09-19,61.5,,,,16.88999939
2019-09-20,61.5,,,,16.98999977
2019-09-23,60.45000076,,,,16.97999954
2019-09-24,59.90000153,,,,16.87999916
2019-09-25,59.70000076,,,,16.87000084
2019-09-26,59.90000153,,,,16.96999931
2019-09-27,59.25,,,,16.90999985
2019-09-30,59.09999847,,,,16.86000061
2019-10-01,58.15000153,,,,16.26000023
2019-10-02,57.04999924,,,,15.93999958
2019-10-03,57.25,,,,15.92000008
2019-10-04,57.79999924,,,,16.05999947
2019-10-07,57.5,,,,16.15999985
2019-10-08,56.95000076,,,,16.03000069
2019-10-09,57.45000076,,,,16.07999992
2019-10-10,57.84999847,,,,16.13999939
2019-10-11,58.84999847,,,,16.17000008
2019-10-14,58.5,,,,16.12000084
2019-10-15,59.29999924,,,,16.25
2019-10-16,59.40000153,,,,16.23999977
2019-10-17,59.90000153,,,,16.28000069
2019-10-18,59.65000153,,,,16.34000015
2019-10-21,60.04999924,,,,16.38999939
2019-10-22,59.79999924,,,,16.38999939
2019-10-23,60.04999924,,,,16.37000084
2019-10-24,60.25,,,,16.36000061
2019-10-25,60.25,,,,16.31999969
2019-10-28,60.59999847,,,,16.40999985
2019-10-29,60.84999847,,,,16.40999985
2019-10-30,60.75,,,,16.40999985
2019-10-31,60.65000153,,,,16.36000061
2019-11-01,61.34999847,,,,16.47999954
2019-11-04,61.5,,,,16.5
2019-11-05,61.45000076,,,,16.46999931
2019-11-06,61.25,,,,16.54999924
2019-11-07,61.25,,,,16.45000076
2019-11-08,61.20000076,,,,16.45000076
2019-11-11,61.34999847,,,,16.45000076
2019-11-12,61.79999924,,,,16.55999947
2019-11-13,61.54999924,,,,16.54000092
2019-11-14,61.5,,,,16.54999924
2019-11-15,61.75,,,,16.54999924
2019-11-18,61.79999924,,,,16.53000069
2019-11-19,62,,,,16.61000061
2019-11-20,61.75,,,,16.57999992
2019-11-21,61.65000153,,,,16.54999924
2019-11-22,61.70000076,,,,16.51000023
2019-11-25,62.29999924,,,,16.63999939
2019-11-26,62.65000153,,,,16.64999962
2019-11-27,62.95000076,,,,16.80999947
2019-11-29,62.70000076,,,,16.87000084
2019-12-02,62.34999847,,,,16.79000092
2019-12-03,61.90000153,,,,16.73999977
2019-12-04,62.45000076,,,,16.80999947
2019-12-05,62.79999924,,,,16.81999969
2019-12-06,63,,,,16.88999939
2019-12-09,63.04999924,,,,16.92000008
2019-12-10,63.15000153,,,,16.96999931
2019-12-11,63.29999924,,,,17
2019-12-12,63.5,,,,17.05999947
2019-12-13,63.84999847,,,,17.09000015
2019-12-16,64.75,,,,17.19000053
2019-12-17,64.55000305,,,,17.26000023
2019-12-18,64.44999695,,,,17.20000076
2019-12-19,64.69999695,,,,17.20999908
2019-12-20,64.84999847,,,,17.26000023
2019-12-23,63.09999847,,,,17.12999916
2019-12-24,63.20000076,,,,17.15999985
2019-12-26,63.59999847,,,,17.17000008
2019-12-27,63.79999924,,,,17.12000084
2019-12-30,63.54999924,,,,16.71999931
2019-12-31,63.95000076,,,,16.75
2020-01-02,64.19999695,,,,16.77000046
2020-01-03,63.84999847,,,,16.75
2020-01-06,63.75,,,,16.79000092
2020-01-07,63.65000153,,,,16.78000069
2020-01-08,63.75,,,,16.79000092
2020-01-09,64.05000305,,,,16.80999947
2020-01-10,63.84999847,,,,16.79999924
2020-01-13,64.15000153,,,,16.84000015
2020-01-14,64.05000305,,,,16.87000084
2020-01-15,64.25,,,,16.93000031
2020-01-16,65,,,,17.02000046
2020-01-17,65.19999695,,,,17.04000092
2020-01-21,65.25,,,,17
2020-01-22,65.69999695,,,,17.06999969
2020-01-23,65.30000305,,,,17.03000069
2020-01-24,64.90000153,,,,16.90999985
2020-01-27,63.95000076,,,,16.84000015
2020-01-28,64.44999695,,,,16.90999985
2020-01-29,64.65000153,,,,16.87999916
2020-01-30,64.5,,,,16.88999939
2020-01-31,64.09999847,,,,16.81999969
2020-02-03,64.15000153,,,,16.81999969
2020-02-04,65.19999695,,,,16.94000053
2020-02-05,65.40000153,,,,17.02000046
2020-02-06,65.25,,,,17.05999947
2020-02-07,64.75,,,,17.07999992
2020-02-10,65.25,,,,17.02000046
2020-02-11,65.59999847,,,,17.05999947
2020-02-12,65.65000153,,,,17.04000092
2020-02-13,65.59999847,,,,17.12000084
2020-02-14,65.69999695,,,,17.10000038
2020-02-18,65.34999847,,,,17.11000061
2020-02-19,65.65000153,,,,17.03000069
2020-02-20,65.55000305,,,,17.19000053
2020-02-21,65.15000153,,,,17.07999992
2020-02-24,62.5,,,,16.80999947
2020-02-25,60.84999847,,,,16.04999924
2020-02-26,60.59999847,,,,16.17000008
2020-02-27,58.45000076,,,,15.64999962
2020-02-28,57.65000153,,,,15.09000015
2020-03-02,59.09999847,,,,15.67000008
2020-03-03,58.45000076,,,,15.57999992
2020-03-04,59.84999847,,,,15.90999985
2020-03-05,57.95000076,,,,15.69999981
2020-03-06,56.54999924,,,,15.32999992
2020-03-09,51.15000153,,,,14.05000019
2020-03-10,53.25,,,,14.13000011
2020-03-11,50.59999847,,,,13.5
2020-03-12,44.29999924,,,,11.89999962
2020-03-13,47.09999847,,,,12.38000011
2020-03-16,42.20000076,,,,11.25
2020-03-17,40.5,,,,9.930000305
2020-03-18,35.5,,,,8.119999886
2020-03-19,37.09999847,,,,9.43999958
2020-03-20,36.15000153,,,,8.840000153
2020-03-23,33.84999847,,,,7.659999847
2020-03-24,37.45000076,,,,8.609999657
2020-03-25,39.79999924,,,,9.260000229
2020-03-26,42.40000153,,,,10.35000038
2020-03-27,41.45000076,,,,10.11999989
2020-03-30,40.95000076,,,,9.590000153
2020-03-31,40.65000153,,,,9.329999924
2020-04-01,38.84999847,,,,8.270000458
2020-04-02,38.75,,,,8.020000458
2020-04-03,37.75,,,,7.639999866
2020-04-06,40.65000153,,,,8.149999619
2020-04-07,41.75,,,,8.899999619
2020-04-08,43.20000076,,,,9.590000153
2020-04-09,44.75,,,,10.52999973
2020-04-13,44.5,,,,10.47000027
2020-04-14,44.79999924,,,,10.80000019
2020-04-15,43.04999924,,,,10.15999985
2020-04-16,43.25,,,,9.93999958
2020-04-17,44.25,,,,10.14000034
2020-04-20,43.79999924,,,,9.75
2020-04-21,42.65000153,,,,9.470000267
2020-04-22,43,,,,9.43999958
2020-04-23,43.45000076,,,,9.56000042
2020-04-24,44.25,,,,10.01000023
2020-04-27,45.34999847,,,,10.52999973
2020-04-28,45.45000076,,,,10.36999989
2020-04-29,47.59999847,,,,10.97000027
2020-04-30,46.40000153,,,,10.77999973
2020-05-01,44.79999924,,,,10.27999973
2020-05-04,44.70000076,,,,10.03999996
2020-05-05,45,,,,10.30000019
2020-05-06,45.34999847,,,,10.44999981
2020-05-07,46.09999847,,,,10.72000027
2020-05-08,46.70000076,,,,10.89000034
2020-05-11,46.59999847,,,,10.85000038
2020-05-12,45.70000076,,,,10.81000042
2020-05-13,44.59999847,,,,10.42000008
2020-05-14,44.70000076,,,,10.57999992
2020-05-15,44.90000153,,,,10.75
2020-05-18,47,,,,11.07999992
2020-05-19,47,,,,11.27000046
2020-05-20,47.84999847,,,,11.42000008
2020-05-21,47.54999924,,,,11.64999962
2020-05-22,47.75,,,,11.73999977
2020-05-26,49.65000153,,,,12.22999954
2020-05-27,50.5,,,,12.39999962
2020-05-28,50.15000153,,,,12.10999966
2020-05-29,50.20000076,,,,12.02999973
2020-06-01,51.25,,,,12.27999973
2020-06-02,52.15000153,,,,12.38000011
2020-06-03,53.09999847,,,,12.68999958
2020-06-04,52.79999924,,,,12.72999954
2020-06-05,54.09999847,,,,12.75
2020-06-08,54.84999847,,,,13.43999958
2020-06-09,53.75,,,,13.23999977
2020-06-10,53.09999847,,,,12.75
2020-06-11,49.84999847,,,,11.97999954
2020-06-12,51.09999847,,,,12.52000046
2020-06-15,51.84999847,,,,12.60999966
2020-06-16,52.45000076,,,,12.65999985
2020-06-17,52.34999847,,,,12.39999962
2020-06-18,52.29999924,,,,12.34000015
2020-06-19,51.95000076,,,,12.31000042
2020-06-22,51.65000153,,,,12.18999958
2020-06-23,51.75,,,,12.11999989
2020-06-24,50.54999924,,,,11.81000042
2020-06-25,51.5,,,,11.97000027
2020-06-26,50.5,,,,11.84000015
2020-06-29,51.20000076,,,,12
2020-06-30,51.79999924,,,,12.14999962
2020-07-01,52.04999924,,,,11.60000038
2020-07-02,51.95000076,,,,11.60999966
2020-07-06,52.84999847,,,,11.56999969
2020-07-07,51.70000076,,,,11.43000031
2020-07-08,52.54999924,,,,11.36999989
2020-07-09,52.04999924,,,,11.02999973
2020-07-10,52.65000153,,,,11.22000027
2020-07-13,52.20000076,,,,11.22000027
2020-07-14,52.75,,,,11.39999962
2020-07-15,53.65000153,,,,11.60999966
2020-07-16,53.25,,,,11.57999992
2020-07-17,53.34999847,,,,11.60999966
2020-07-20,53.90000153,,,,11.56000042
2020-07-21,54,,,,11.68000031
2020-07-22,54.15000153,,,,11.81999969
2020-07-23,53.95000076,,,,11.84000015
2020-07-24,53.45000076,,,,11.60999966
2020-07-27,53.70000076,,,,11.47999954
2020-07-28,53.45000076,,,,11.60000038
2020-07-29,54.09999847,,,,11.68000031
2020-07-30,53.84999847,,,,11.65999985
2020-07-31,53.45000076,,,,11.68000031
2020-08-03,54.45000076,,,,11.85999966
2020-08-04,54.84999847,,,,11.94999981
2020-08-05,55.5,,,,12.14999962
2020-08-06,55.54999924,,,,12.13000011
2020-08-07,55.70000076,,,,12.34000015
2020-08-10,56.25,,,,12.60000038
2020-08-11,55.65000153,,,,12.48999977
2020-08-12,56.45000076,,,,12.43999958
2020-08-13,56.25,,,,12.40999985
2020-08-14,56.25,,,,12.34000015
2020-08-17,56.29999924,,,,12.28999996
2020-08-18,56.40000153,,,,12.11999989
2020-08-19,56.09999847,,,,12.06000042
2020-08-20,55.79999924,,,,12.05000019
2020-08-21,55.75,,,,12.02999973
2020-08-24,56.59999847,,,,12.27999973
2020-08-25,56.40000153,,,,12.18999958
2020-08-26,56.79999924,,,,12.01000023
2020-08-27,56.70000076,,,,12.10999966
2020-08-28,56.84999847,,,,12.34000015
2020-08-31,56.65000153,,,,12.21000004
2020-09-01,56.70000076,,,,12.22000027
2020-09-02,57.25,,,,12.25
2020-09-03,55.70000076,,,,12.02000046
2020-09-04,55.59999847,,,,12
2020-09-08,54.45000076,,,,12.11999989
2020-09-09,55.40000153,,,,12.14000034
2020-09-10,54.70000076,,,,12.17000008
2020-09-11,54.84999847,,,,12.22999954
2020-09-14,55.5,,,,12.32999992
2020-09-15,55.90000153,,,,12.31000042
2020-09-16,55.95000076,,,,12.35999966
2020-09-17,55.84999847,,,,12.26000023
2020-09-18,55.5,,,,12.19999981
2020-09-21,53.40000153,,,,12.07999992
2020-09-22,53.75,,,,12.10999966
2020-09-23,52.75,,,,11.81999969
2020-09-24,52.70000076,,,,11.75
2020-09-25,53.5,,,,12.06999969
2020-09-28,54.70000076,,,,12.34000015
2020-09-29,54.29999924,,,,12.13000011
2020-09-30,54.34999847,,,,12.14999962
2020-10-01,55.20000076,,,,12.02999973
2020-10-02,55.09999847,,,,12.10999966
2020-10-05,56.15000153,,,,12.09000015
2020-10-06,55.54999924,,,,12
2020-10-07,56,,,,12.07999992
2020-10-08,56.45000076,,,,12.18000031
2020-10-09,56.90000153,,,,12.14000034
2020-10-12,56.95000076,,,,11.98999977
2020-10-13,56.54999924,,,,11.89999962
2020-10-14,56.59999847,,,,11.93999958
2020-10-15,56.29999924,,,,11.90999985
2020-10-16,56.65000153,,,,11.85000038
2020-10-19,56.25,,,,11.68000031
2020-10-20,56.70000076,,,,11.71000004
2020-10-21,56.04999924,,,,11.68000031
2020-10-22,56.5,,,,11.71000004
2020-10-23,56.84999847,,,,11.80000019
2020-10-26,55.79999924,,,,11.60000038
2020-10-27,55.40000153,,,,11.64000034
2020-10-28,53.84999847,,,,11.27999973
2020-10-29,54,,,,11.31000042
2020-10-30,53.95000076,,,,11.23999977
2020-11-02,54.75,,,,11.52000046
2020-11-03,55.90000153,,,,11.68999958
2020-11-04,57.20000076,,,,11.73999977
2020-11-05,58.79999924,,,,12.17000008
2020-11-06,58.90000153,,,,12.11999989
2020-11-09,60.34999847,,,,12.40999985
2020-11-10,60.65000153,,,,12.78999996
2020-11-11,60.65000153,,,,12.86999989
2020-11-12,59.90000153,,,,12.67000008
2020-11-13,61.09999847,,,,12.86999989
2020-11-16,61.95000076,,,,13.15999985
2020-11-17,62.09999847,,,,13.18999958
2020-11-18,62.29999924,,,,13.14000034
2020-11-19,62.75,,,,13.39000034
2020-11-20,62.5,,,,13.34000015
2020-11-23,62.75,,,,13.64000034
2020-11-24,63.90000153,,,,13.82999992
2020-11-25,64,,,,13.96000004
2020-11-27,63.79999924,,,,13.94999981
2020-11-30,62.70000076,,,,13.72999954
2020-12-01,64.30000305,,,,13.94999981
2020-12-02,64.55000305,,,,13.97000027
2020-12-03,64.90000153,,,,14.15999985
2020-12-04,65.09999847,,,,14.28999996
2020-12-07,64.84999847,,,,14.09000015
2020-12-08,65.19999695,,,,14.09000015
2020-12-09,64.80000305,,,,14.03999996
2020-12-10,65,,,,13.93999958
2020-12-11,64.75,,,,14
2020-12-14,65,,,,13.94999981
2020-12-15,66.05000305,,,,14.05000019
2020-12-16,66.30000305,,,,14.07999992
2020-12-17,67,,,,14.07999992
2020-12-18,66.69999695,,,,14.01000023
2020-12-21,65.55000305,,,,13.89999962
2020-12-22,65.55000305,,,,13.75
2020-12-23,66.25,,,,13.89000034
2020-12-24,66.25,,,,13.88000011
2020-12-28,66.44999695,,,,13.84000015
2020-12-29,67.25,,,,13.59000015
2020-12-30,67.30000305,,,,13.60000038
2020-12-31,67.40000153,,,,13.72999954
2021-01-04,67.15000153,,,,13.60000038
2021-01-05,67.90000153,,,,13.69999981
2021-01-06,68.09999847,,,,13.85999966
2021-01-07,68.19999695,,,,13.97000027
2021-01-08,68.59999847,,,,14.05000019
2021-01-11,67.65000153,,,,13.90999985
2021-01-12,68.40000153,,,,13.93999958
2021-01-13,68.15000153,,,,13.97999954
2021-01-14,68.5,,,,14.17000008
2021-01-15,67.80000305,,,,14.23999977
2021-01-19,68.55000305,,,,14.27000046
2021-01-20,69.05000305,,,,14.34000015
2021-01-21,69.44999695,,,,14.43999958
2021-01-22,68.84999847,,,,14.42000008
2021-01-25,68.55000305,,,,14.31999969
2021-01-26,69.25,,,,14.39999962
2021-01-27,67.55000305,,,,14.30000019
2021-01-28,68.59999847,,,,14.22000027
2021-01-29,67.65000153,,,,14.01000023
2021-02-01,69.30000305,,,,14.25
2021-02-02,70.90000153,,,,14.56999969
2021-02-03,70.90000153,,,,14.64999962
2021-02-04,71.34999847,,,,14.75
2021-02-05,72.05000305,,,,14.94999981
2021-02-08,72.5,,,,15
2021-02-09,72.80000305,,,,14.80000019
2021-02-10,72.69999695,,,,15.11999989
2021-02-11,73.34999847,,,,15.07999992
2021-02-12,73.40000153,,,,15.11999989
2021-02-16,73.94999695,,,,15.18999958
2021-02-17,73.34999847,,,,15.18999958
2021-02-18,73.09999847,,,,15.22000027
2021-02-19,73.44999695,,,,15.22000027
2021-02-22,72.75,,,,15.35999966
2021-02-23,72.44999695,,,,15.23999977
2021-02-24,72.75,,,,15.51000023
2021-02-25,71,,,,15.34000015
2021-02-26,70.75,,,,15.48999977
2021-03-01,72.5,,,,15.65999985
2021-03-02,72.55000305,,,,15.90999985
2021-03-03,72.40000153,,,,15.92000008
2021-03-04,70.94999695,,,,15.73999977
2021-03-05,70.94999695,,,,15.60999966
2021-03-08,70.69999695,,,,15.85999966
2021-03-09,72.25,,,,15.92000008
2021-03-10,72.69999695,,,,16.03000069
2021-03-11,73.80000305,,,,16.14999962
2021-03-12,73.75,,,,16.25
2021-03-15,73.69999695,,,,16.52000046
2021-03-16,74.05000305,,,,16.39999962
2021-03-17,74.44999695,,,,16.45000076
2021-03-18,72.90000153,,,,16.03000069
2021-03-19,73.09999847,,,,16.20000076
2021-03-22,73.09999847,,,,16.15999985
2021-03-23,71.94999695,,,,16
2021-03-24,71.55000305,,,,15.88000011
2021-03-25,71.90000153,,,,16.04999924
2021-03-26,72.84999847,,,,16.26000023
2021-03-29,72.25,,,,16.19000053
2021-03-30,72.59999847,,,,16.25
2021-03-31,72.55000305,,,,16.20000076
2021-04-01,74.25,,,,16.05999947
2021-04-05,75.05000305,,,,16.21999931
2021-04-06,75.19999695,,,,16.37999916
2021-04-07,75.05000305,,,,16.5
2021-04-08,76.09999847,,,,16.56999969
2021-04-09,76.40000153,,,,16.62999916
2021-04-12,76.09999847,,,,16.62000084
2021-04-13,77.19999695,,,,16.54000092
2021-04-14,77,,,,16.46999931
2021-04-15,77.5,,,,16.59000015
2021-04-16,78.05000305,,,,16.62000084
2021-04-19,77.59999847,,,,16.63999939
2021-04-20,76.09999847,,,,16.52000046
2021-04-21,76.55000305,,,,16.69000053
2021-04-22,76.5,,,,16.54999924
2021-04-23,77.40000153,,,,16.67000008
2021-04-26,78.19999695,,,,16.70999908
2021-04-27,78.30000305,,,,16.80999947
2021-04-28,78.65000153,,,,16.85000038
2021-04-29,79,,,,16.95000076
2021-04-30,78.09999847,,,,16.79000092
2021-05-03,78.84999847,,,,16.79000092
2021-05-04,77.25,,,,16.68000031
2021-05-05,77.84999847,,,,16.78000069
2021-05-06,77.94999695,,,24.83600044,16.76000023
2021-05-07,78.84999847,,,24.98699951,16.81999969
2021-05-10,77.84999847,,,24.77300072,16.65999985
2021-05-11,76.84999847,,,24.47699928,16.45000076
2021-05-12,75.15000153,,,23.71299934,15.89999962
2021-05-13,75.84999847,,,24.26099968,16.35000038
2021-05-14,77.30000305,,,24.6079998,16.55999947
2021-05-17,77.09999847,,,24.71299934,16.70000076
2021-05-18,77.19999695,,,24.75,16.72999954
2021-05-19,76.75,,,24.73999977,16.77000046
2021-05-20,78.05000305,,,24.85300064,16.79000092
2021-05-21,78.15000153,,,24.82500076,16.80999947
2021-05-24,78.75,,,24.93199921,16.88999939
2021-05-25,78.44999695,,,24.79999924,16.70000076
2021-05-26,78.75,,,25.04000092,16.87999916
2021-05-27,79.30000305,,,25.10499954,17
2021-05-28,79.55000305,,,25.16600037,17.09000015
2021-06-01,80.30000305,,,25.3939991,17.27000046
2021-06-02,80.05000305,,,25.41699982,17.34000015
2021-06-03,79.5,,,25.44000053,17.40999985
2021-06-04,80.05000305,,,25.53100014,17.44000053
2021-06-07,80.15000153,,,25.81100082,17.51000023
2021-06-08,80.59999847,,,26.04400063,17.57999992
2021-06-09,79.90000153,,,26.27000046,17.62000084
2021-06-10,80.05000305,,,26.09300041,17.5
2021-06-11,80.55000305,,,26.09000015,17.65999985
2021-06-14,80.65000153,,,26.15999985,17.67000008
2021-06-15,80.25,,,25.77000046,17.43000031
2021-06-16,79.94999695,,,25.99500084,17.53000069
2021-06-17,79.30000305,,,25.68499947,17.31999969
2021-06-18,77.84999847,,,25.33499908,16.97999954
2021-06-21,76.40000153,,,25.74399948,17.26000023
2021-06-22,76.65000153,,,25.72800064,17.27000046
2021-06-23,76.59999847,,,25.70499992,17.25
2021-06-24,76.94999695,,,25.93099976,17.36000061
2021-06-25,77.09999847,,,25.82600021,17.25
2021-06-28,76.94999695,,,25.69000053,17.28000069
2021-06-29,77.09999847,,,25.58799934,17.12999916
2021-06-30,76.55000305,,,25.63999939,17.15999985
2021-07-01,76.84999847,,,25.77499962,16.95000076
2021-07-02,77.59999847,,,25.75300026,17.14999962
2021-07-06,77.44999695,,,25.58699989,17.13999939
2021-07-07,77.75,,,25.38899994,16.98999977
2021-07-08,76.44999695,,,25.19499969,16.87999916
2021-07-09,77.55000305,,,25.65999985,17.10000038
2021-07-12,78.40000153,,,25.71999931,17.26000023
2021-07-13,77.69999695,,,25.37000084,17.13999939
2021-07-14,77.30000305,,,25.16699982,17.04999924
2021-07-15,76.94999695,,,25.20599937,16.96999931
2021-07-16,76.80000305,,,25.10000038,16.87000084
2021-07-19,75.30000305,,,24.68499947,16.63999939
2021-07-20,76.40000153,,,25.15299988,16.93000031
2021-07-21,78.40000153,,,25.38599968,17.01000023
2021-07-22,79.59999847,,,25.12199974,16.95999908
2021-07-23,80.25,,,25.12400055,16.95000076
2021-07-26,80.19999695,,,25.31100082,17.04999924
2021-07-27,79.75,,,25.20000076,17.03000069
2021-07-28,80.30000305,,,25.35300064,17.12999916
2021-07-29,81.25,,,25.50300026,17
2021-07-30,80.55000305,,,25.29100037,16.95999908
2021-08-02,81.05000305,,,25.28199959,16.97999954
2021-08-03,81.15000153,,,25.3220005,16.85000038
2021-08-04,81.59999847,,,25.20499992,16.79000092
2021-08-05,82.19999695,,,25.44000053,17
2021-08-06,81.75,,,25.53499985,17.09000015
2021-08-09,81.40000153,,,25.43799973,17.07999992
2021-08-10,81.94999695,,,25.60700035,17.22999954
2021-08-11,82.09999847,,,25.67099953,17.25
2021-08-12,81.94999695,,,25.6760006,17.34000015
2021-08-13,82.44999695,,,25.7140007,17.43000031
2021-08-16,81.65000153,,,25.59000015,17.35000038
2021-08-17,80.75,,,25.51600075,17.26000023
2021-08-18,80.44999695,,,25.37999916,17.12999916
2021-08-19,78.90000153,,,25.05500031,16.64999962
2021-08-20,79.80000305,,,25.35400009,16.98999977
2021-08-23,80.40000153,,,25.46800041,17.04999924
2021-08-24,80.90000153,,,25.67000008,17.11000061
2021-08-25,81.30000305,,,25.73699951,17.25
2021-08-26,80.69999695,,,25.5,17.13999939
2021-08-27,81.59999847,,,25.77000046,17.28000069
2021-08-30,81.30000305,,,25.66600037,17.15999985
2021-08-31,81.69999695,,,25.79999924,17.17000008
2021-09-01,81.90000153,,,25.8560009,17.19000053
2021-09-02,82.65000153,,,25.83499908,17.30999947
2021-09-03,82.59999847,,,25.68499947,17.34000015
2021-09-07,81.84999847,,,25.4640007,17.13999939
2021-09-08,81.15000153,,,25.41600037,17.18000031
2021-09-09,81.09999847,,,25.5170002,17.20999908
2021-09-10,80.90000153,,,25.28199959,17.15999985
2021-09-13,80.84999847,,,25.4640007,17.15999985
2021-09-14,80.55000305,,,25.34499931,17.13999939
2021-09-15,81,,,25.48399925,17.34000015
2021-09-16,81.34999847,,,25.4260006,17.20000076
2021-09-17,80.59999847,,,25.40500069,17.10000038
2021-09-20,76.15000153,,,25.10099983,16.82999992
2021-09-21,77.05000305,,,25.24900055,17.01000023
2021-09-22,77.55000305,,,25.48999977,17.20000076
2021-09-23,78.69999695,,,25.59600067,17.23999977
2021-09-24,77.65000153,,,25.04999924,17.27000046
2021-09-27,77.25,,,25.15999985,17.27000046
2021-09-28,75.25,,,24.94099998,17.20000076
2021-09-29,74.94999695,,,25.04999924,17.28000069
2021-09-30,74.90000153,,,24.94000053,17.14999962
2021-10-01,75.30000305,,,25.23999977,16.95000076
2021-10-04,74.30000305,,,25.20000076,16.96999931
2021-10-05,74.94999695,,,25.30500031,17.07999992
2021-10-06,74.55000305,,,25.27599907,17.15999985
2021-10-07,75.55000305,,,25.35000038,17.09000015
2021-10-08,75.84999847,,,25.45999908,17.22999954
2021-10-11,75.09999847,,,25.43000031,17.20000076
2021-10-12,75.59999847,,,25.56599998,17.26000023
2021-10-13,76.94999695,,,25.67000008,17.37000084
2021-10-14,77.90000153,,,25.72999954,17.37000084
2021-10-15,78.25,,,25.69000053,17.38999939
2021-10-18,78.09999847,,,25.72999954,17.43000031
2021-10-19,79.25,,,25.73500061,17.5
2021-10-20,79.84999847,,,25.81999969,17.54000092
2021-10-21,80.69999695,,,25.84399986,17.56999969
2021-10-22,81.19999695,,,25.85000038,17.60000038
2021-10-25,81.59999847,,,25.89999962,17.57999992
2021-10-26,82,,,25.76000023,17.55999947
2021-10-27,81.15000153,,,25.64999962,17.51000023
2021-10-28,82.65000153,,,25.79000092,17.62999916
2021-10-29,82,,,25.71500015,17.56999969
2021-11-01,82.19999695,,,25.95999908,17.54000092
2021-11-02,82.40000153,,,25.72999954,17.45000076
2021-11-03,83.30000305,,,25.77000046,17.43000031
2021-11-04,83.09999847,,,25.74600029,17.45000076
2021-11-05,83.34999847,,,26.02899933,17.59000015
2021-11-08,83.19999695,,,25.97800064,17.71999931
2021-11-09,83.05000305,,,25.97100067,17.57999992
2021-11-10,81.84999847,,,25.87000084,17.55999947
2021-11-11,82.5,,,25.95299911,17.63999939
2021-11-12,83.34999847,,,25.83499908,17.62000084
2021-11-15,83.05000305,,,25.76099968,17.52000046
2021-11-16,83.05000305,,,25.63599968,17.53000069
2021-11-17,83,,,25.5359993,17.47999954
2021-11-18,82.80000305,,,25.39999962,17.48999977
2021-11-19,82.15000153,,,25.32500076,17.35000038
2021-11-22,81.34999847,,,25.26399994,17.38999939
2021-11-23,80.40000153,,,25.34000015,17.43000031
2021-11-24,80.19999695,,,25.375,17.45000076
2021-11-26,78.55000305,,,24.98999977,17.23999977
2021-11-29,79.65000153,,,24.97900009,17.27000046
2021-11-30,78.55000305,,,24.56699944,17.14999962
2021-12-01,77.40000153,,,24.47999954,17
2021-12-02,78.59999847,,,24.89800072,17.25
2021-12-03,77.30000305,,,24.69099998,17.17000008
2021-12-06,77.69999695,,,25.00099945,17.30999947
2021-12-07,79.94999695,,,25.14999962,17.39999962
2021-12-08,79.80000305,,,25.19300079,17.37999916
2021-12-09,79.09999847,,,25.08399963,17.31999969
2021-12-10,79,,,24.87800026,17.37000084
2021-12-13,77.55000305,,,24.65600014,17.20999908
2021-12-14,76.69999695,,,24.31699944,17.04000092
2021-12-15,77.59999847,,,24.47500038,17.12000084
2021-12-16,77.05000305,,,24.31999969,16.98999977
2021-12-17,76.44999695,,,24.20499992,16.87000084
2021-12-20,73.25,,,23.84000015,16.77000046
2021-12-21,74.34999847,,,24.51799965,17.01000023
2021-12-22,76,,,24.75099945,17.19000053
2021-12-23,76.90000153,,,24.99799919,17.38999939
2021-12-27,77.80000305,,,24.57999992,17.47999954
2021-12-28,77.44999695,,,24.51000023,17.53000069
2021-12-29,76.65000153,,,24.54000092,17.15999985
2021-12-30,77,,,24.52000046,17.15999985
2021-12-31,77.30000305,,,24.58399963,17.20999908
2022-01-03,77.44999695,,,24.85199928,17.30999947
2022-01-04,77.94999695,,,25,17.45999908
2022-01-05,75.69999695,,,24.70800018,17.28000069
2022-01-06,75.09999847,,,24.80999947,17.34000015
2022-01-07,74.84999847,,,24.93600082,17.5
2022-01-10,73.59999847,,,24.93000031,17.45999908
2022-01-11,75.30000305,,,25.13999939,17.79999924
2022-01-12,76.19999695,,,25.23399925,17.92000008
2022-01-13,74.80000305,,,25.11300087,17.67000008
2022-01-14,73.90000153,,,24.98999977,17.60000038
2022-01-18,72.34999847,,,24.80900002,17.65999985
2022-01-19,72,,,24.62999916,17.57999992
2022-01-20,71.55000305,,,24.30999947,17.38999939
2022-01-21,69.94999695,,,24.02000046,17.07999992
2022-01-24,68.19999695,,,23.67900085,16.86000061
2022-01-25,67.94999695,,,24.02199936,17.17000008
2022-01-26,67.75,,,24.07299995,17.26000023
2022-01-27,67.44999695,,,23.97400093,17.31999969
2022-01-28,68.05000305,,,24.07799911,17.31999969
2022-01-31,70.65000153,,,24.53000069,17.59000015
2022-02-01,71.55000305,,,24.58099937,17.77000046
2022-02-02,72.05000305,,,24.5,17.78000069
2022-02-03,70.19999695,,,24.20000076,17.70999908
2022-02-04,70.15000153,,,24.14100075,17.78000069
2022-02-07,70.05000305,,,24.14100075,17.92000008
2022-02-08,69.69999695,,,24.29100037,17.95000076
2022-02-09,71.55000305,,,24.36000061,17.82999992
2022-02-10,70.25,,,24.01600075,17.73999977
2022-02-11,68.65000153,,,23.79999924,17.63999939
2022-02-14,68.05000305,,,23.51199913,17.5
2022-02-15,69.65000153,,,23.78000069,17.54999924
2022-02-16,69.44999695,,,23.95000076,17.73999977
2022-02-17,67.15000153,,,23.61000061,17.57999992
2022-02-18,66.75,,,23.6420002,17.57999992
2022-02-22,65.25,,,23.19799995,17.40999985
2022-02-23,64.34999847,,,22.8409996,17.23999977
2022-02-24,64.09999847,,,23,17.21999931
2022-02-25,66.05000305,,,23.29199982,17.54000092
2022-02-28,65.44999695,,,23.32799911,17.57999992
2022-03-01,63.75,,,23.14900017,17.48999977
2022-03-02,65.34999847,,,23.5529995,17.80999947
2022-03-03,63.04999924,,,23.49600029,17.82999992
2022-03-04,60.70000076,,,23.26000023,17.72999954
2022-03-07,58.09999847,,,22.75399971,17.20000076
2022-03-08,58.75,,,22.94000053,17.20000076
2022-03-09,61.84999847,,,23.17000008,17.32999992
2022-03-10,61.09999847,,,23.10099983,17.23999977
2022-03-11,60.95000076,,,23.00699997,17.19000053
2022-03-14,60.40000153,,,22.67900085,17.12000084
2022-03-15,60.70000076,,,22.82600021,17.17000008
2022-03-16,63.95000076,,,23.15600014,17.25
2022-03-17,64.55000305,,,23.3939991,17.53000069
2022-03-18,65.65000153,,,23.45100021,17.46999931
2022-03-21,64.19999695,,,23.29800034,17.62999916
2022-03-22,65.05000305,,,23.51000023,17.73999977
2022-03-23,63.75,,,23.3579998,17.62999916
2022-03-24,63.65000153,,,23.39500046,17.63999939
2022-03-25,63.59999847,,,23.06100082,17.82999992
2022-03-28,63.40000153,,,23.08799934,17.82999992
2022-03-29,65.90000153,,,23.40699959,17.92000008
2022-03-30,64.75,,,23.26499939,17.88999939
2022-03-31,64.44999695,,,23.34499931,17.90999985
2022-04-01,65.30000305,,,23.45299911,17.77000046
2022-04-04,65.69999695,,,23.37599945,17.62000084
2022-04-05,64.5,,,23.11000061,17.60000038
2022-04-06,63,,,22.84000015,17.46999931
2022-04-07,62.95000076,,,22.68400002,17.47999954
2022-04-08,62.84999847,,,22.74399948,17.62000084
2022-04-11,62.15000153,,,22.62000084,17.52000046
2022-04-12,61.59999847,,,22.65999985,17.45999908
2022-04-13,62.84999847,,,22.88400078,17.70999908
2022-04-14,62.5,,,22.87599945,17.70999908
2022-04-18,62.09999847,,,22.76499939,17.79000092
2022-04-19,62.70000076,,,22.51000023,17.87000084
2022-04-20,63.25,,,22.79000092,18.01000023
2022-04-21,61.5,,,22.62999916,17.87000084
2022-04-22,60,,,22.18899918,17.5
2022-04-25,59.45000076,,,22.14500046,17.5
2022-04-26,56.45000076,,,21.60400009,16.79000092
2022-04-27,56.34999847,,,21.73800087,17.04999924
2022-04-28,57.34999847,,,22.07600021,17.13999939
2022-04-29,56.34999847,,,21.68000031,16.77000046
2022-05-02,56.54999924,,,21.50900078,16.45999908
2022-05-03,56.75,,,22.05900002,16.82999992
2022-05-04,57.75,,,22.36499977,17.15999985
2022-05-05,55.54999924,,,21.91699982,16.70000076
2022-05-06,54.59999847,,,21.93000031,16.79999924
2022-05-09,52.15000153,,,21.2689991,16.17000008
2022-05-10,52.84999847,,,21.46699905,16.40999985
2022-05-11,52.29999924,,,21.20299911,16.21999931
2022-05-12,52.09999847,,,20.81599998,15.81999969
2022-05-13,54.5,,,21.25,16.13999939
2022-05-16,54.45000076,,,21.31999969,16.32999992
2022-05-17,56,,,21.54000092,16.47999954
2022-05-18,53.84999847,,,21.08099937,16.03000069
2022-05-19,53.70000076,,,20.92000008,15.78999996
2022-05-20,53.90000153,,,20.70899963,15.43000031
2022-05-23,55,,,21.00699997,15.61999989
2022-05-24,54.09999847,,,20.9489994,15.5
2022-05-25,54.45000076,,,21.11000061,15.81999969
2022-05-26,56,,,21.48600006,16.06999969
2022-05-27,57.09999847,,,21.85099983,16.37999916
2022-05-31,57.20000076,,,21.79400063,16.20000076
2022-06-01,56.04999924,,,21.86100006,16.27000046
2022-06-02,57.70000076,,,21.98200035,16.35000038
2022-06-03,56.75,,,21.77499962,16.20999908
2022-06-06,57.45000076,,,21.77899933,16.32999992
2022-06-07,57.25,,,21.95999908,16.36000061
2022-06-08,57,,,21.67000008,16.20999908
2022-06-09,55.45000076,,,21.46299934,15.94999981
2022-06-10,53.70000076,,,21.1420002,15.85999966
2022-06-13,50.75,,,19.69000053,15.05000019
2022-06-14,50,,,19.47400093,14.98999977
2022-06-15,51.40000153,,,19.5189991,15.09000015
2022-06-16,49.15000153,,,18.54000092,14.43999958
2022-06-17,49.40000153,,,18.94799995,14.64999962
2022-06-21,49.54999924,,,19.35899925,14.85000038
2022-06-22,49.20000076,,,19.40600014,14.80000019
2022-06-23,49.59999847,,,19.60700035,14.77000046
2022-06-24,51.40000153,,,19.62999916,15.14000034
2022-06-27,51.34999847,,,19.62000084,15.32999992
2022-06-28,50.54999924,,,19.47500038,15.18000031
2022-06-29,49.54999924,,,19.29999924,15.02000046
2022-06-30,49.09999847,,,19.27099991,15.10000038
2022-07-01,49.5,,,19.70400047,15.13000011
2022-07-05,48.95000076,,,19.79000092,15.17000008
2022-07-06,49.09999847,,,19.5510006,15.03999996
2022-07-07,49.95000076,,,19.77400017,15.21000004
2022-07-08,49.75,,,19.85899925,15.36999989
2022-07-11,48.70000076,,,19.68600082,15.14000034
2022-07-12,49.04999924,,,19.76399994,15.25
2022-07-13,48.59999847,,,19.82999992,15.17000008
2022-07-14,47.79999924,,,19.53899956,15
2022-07-15,48.65000153,,,19.81699944,15.14999962
2022-07-18,49.15000153,,,19.72999954,15.23999977
2022-07-19,50.54999924,,,20.20499992,15.47000027
2022-07-20,51.04999924,,,20.32699966,15.55000019
2022-07-21,52.09999847,,,20.54000092,15.52999973
2022-07-22,51.65000153,,,20.4659996,15.48999977
2022-07-25,51.79999924,,,20.54599953,15.35999966
2022-07-26,50.65000153,,,20.6060009,15.47000027
2022-07-27,52.15000153,,,21.0529995,15.71000004
2022-07-28,53.54999924,,,21.56999969,15.96000004
2022-07-29,54.45000076,,,21.68000031,15.93000031
2022-08-01,53.95000076,,,21.70999908,16.05999947
2022-08-02,52.79999924,,,21.35000038,15.92000008
2022-08-03,53.75,,,21.44000053,16.04000092
2022-08-04,54.45000076,,,21.20000076,16.02000046
2022-08-05,53.75,,,21.21899986,16.21999931
2022-08-08,54.20000076,,,21.38999939,16.38999939
2022-08-09,53.40000153,,,21.36000061,16.25
2022-08-10,55.34999847,,,21.50499916,16.39999962
2022-08-11,55.40000153,,,21.52499962,16.48999977
2022-08-12,55.90000153,,,21.65999985,16.62000084
2022-08-15,55.75,,,21.6609993,16.55999947
2022-08-16,55.40000153,,,21.70000076,16.67000008
2022-08-17,54.25,,,21.37000084,16.36000061
2022-08-18,54,,,21.41799927,16.48999977
2022-08-19,52.5,,,21.1439991,16.23999977
2022-08-22,51.25,,,20.72400093,16.03000069
2022-08-23,51.5,,,20.9279995,16.20000076
2022-08-24,52.04999924,,,21.02000046,16.38999939
2022-08-25,52.54999924,,,21.15999985,16.39999962
2022-08-26,50.5,,,20.89999962,16.18000031
2022-08-29,50.25,,,20.79199982,16.10000038
2022-08-30,50.04999924,,,20.4109993,15.81999969
2022-08-31,49.90000153,,,20.40299988,15.89999962
2022-09-01,48.70000076,,,19.99099922,15.60000038
2022-09-02,48.59999847,,,19.97100067,15.60999966
2022-09-06,48.75,,,19.87100029,15.47000027
2022-09-07,49.70000076,,,20.11000061,15.63000011
2022-09-08,49.34999847,,,20.1079998,15.75
2022-09-09,50.70000076,,,20.37999916,15.93999958
2022-09-12,51.5,,,20.45599937,16.02000046
2022-09-13,49.09999847,,,19.94400024,15.68000031
2022-09-14,48.79999924,,,20.04999924,15.61999989
2022-09-15,48.34999847,,,19.79700089,15.67000008
2022-09-16,47.75,,,19.74600029,15.5
2022-09-19,47.84999847,,,19.76799965,15.52999973
2022-09-20,46.25,,,19.54599953,15.23999977
2022-09-21,45.59999847,,,19.43799973,15.18999958
2022-09-22,44.25,,,18.875,14.68000031
2022-09-23,42.90000153,,,18.31800079,14.36999989
2022-09-26,42,,,16.93600082,13.81999969
2022-09-27,41.84999847,,,16.80999947,13.92000008
2022-09-28,43.29999924,,,17.18300056,14.19999981
2022-09-29,42,,,16.34199905,13.51000023
2022-09-30,42.29999924,,,16.38899994,13.56999969
2022-10-03,43.45000076,,,16.62999916,13.39999962
2022-10-04,45.84999847,,,17.58699989,14.18999958
2022-10-05,45.09999847,,,17.14599991,13.93999958
2022-10-06,44.45000076,,,16.81999969,13.76000023
2022-10-07,42.90000153,,,16.54999924,13.61999989
2022-10-10,42.75,,,16.27000046,13.38000011
2022-10-11,41.75,,,16.71299934,13.35999966
2022-10-12,41.45000076,,,16.70000076,13.47999954
2022-10-13,42.79999924,,,16.86100006,13.77999973
2022-10-14,41.90000153,,,16.6079998,13.69999981
2022-10-17,43.34999847,,,16.84499931,13.89000034
2022-10-18,44.15000153,,,17.06100082,14.06000042
2022-10-19,42.70000076,,,16.9109993,13.89000034
2022-10-20,42.34999847,,,16.83600044,13.84000015
2022-10-21,43.09999847,,,16.96500015,13.84000015
2022-10-24,43.34999847,,,17.04999924,14.03999996
2022-10-25,45.45000076,,,17.54500008,14.5
2022-10-26,46.09999847,,,17.6420002,14.52999973
2022-10-27,46.04999924,,,17.69000053,14.57999992
2022-10-28,46.45000076,,,18.06200027,14.76000023
2022-10-31,45.65000153,,,18.01000023,14.71000004
2022-11-01,46.5,,,18.05500031,14.82999992
2022-11-02,45.75,,,17.79500008,14.67000008
2022-11-03,44.84999847,,,17.63299942,14.80000019
2022-11-04,46.65000153,,,18.06299973,15.01000023
2022-11-07,47.59999847,,,18.28300095,15.27000046
2022-11-08,47.65000153,,,18.25399971,15
2022-11-09,47,,,18.08300018,14.86999989
2022-11-10,51.29999924,,,18.84399986,15.15999985
2022-11-11,53.15000153,,,18.98600006,15.31999969
2022-11-14,51.45000076,,,18.77499962,15.11999989
2022-11-15,51.34999847,,,18.94099998,15.27999973
2022-11-16,50.34999847,,,18.73500061,15.27000046
2022-11-17,49.75,,,18.56100082,15.21000004
2022-11-18,49.84999847,,,18.65399933,15.21000004
2022-11-21,49.65000153,,,18.71999931,15.19999981
2022-11-22,50,,,18.87000084,15.42000008
2022-11-23,50.59999847,,,18.82099915,15.46000004
2022-11-25,51,,,18.90999985,15.53999996
2022-11-28,49.40000153,,,18.6609993,15.21000004
2022-11-29,49.54999924,,,18.70999908,15.23999977
2022-11-30,50.40000153,,,18.95000076,15.43999958
2022-12-01,51.09999847,,,18.93899918,15.32999992
2022-12-02,50.34999847,,,18.87199974,15.31999969
2022-12-05,49.40000153,,,18.51000023,15.05000019
2022-12-06,48.5,,,18.28199959,14.72000027
2022-12-07,48.59999847,,,18.3920002,14.72999954
2022-12-08,48.95000076,,,18.42900085,14.81000042
2022-12-09,49.15000153,,,18.40699959,14.86999989
2022-12-12,49.59999847,,,18.45199966,14.89999962
2022-12-13,50.59999847,,,18.55999947,14.93999958
2022-12-14,50.29999924,,,18.44000053,14.81999969
2022-12-15,48.70000076,,,18.20599937,14.76000023
2022-12-16,47.5,,,17.9260006,14.56000042
2022-12-19,46.79999924,,,17.79599953,14.31999969
2022-12-20,46.79999924,,,17.75900078,14.44999981
2022-12-21,47.70000076,,,18.00099945,14.56000042
2022-12-22,47.04999924,,,17.89500046,14.46000004
2022-12-23,47.40000153,,,17.8409996,14.68999958
2022-12-27,47.15000153,,,17.72500038,14.65999985
2022-12-28,46.5,,,17.33799934,14.07999992
2022-12-29,47.84999847,,,17.59399986,14.27000046
2022-12-30,47.20000076,,,17.50200081,14.14999962
2023-01-03,47.84999847,,,17.83099937,14.28999996
2023-01-04,49.09999847,,,18.15399933,14.53999996
2023-01-05,48.5,,,18.07999992,14.39000034
2023-01-06,49.40000153,,,18.28100014,14.44999981
2023-01-09,50.15000153,,,18.36100006,14.53999996
2023-01-10,50.54999924,,,18.59399986,14.64000034
2023-01-11,51.95000076,,,18.96999931,14.96000004
2023-01-12,52.59999847,,,19.20199966,15.18999958
2023-01-13,52.90000153,,,19.27400017,15.03999996
2023-01-17,53.5,,,19.27700043,15.11999989
2023-01-18,52.59999847,,,19.27300072,15.03999996
2023-01-19,51.5,,,19.17900085,14.88000011
2023-01-20,52.29999924,,,19.40099907,15.06999969
2023-01-23,53.29999924,,,19.55999947,15.23999977
2023-01-24,53,,,19.50499916,15.19999981
2023-01-25,52.95000076,,,19.3010006,15.18000031
2023-01-26,54.25,,,19.46299934,15.32999992
2023-01-27,54.54999924,,,19.65500069,15.46000004
2023-01-30,53.34999847,,,19.47900009,15.22000027
2023-01-31,53.5,,,19.74500084,15.31999969
2023-02-01,54.34999847,,,20.04700089,15.52999973
2023-02-02,56.25,,,20.25799942,15.61999989
2023-02-03,55.40000153,,,20.13899994,15.57999992
2023-02-06,54.20000076,,,19.72500038,15.43000031
2023-02-07,54.59999847,,,19.91200066,15.56999969
2023-02-08,54.09999847,,,19.70899963,15.40999985
2023-02-09,54,,,19.36300087,15.19999981
2023-02-10,53.45000076,,,19.4810009,15.35999966
2023-02-13,54.45000076,,,19.70000076,15.43000031
2023-02-14,54.5,,,19.60099983,15.43000031
2023-02-15,54.65000153,,,19.60099983,15.44999981
2023-02-16,54,,,19.57999992,15.46000004
2023-02-17,54.25,,,19.55500031,15.60000038
2023-02-21,52.70000076,,,18.94499969,15.27999973
2023-02-22,52.70000076,,,18.8560009,15.35999966
2023-02-23,53.25,,,19.03199959,15.56000042
2023-02-24,52.20000076,,,18.93400002,15.52999973
2023-02-27,53.20000076,,,18.95999908,15.65999985
2023-02-28,53.15000153,,,18.96800041,15.55000019
2023-03-01,53.15000153,,,18.77400017,15.47999954
2023-03-02,53,,,18.7859993,15.55000019
2023-03-03,53.90000153,,,18.95999908,15.63000011
2023-03-06,53.95000076,,,18.99200058,15.64999962
2023-03-07,52.65000153,,,18.78000069,15.38000011
2023-03-08,53.29999924,,,18.61499977,15.42000008
2023-03-09,51.59999847,,,18.05999947,14.76000023
2023-03-10,49.04999924,,,17.38100052,14.07999992
2023-03-13,48.45000076,,,17.08399963,13.98999977
2023-03-14,49.45000076,,,17.40999985,14.36999989
2023-03-15,47.95000076,,,17,14.07999992
2023-03-16,48.59999847,,,17.20100021,14.31999969
2023-03-17,47.34999847,,,16.79199982,14.06000042
2023-03-20,47.95000076,,,16.96699905,14.15999985
2023-03-21,49.70000076,,,17.30800056,14.52999973
2023-03-22,48.95000076,,,17.03000069,14.26000023
2023-03-23,48.90000153,,,16.79500008,14.18000031
2023-03-24,48.54999924,,,17.02400017,14.39999962
2023-03-27,49.09999847,,,17.09499931,14.59000015
2023-03-28,48.65000153,,,17.09300041,14.59000015
2023-03-29,49.59999847,,,17.29999924,14.65999985
2023-03-30,50.09999847,,,17.3409996,14.72999954
2023-03-31,50.54999924,,,17.54100037,14.82999992
2023-04-03,50.75,,,17.5359993,14.36999989
2023-04-04,50.25,,,17.43799973,14.23999977
2023-04-05,49.65000153,,,17.45499992,14.07999992
2023-04-06,50.15000153,,,17.46999931,14.22000027
2023-04-10,50.34999847,,,17.3409996,14.07999992
2023-04-11,50.79999924,,,17.47999954,14.19999981
2023-04-12,50.95000076,,,17.47999954,14.34000015
2023-04-13,51.65000153,,,17.57699966,14.53999996
2023-04-14,51.70000076,,,17.46500015,14.43000031
2023-04-17,51.15000153,,,17.66699982,14.57999992
2023-04-18,51.70000076,,,17.49900055,14.35000038
2023-04-19,51.84999847,,,17.68799973,14.51000023
2023-04-20,51.59999847,,,17.60899925,14.31999969
2023-04-21,51.59999847,,,17.67900085,14.40999985
2023-04-24,51.84999847,,,17.48500061,14.48999977
2023-04-25,50.65000153,,,17.23500061,14.27999973
2023-04-26,50.65000153,,,17.25099945,14.18000031
2023-04-27,51.59999847,,,17.57500076,14.40999985
2023-04-28,52.29999924,,,17.69400024,14.56000042
2023-05-01,52.09999847,,,17.48600006,14.43000031
2023-05-02,50.79999924,,,17.11899948,14.14000034
2023-05-03,51.09999847,,,17.05500031,14.17000008
2023-05-04,50,,,16.82099915,13.82999992
2023-05-05,51.29999924,,,17.20999908,14.26000023
2023-05-08,51.40000153,,,17.3010006,14.39999962
2023-05-09,50.65000153,,,17.15500069,14.27999973
2023-05-10,51.04999924,,,17.1609993,14.34000015
2023-05-11,51.15000153,,,17.14800072,14.31000042
2023-05-12,50.79999924,,,17.08399963,14.25
2023-05-15,51.54999924,,,17.20499992,14.38000011
2023-05-16,50.59999847,,,17,14.22000027
2023-05-17,51.34999847,,,17.30500031,14.43000031
2023-05-18,51.09999847,,,17.42300034,14.51000023
2023-05-19,51.5,,,17.37599945,14.64000034
2023-05-22,51.90000153,,,17.41200066,14.64999962
2023-05-23,51.20000076,,,17.42900085,14.64999962
2023-05-24,50.54999924,,,17.03000069,14.57999992
2023-05-25,50.29999924,,,16.82699966,14.55000019
2023-05-26,51.25,,,17.17900085,14.67000008
2023-05-30,51.5,,,17.25600052,14.77000046
2023-05-31,51.29999924,,,17.17700005,14.69999981
2023-06-01,51.70000076,,,17.36100006,14.88000011
2023-06-02,52.54999924,,,17.72500038,14.96000004
2023-06-05,52.59999847,,,17.65099907,15
2023-06-06,53.34999847,,,17.89500046,15.06000042
2023-06-07,53.59999847,,,18.06500053,15.18000031
2023-06-08,54.20000076,,,18.04999924,15.18999958
2023-06-09,54.29999924,,,17.94499969,15.14999962
2023-06-12,54.20000076,,,18.05500031,15.17000008
2023-06-13,54.90000153,,,18.15500069,15.22000027
2023-06-14,54.79999924,,,18.11300087,15.11999989
2023-06-15,54.95000076,,,18.29500008,15.22999954
2023-06-16,54.45000076,,,18.20100021,15.21000004
2023-06-20,52.54999924,,,18.08600044,15.14999962
2023-06-21,52.15000153,,,18.20400047,15.11999989
2023-06-22,51.79999924,,,17.97999954,14.93999958
2023-06-23,51.09999847,,,17.82999992,14.77999973
2023-06-26,51.09999847,,,17.91900063,14.94999981
2023-06-27,51.59999847,,,18.15999985,15.06999969
2023-06-28,51.84999847,,,18.24699974,15.18000031
2023-06-29,52.04999924,,,18.3560009,15.35999966
2023-06-30,52.59999847,,,18.45800018,15.35999966
2023-07-03,52.59999847,,,18.42499924,15
2023-07-05,51.84999847,,,18.36000061,14.97999954
2023-07-06,51.5,,,18.10499954,14.97999954
2023-07-07,52.04999924,,,18.2840004,15.06000042
2023-07-10,52.09999847,,,18.51499939,15.10999966
2023-07-11,52.75,,,18.68099976,15.22000027
2023-07-12,53.75,,,18.78000069,15.32999992
2023-07-13,55.04999924,,,18.9109993,15.35999966
2023-07-14,55.15000153,,,18.81999969,15.35000038
2023-07-17,55.13999939,,,18.95599937,15.46000004
2023-07-18,55.59999847,,,19.19000053,15.63000011
2023-07-19,56.61000061,,,19.34000015,15.61999989
2023-07-20,56.04000092,,,19.22800064,15.52000046
2023-07-21,55.95999908,,,19.18300056,15.56999969
2023-07-24,55.95000076,,,19.28899956,15.71000004
2023-07-25,56.11000061,,,19.08699989,15.59000015
2023-07-26,56.41999817,,,19.29199982,15.81000042
2023-07-27,55.40000153,,,19.05500031,15.73999977
2023-07-28,55.77000046,,,19.3409996,15.77999973
2023-07-31,56,,,19.25200081,15.77999973
2023-08-01,55.56000137,,,19.11899948,15.76000023
2023-08-02,54.38000107,,,19.00300026,15.71000004
2023-08-03,54.38999939,,,18.73999977,15.68999958
2023-08-04,54.93999863,,,19.02499962,15.81999969
2023-08-07,55.49000168,,,19.11700058,15.89999962
2023-08-08,54.75,,,19.07999992,15.85000038
2023-08-09,54.43000031,,,19.04999924,15.85999966
2023-08-10,54.31999969,,,18.98999977,15.77999973
2023-08-11,53.91999817,,,18.95999908,15.73999977
2023-08-14,53.97000122,,,18.86400032,15.76000023
2023-08-15,53.24000168,,,18.68700027,15.60999966
2023-08-16,52.88000107,,,18.57900047,15.59000015
2023-08-17,52.09999847,,,18.38699913,15.40999985
2023-08-18,52.31000137,,,18.44300079,15.52999973
2023-08-21,52.11999893,,,18.40099907,15.56000042
2023-08-22,51.74000168,,,18.29400063,15.34000015
2023-08-23,52.18999863,,,18.5890007,15.47000027
2023-08-24,51.65999985,,,18.55999947,15.47999954
2023-08-25,51.90999985,,,18.38999939,15.48999977
2023-08-28,52.36000061,,,18.68300056,15.60999966
2023-08-29,53.41999817,,,18.84199905,15.71000004
2023-08-30,53.95000076,,,18.82799911,15.77000046
2023-08-31,53.79000092,,,18.84199905,15.77000046
2023-09-01,53.72000122,,,18.94499969,15.80000019
2023-09-05,53.59999847,,,18.75399971,15.63000011
2023-09-06,53.43999863,,,18.62700081,15.5
2023-09-07,53.41999817,,,18.64599991,15.57999992
2023-09-08,53.36999893,,,18.70800018,15.69999981
2023-09-11,53.72000122,,,18.79500008,15.77999973
2023-09-12,53.79999924,,,18.72400093,15.75
2023-09-13,53.68999863,,,18.72599983,15.81999969
2023-09-14,53.83000183,,,18.875,15.89999962
2023-09-15,54.29999924,,,18.92499924,15.97000027
2023-09-18,53.13000107,,,18.88400078,16.02000046
2023-09-19,53.31000137,,,18.88999939,16.04000092
2023-09-20,53.09999847,,,18.81299973,16.02000046
2023-09-21,52.11999893,,,18.35899925,15.80000019
2023-09-22,51.91999817,,,18.53000069,15.90999985
2023-09-25,52.04999924,,,18.26000023,16.02000046
2023-09-26,51.29999924,,,17.95400047,15.81999969
2023-09-27,51.25,,,17.95000076,15.90999985
2023-09-28,51.77999878,,,18.08600044,16.09000015
2023-09-29,51.66999817,,,18.13100052,16.03000069
2023-10-02,50.74000168,,,17.7159996,15.30000019
2023-10-03,49.79000092,,,17.41399956,15.01000023
2023-10-04,50.04999924,,,17.4109993,14.97999954
2023-10-05,50.27000046,,,17.58399963,15.05000019
2023-10-06,51.00999832,,,17.59000015,15.13000011
2023-10-09,50.79000092,,,17.79999924,15.25
2023-10-10,51.54000092,,,17.89500046,15.27999973
2023-10-11,51.77999878,,,18.05900002,15.34000015
2023-10-12,51.24000168,,,17.87000084,15.25
2023-10-13,50.36999893,,,17.68899918,15.22999954
2023-10-16,51.04999924,,,17.80400085,15.52000046
2023-10-17,50.90000153,,,17.74399948,15.47999954
2023-10-18,49.72000122,,,17.47999954,15.28999996
2023-10-19,48.88000107,,,17.16500092,15.07999992
2023-10-20,48.09999847,,,17.0340004,14.97000027
2023-10-23,48.06000137,,,16.90999985,14.86999989
2023-10-24,48.52000046,,,16.95999908,14.97000027
2023-10-25,47.54000092,,,16.46999931,14.85000038
2023-10-26,47.70999908,,,16.54299927,14.85999966
2023-10-27,47.08000183,,,16.39999962,14.67000008
2023-10-30,48,,,16.625,14.81999969
2023-10-31,48.06000137,,,16.88999939,14.86999989
2023-11-01,48.79999924,,,17.15999985,15.13000011
2023-11-02,50.29999924,,,17.6420002,15.44999981
2023-11-03,51.52000046,,,17.90999985,15.61999989
2023-11-06,50.93999863,,,17.69300079,15.52999973
2023-11-07,51.08000183,,,17.75600052,15.47999954
2023-11-08,51.52000046,,,17.80999947,15.46000004
2023-11-09,51.36999893,,,17.64100075,15.55000019
2023-11-10,51.86999893,,,17.73800087,15.60000038
2023-11-13,51.77999878,,,17.65999985,15.60999966
2023-11-14,53.93000031,,,18.2329998,15.78999996
2023-11-15,54.22999954,,,18.30599976,15.81000042
2023-11-16,53.81999969,,,18.11000061,15.72000027
2023-11-17,54.66999817,,,18.22100067,15.76000023
2023-11-20,55.06999969,,,18.31500053,15.84000015
2023-11-21,54.77000046,,,18.22999954,15.81999969
2023-11-22,55.24000168,,,18.29500008,15.86999989
2023-11-24,55.65000153,,,18.05599976,15.94999981
2023-11-27,55.54000092,,,18.03100014,15.90999985
2023-11-28,55.79000092,,,18.03000069,15.85000038
2023-11-29,56.63999939,,,18.19799995,15.81999969
2023-11-30,56.88000107,,,18.21899986,15.85000038
2023-12-01,57.75999832,,,18.5359993,15.93000031
2023-12-04,56.99000168,,,18.60000038,15.93999958
2023-12-05,56.93999863,,,18.50600052,15.85999966
2023-12-06,57.15000153,,,18.27199936,15.81999969
2023-12-07,57.81000137,,,18.45299911,15.97000027
2023-12-08,57.97000122,,,18.49399948,16.11000061
2023-12-11,57.97000122,,,18.43499947,16.05999947
2023-12-12,58.04999924,,,18.53499985,16.17000008
2023-12-13,59.02000046,,,18.94499969,16.26000023
2023-12-14,61.52999878,,,19.27700043,16.35000038
2023-12-15,61.31000137,,,19.10199928,16.29999924
2023-12-18,60.86999893,,,19.04000092,16.37000084
2023-12-19,61.56999969,,,19.20700073,16.45999908
2023-12-20,60.72999954,,,19.0170002,16.34000015
2023-12-21,61.43999863,,,19.17200089,16.37999916
2023-12-22,61.91999817,,,18.98999977,16.45000076
2023-12-26,62.45999908,,,19.12599945,16.53000069
2023-12-27,62.79000092,,,19.14999962,16.13999939
2023-12-28,62.52999878,,,19.11599922,16.17000008
2023-12-29,62.20000076,,,18.87700081,16.04000092
2024-01-02,60.75,,,18.90999985,16.07999992
2024-01-03,59.86000061,,,18.72999954,16.03000069
2024-01-04,59.97999954,,,18.79599953,16.42000008
2024-01-05,59.72999954,,,18.84799957,16.39999962
2024-01-08,60.27000046,,,19.09000015,16.47999954
2024-01-09,59.81000137,,,19.04999924,16.40999985
2024-01-10,59.95000076,,,19.12999916,16.40999985
2024-01-11,59.95999908,,,19.03700066,16.37000084
2024-01-12,59.95999908,,,19.04999924,16.38999939
2024-01-16,59.09000015,,,18.87000084,16.22999954
2024-01-17,58.86999893,,,18.73999977,16.21999931
2024-01-18,59.61999893,,,18.85000038,16.30999947
2024-01-19,60.27999878,,,18.94499969,16.35000038
2024-01-22,60.56000137,,,19.01300049,16.45999908
2024-01-23,60.58000183,,,19.06999969,16.47999954
2024-01-24,60.93000031,,,18.97599983,16.40999985
2024-01-25,61.70999908,,,18.89100075,16.48999977
2024-01-26,62.22000122,,,18.95499992,16.56999969
2024-01-29,62.36999893,,,19.05500031,16.48999977
2024-01-30,62.43000031,,,18.89699936,16.56999969
2024-01-31,61.81000137,,,18.54899979,16.28000069
2024-02-01,62.04999924,,,18.67700005,16.12999916
2024-02-02,61.56000137,,,18.47999954,16.15999985
2024-02-05,60.79999924,,,18.35400009,16.03000069
2024-02-06,61.25999832,,,18.36599922,15.97999954
2024-02-07,61.75999832,,,18.1609993,16.03000069
2024-02-08,62.54000092,,,18.18000031,16.01000023
2024-02-09,62.81999969,,,18.24600029,16.01000023
2024-02-12,63.59999847,,,18.43000031,16.14999962
2024-02-13,61.72000122,,,18.02199936,16.01000023
2024-02-14,62.70000076,,,18.14999962,16.09000015
2024-02-15,63.75,,,18.53000069,16.28000069
2024-02-16,63.49000168,,,18.51499939,16.34000015
2024-02-20,63.43999863,,,18.40999985,16.29000092
2024-02-21,63.63999939,,,18.3409996,16.28000069
2024-02-22,63.95999908,,,18.43000031,16.37999916
2024-02-23,63.90000153,,,18.25,16.39999962
2024-02-26,64.05999756,,,18.11499977,16.37000084
2024-02-27,64.31999969,,,18.11499977,16.35000038
2024-02-28,63.95999908,,,17.97999954,16.20000076
2024-02-29,64.40000153,,,18.27499962,16.28000069
2024-03-01,64.80000305,,,18.31999969,16.25
2024-03-04,64.33000183,,,18.16300011,16.28000069
2024-03-05,63.59999847,,,18.1779995,16.18000031
2024-03-06,64.73000336,,,18.2840004,16.31999969
2024-03-07,65.37000275,,,18.36000061,16.36000061
2024-03-08,65.13999939,,,18.42000008,16.39999962
2024-03-11,65.05999756,,,18.45999908,16.45999908
2024-03-12,65.45999908,,,18.54400063,16.51000023
2024-03-13,65.55999756,,,18.6079998,16.54999924
2024-03-14,64.37999725,,,18.32999992,16.29000092
2024-03-15,64.91999817,,,18.47999954,16.40999985
2024-03-18,63.68999863,,,18.42200089,16.35000038
2024-03-19,63.86999893,,,18.44000053,16.35000038
2024-03-20,64.77999878,,,18.62000084,16.43000031
2024-03-21,65.76999664,,,18.73999977,16.5
2024-03-22,65.02999878,,,18.4260006,16.45999908
2024-03-25,65.27999878,,,18.49799919,16.54000092
2024-03-26,65.06999969,,,18.39299965,16.63999939
2024-03-27,65.54000092,,,18.62400055,16.77000046
2024-03-28,65.95999908,,,18.76499939,16.89999962
2024-04-01,65.55999756,,,18.61000061,16.26000023
2024-04-02,65.04000092,,,18.47999954,16.30999947
2024-04-03,65.58999634,,,18.50799942,16.32999992
2024-04-04,64.73999786,,,18.44799995,16.18000031
2024-04-05,65.30000305,,,18.53000069,16.37000084
2024-04-08,65.81999969,,,18.56299973,16.38999939
2024-04-09,66.12000275,,,18.68099976,16.42000008
2024-04-10,64.75,,,18.19000053,16.37000084
2024-04-11,65.29000092,,,18.26199913,16.42000008
2024-04-12,63.90000153,,,18.03499985,16.21999931
2024-04-15,63.29999924,,,17.79999924,16.13999939
2024-04-16,62.97000122,,,17.75,16.17000008
2024-04-17,62.84999847,,,17.81999969,16.25
2024-04-18,62.34999847,,,17.94799995,16.36000061
2024-04-19,62.11999893,,,18.09000015,16.45999908
2024-04-22,62.97000122,,,18.26000023,16.60000038
2024-04-23,64.16000366,,,18.45199966,16.68000031
2024-04-24,63.61999893,,,18.20000076,16.70000076
2024-04-25,63.00999832,,,18.06299973,16.59000015
2024-04-26,63.86000061,,,18.24500084,16.73999977
2024-04-29,64.19999695,,,18.29100037,16.79000092
2024-04-30,63.27000046,,,18.07999992,16.64999962
2024-05-01,63.15999985,,,18.33499908,16.79999924
2024-05-02,63.40000153,,,18.36700058,16.64999962
2024-05-03,63.93999863,,,18.49099922,16.70000076
2024-05-06,64.98999786,,,18.64100075,16.92000008
2024-05-07,65.02999878,,,18.57699966,16.87999916
2024-05-08,64.63999939,,,18.54000092,16.84000015
2024-05-09,64.83999634,,,18.63500023,16.97999954
2024-05-10,65.15000153,,,18.64500046,17.04999924
2024-05-13,65.26000214,,,18.6060009,17
2024-05-14,65.80999756,,,18.86000061,17.10000038
2024-05-15,67.18000031,,,18.86300087,17
2024-05-16,66.29000092,,,18.83799934,16.97999954
2024-05-17,66.06999969,,,18.88999939,17.02000046
2024-05-20,66.15000153,,,18.82999992,17.07999992
2024-05-21,66.38999939,,,18.85000038,17.13999939
2024-05-22,65.88999939,,,18.67099953,17.02000046
2024-05-23,65.36000061,,,18.30999947,16.87999916
2024-05-24,66.33000183,,,18.22599983,17.04000092
2024-05-28,66.15000153,,,18.18000031,17.05999947
2024-05-29,64.77999878,,,18.03000069,17.04000092
2024-05-30,65.48000336,,,18.25900078,17.14999962
2024-05-31,65.73999786,,,18.44099998,17.31999969
2024-06-03,65.80000305,,,18.56800079,17.37999916
2024-06-04,65.52999878,,,18.45000076,17.27000046
2024-06-05,66.20999908,,,18.56500053,17.23999977
2024-06-06,65.33000183,,,18.5,17.20999908
2024-06-07,64.37999725,,,18.43600082,17.27000046
2024-06-10,65.20999908,,,18.39900017,17.21999931
2024-06-11,64.69999695,,,18.29000092,17.12000084
2024-06-12,65.70999908,,,18.49900055,17.15999985
2024-06-13,64.83000183,,,18.50499916,17.01000023
2024-06-14,64.33000183,,,18.5,17
2024-06-17,64.73000336,,,18.59499931,17.03000069
2024-06-18,64.93000031,,,18.54800034,16.95999908
2024-06-20,65.26000214,,,18.59700012,17.04000092
2024-06-21,64.48000336,,,18.62999916,17
2024-06-24,61.72000122,,,18.69499969,17.07999992
2024-06-25,61,,,18.43499947,17.02000046
2024-06-26,60.70000076,,,18.40399933,17.03000069
2024-06-27,60.90999985,,,18.32600021,17.13999939
2024-06-28,61.09000015,,,18.45499992,17.11000061
2024-07-01,60.90000153,,,18.36499977,16.62000084
2024-07-02,61.50999832,,,18.55699921,16.78000069
2024-07-03,61.68000031,,,18.62000084,16.90999985
2024-07-05,62.11000061,,,18.64299965,16.96999931
2024-07-08,61.56999969,,,18.75,16.97999954
2024-07-09,61.11000061,,,18.7329998,16.84000015
2024-07-10,62.38000107,,,18.9489994,16.95000076
2024-07-11,63.09000015,,,19.29999924,16.98999977
2024-07-12,63.91999817,,,19.24099922,16.97999954
2024-07-15,63.84000015,,,19.30400085,16.94000053
2024-07-16,64.66999817,,,19.5189991,16.90999985
2024-07-17,64.16999817,,,19.54000092,16.87000084
2024-07-18,63.97999954,,,19.38999939,16.73999977
2024-07-19,63.79999924,,,19.34799957,16.65999985
2024-07-22,64.77999878,,,19.45899963,16.80999947
2024-07-23,64.41000366,,,19.54999924,16.70999908
2024-07-24,63.29999924,,,19.11000061,16.54999924
2024-07-25,63.56000137,,,19.19000053,16.57999992
2024-07-26,64.62999725,,,19.23999977,16.73999977
2024-07-29,64.44000244,,,19.14599991,16.69000053
2024-07-30,64.80999756,,,19.3239994,16.82999992
2024-07-31,65.27999878,,,19.22200012,16.65999985
2024-08-01,63.45000076,,,18.98800087,16.54999924
2024-08-02,61.09999847,,,18.65999985,16.02000046
2024-08-05,58.86000061,,,18.09000015,15.5
2024-08-06,59.25999832,,,18.35099983,15.85999966
2024-08-07,59.56999969,,,18.45599937,15.72999954
2024-08-08,60.36999893,,,18.6060009,15.84000015
2024-08-09,60.97000122,,,18.67000008,15.81000042
2024-08-12,60.79000092,,,18.42700005,15.77999973
2024-08-13,61.90999985,,,18.54999924,15.80000019
2024-08-14,62.5,,,18.5890007,15.85000038
2024-08-15,63.33000183,,,18.74300003,16.03000069
2024-08-16,63.63000107,,,18.78199959,16.07999992
2024-08-19,64.19000244,,,18.87100029,16.14999962
2024-08-20,63.79000092,,,18.80999947,16.05999947
2024-08-21,64.31999969,,,18.88199997,16.15999985
2024-08-22,64.25,,,18.86000061,16.17000008
2024-08-23,65.51999664,,,19.04000092,16.25
2024-08-26,65.41000366,,,19.09399986,16.25
2024-08-27,65.51999664,,,18.87999916,16.32999992
2024-08-28,64.94000244,,,18.87999916,16.22999954
2024-08-29,64.93000031,,,18.97599983,16.32999992
2024-08-30,65.36000061,,,19.06299973,16.44000053
2024-09-03,63.13000107,,,18.93799973,16.35000038
2024-09-04,63.16999817,,,18.81299973,16.32999992
2024-09-05,63.43999863,,,18.93000031,16.34000015
2024-09-06,62.5,,,18.81200027,16.12999916
2024-09-09,63.41999817,,,18.8409996,16.17000008
2024-09-10,63.41999817,,,18.89599991,16.11000061
2024-09-11,64.01999664,,,18.87000084,16.13999939
2024-09-12,65.27999878,,,18.95999908,16.27000046
2024-09-13,66.08999634,,,19.16500092,16.44000053
2024-09-16,67.12999725,,,19.2670002,16.45000076
2024-09-17,67.58000183,,,19.29000092,16.31999969
2024-09-18,67.30000305,,,19.30699921,16.38999939
2024-09-19,69.01000214,,,19.4279995,16.54999924
2024-09-20,68.37000275,,,19.29700089,16.47999954
2024-09-23,68,,,19.22599983,16.52000046
2024-09-24,68.16000366,,,19.35000038,16.51000023
2024-09-25,67.22000122,,,18.95000076,16.30999947
2024-09-26,68.56999969,,,18.96800041,16.42000008
2024-09-27,68.52999878,,,19.00399971,16.55999947
2024-09-30,68.22000122,,,19.06200027,16.55999947
2024-10-01,67.40000153,,,18.81999969,15.97999954
2024-10-02,67.29000092,,,18.76000023,16.03000069
2024-10-03,67.02999878,,,18.72299957,16.12000084
2024-10-04,68.13999939,,,18.75399971,16.22999954
2024-10-07,67.25,,,18.5909996,16.14999962
2024-10-08,67.27999878,,,18.69199944,16.13999939
2024-10-09,67.30000305,,,18.65999985,16.12000084
2024-10-10,67.12000275,,,18.65999985,16.19000053
2024-10-11,67.97000122,,,18.63800049,16.20999908
2024-10-14,68,,,18.75,16.27000046
2024-10-15,67.63999939,,,18.77099991,16.29999924
2024-10-16,68.31999969,,,18.94300079,16.46999931
2024-10-17,69.18000031,,,18.92000008,16.45999908
2024-10-18,69.44999695,,,18.94599915,16.52000046
2024-10-21,68.94000244,,,18.80999947,16.61000061
2024-10-22,68.52999878,,,18.71999931,16.47999954
2024-10-23,67.51999664,,,18.63800049,16.40999985
2024-10-24,68.18000031,,,18.78000069,16.52000046
2024-10-25,67.68000031,,,18.63599968,16.47999954
2024-10-28,68.72000122,,,18.48600006,16.55999947
2024-10-29,68.26999664,,,18.42000008,16.37999916
2024-10-30,68.33999634,,,18.5,16.31999969
2024-10-31,67.27999878,,,18.32999992,16.25
2024-11-01,66.83999634,,,18.28000069,16.07999992
2024-11-04,66.59999847,,,18.23999977,15.89999962
2024-11-05,67.11000061,,,18.39999962,16
2024-11-06,69.40000153,,,18.45199966,16.34000015
2024-11-07,69.70999908,,,18.69000053,16.35000038
2024-11-08,69.91999817,,,18.76000023,16.31999969
2024-11-11,70.87000275,,,18.81999969,16.35000038
2024-11-12,69.56999969,,,18.54999924,16.23999977
2024-11-13,68.30000305,,,18.55999947,16.30999947
2024-11-14,68.91000366,,,18.46999931,16.30999947
2024-11-15,68.52999878,,,18.44000053,16.29999924
2024-11-18,68.91999817,,,18.44799995,16.42000008
2024-11-19,69.40000153,,,18.54999924,16.54000092
2024-11-20,69.44999695,,,18.45999908,16.47999954
2024-11-21,70.34999847,,,18.50499916,16.47999954
2024-11-22,70.93000031,,,18.64999962,16.67000008
2024-11-25,71.45999908,,,18.56999969,16.73999977
2024-11-26,71,,,18.5,16.71999931
2024-11-27,71.19999695,,,18.61000061,16.79999924
2024-11-29,71.65000153,,,18.64999962,16.94000053
2024-12-02,71.25,,,18.65999985,16.85000038
2024-12-03,71.08000183,,50.30500031,18.54999924,16.85000038
2024-12-04,71.22000122,,50.24000168,18.54000092,16.86000061
2024-12-05,71.52999878,,50.25,18.51000023,16.81999969
2024-12-06,71.51999664,,50.17499924,18.61000061,16.87999916
2024-12-09,70.83999634,,50.40999985,18.68000031,16.84000015
2024-12-10,70.80999756,,50.20000076,18.68000031,16.86000061
2024-12-11,71.65000153,,50.39799881,18.62000084,16.84000015
2024-12-12,70.75,,50.23500061,18.61000061,16.82999992
2024-12-13,70.34999847,,50.20000076,18.61499977,16.84000015
2024-12-16,70.48000336,,50.28499985,18.60000038,16.70999908
2024-12-17,69.43000031,,50.30500031,18.29000092,16.64999962
2024-12-18,67.08999634,,50.32500076,17.88999939,16.42000008
2024-12-19,66.97000122,,50.32500076,17.79999924,16.57999992
2024-12-20,67.44000244,,50.61000061,18.07999992,16.71999931
2024-12-23,66.26000214,,50.42499924,18.05999947,16.72999954
2024-12-24,67.08000183,,50.58200073,18.20499992,16.94000053
2024-12-26,67.62999725,,50.56900024,18.05999947,17.04999924
2024-12-27,67.19999695,,50.79499817,17.94000053,16.61000061
2024-12-30,66.58999634,,50.67499924,17.81800079,16.59000015
2024-12-31,66.76999664,,50.55500031,17.95499992,16.62999916
2025-01-02,66.84999847,,50.65000153,18.09000015,16.78000069
2025-01-03,67.48000336,,50.64199829,18.22999954,16.75
2025-01-06,67.93000031,,50.65000153,18.12000084,16.62000084
2025-01-07,66.86000061,,50.67699814,17.97500038,16.54999924
2025-01-08,66.91999817,,50.68500137,17.90999985,16.5
2025-01-10,65.69000244,,50.72000122,17.62000084,16.42000008
2025-01-13,65.25,,50.63999939,17.70999908,16.48999977
2025-01-14,66.12000275,,50.65000153,17.93000031,16.67000008
2025-01-15,67.48000336,,50.76499939,18.09000015,16.76000023
2025-01-16,68.37000275,,50.69300079,18.20999908,17.03000069
2025-01-17,68.69999695,,50.71500015,18.29000092,17.05999947
2025-01-21,70.20999908,,50.86500168,18.29999924,17.20000076
2025-01-22,70.31999969,,50.68999863,18.15999985,17.20000076
2025-01-23,71.55000305,,50.74499893,18.17000008,17.20000076
2025-01-24,71.33000183,,50.90499878,18.22500038,17.26000023
2025-01-27,70.27999878,,50.91999817,18.36000061,17.26000023
2025-01-28,71.08000183,,50.88499832,18.17000008,17.36000061
2025-01-29,70.62000275,,50.93000031,18,17.20999908
2025-01-30,71.11000061,,50.95500183,18.21999931,17.37999916
2025-01-31,71.30999756,,50.93500137,18.28000069,17.51000023
2025-02-03,70.41999817,,50.55500031,18.23999977,17.5
2025-02-04,70.22000122,,50.65999985,18.40999985,17.48999977
2025-02-05,71.11000061,,50.67900085,18.39999962,17.35000038
2025-02-06,70.94000244,,50.625,18.51000023,17.25
2025-02-07,70.11000061,,50.65999985,18.45999908,17.25
2025-02-10,69.98999786,,50.72999954,18.45999908,17.22999954
2025-02-11,69.66999817,,50.83499908,18.54999924,17.25
2025-02-12,69.54000092,,50.77999878,18.44000053,17.37999916
2025-02-13,69.94000244,,50.85499954,18.54000092,17.45999908
2025-02-14,70.91000366,,50.875,18.63999939,17.60000038
2025-02-18,71.18000031,,50.93299866,18.67000008,17.76000023
2025-02-19,70.38999939,,50.95000076,18.68000031,17.81999969
2025-02-20,70.11000061,,50.9070015,18.72999954,17.71999931
2025-02-21,69.5,,50.90999985,18.60000038,17.68000031
2025-02-24,68.69000244,,50.92499924,18.52000046,17.57999992
2025-02-25,68.95999908,,51.20000076,18.44000053,17.5
2025-02-26,69.16000366,,50.97499847,18.40999985,17.29999924
2025-02-27,67.86000061,25.08499908,50.98500061,18.36000061,17.29999924
2025-02-28,68.44999695,25.08799934,50.99000168,18.56299973,17.54999924
2025-03-03,68.44999695,25.15999985,50.63899994,18.26000023,17.46999931
2025-03-04,66.86000061,25.13500023,50.83000183,18.10000038,17.12000084
2025-03-05,67.54000092,25.04999924,50.84899902,18.13999939,17
2025-03-06,65.98000336,25.01000023,50.86000061,18.04999924,16.72999954
2025-03-07,66.77999878,24.97999954,50.83000183,18.35000038,17.12000084
2025-03-10,64.16999817,25.07999992,50.83000183,18.18000031,16.92000008
2025-03-11,64.16999817,24.98600006,50.97999954,17.82999992,16.48999977
2025-03-12,64.77999878,24.93799973,50.95100021,17.89999962,16.46999931
2025-03-13,63.79000092,24.94599915,50.79999924,17.71999931,16.22999954
2025-03-14,65.23999786,24.94499969,50.75400162,18.03000069,16.48999977
2025-03-17,66.27999878,24.95999908,50.84000015,18.17000008,16.62000084
2025-03-18,65.88999939,24.98800087,50.99000168,18.18000031,16.73999977
2025-03-19,66.62999725,25.03499985,50.88000107,18.19000053,16.73999977
2025-03-20,66.47000122,25.06100082,50.95100021,18.22999954,16.78000069
2025-03-21,65.94000244,25.04999924,50.89500046,18.06999969,16.70999908
2025-03-24,66.95999908,24.96500015,50.84999847,18.14999962,16.95999908
2025-03-25,67.36000061,24.95000076,51.16999817,18.12999916,17.10000038
2025-03-26,66.26999664,24.91699982,51.25999832,17.85000038,16.98999977
2025-03-27,66.13999939,24.86199951,51.31000137,17.86000061,17.10000038
2025-03-28,64.81999969,25.01000023,51,17.67000008,16.86000061
2025-03-31,64.06999969,25.04999924,50.88000107,17.79999924,16.76000023
2025-04-01,64.65000153,25.04500008,50.88000107,17.81999969,16.51000023
2025-04-02,65.55999756,25.03199959,50.86000061,17.79999924,16.43000031
2025-04-03,61.34999847,25.15099907,50.88000107,17.38999939,16.07999992
2025-04-04,56.93000031,25.15299988,50.15999985,16.27000046,14.89000034
2025-04-07,55.43999863,24.8220005,49.38000107,15.52999973,14.22000027
2025-04-08,54.95000076,24.6420002,48.84999847,15.47000027,13.96000004
2025-04-09,60.77000046,24.73999977,49.79999924,16.38999939,14.97999954
2025-04-10,58.34000015,24.51000023,49.88000107,15.65999985,14.5
2025-04-11,59.54999924,24.46100044,49.59500122,15.69999981,14.47000027
2025-04-14,60.08000183,24.60700035,49.81499863,15.97000027,14.76000023
2025-04-15,60.95000076,24.6609993,50,16.14999962,14.93999958
2025-04-16,59.93000031,24.75399971,49.91999817,15.97999954,14.78999996
2025-04-17,60.56000137,24.75499916,49.97000122,16.22800064,15.06000042
2025-04-21,59.25,24.60700035,50.09999847,15.93999958,14.73999977
2025-04-22,60.86000061,24.64500046,50.29000092,16.32999992,15.01000023
2025-04-23,61.72000122,24.65500069,50.47000122,16.56999969,15.25
2025-04-24,63.43999863,24.80500031,50.68999863,16.67000008,15.43999958
2025-04-25,63.43999863,24.89999962,50.63999939,16.62999916,15.51000023
2025-04-28,64.09999847,24.95199966,50.70999908,16.85000038,15.60000038
2025-04-29,63.90999985,25.01499939,50.41999817,16.92000008,15.44999981
2025-04-30,63.63000107,25.04000092,50.75,16.86000061,15.22999954
2025-05-01,63.29999924,24.85499954,50.43999863,16.79999924,15.10999966
2025-05-02,64.63999939,24.76499939,50.29800034,16.91900063,15.36999989
2025-05-05,64.41999817,24.76000023,50.33000183,16.84000015,15.10000038
2025-05-06,64.26000214,24.76499939,50.54999924,16.73999977,15.21000004
2025-05-07,64.16000366,24.82999992,50.31999969,16.79999924,15.15999985
2025-05-08,64.83999634,24.75099945,50.66999817,16.88999939,15.31999969
2025-05-09,64.87000275,24.71500015,50.59999847,16.88999939,15.34000015
2025-05-12,66.73999786,24.69499969,50.83000183,17.12999916,15.78999996
2025-05-13,67.47000122,24.65500069,50.86999893,17.29999924,15.93000031
2025-05-14,67.41000366,24.59499931,50.72000122,17.26000023,15.92000008
2025-05-15,67.18000031,24.65999985,50.93000031,17.39999962,15.94999981
2025-05-16,67.56999969,24.72500038,50.66999817,17.43000031,16.06999969
2025-05-19,67.72000122,24.73500061,50.65499878,17.30999947,16.14999962
2025-05-20,67.30999756,24.69499969,50.72999954,17.28000069,16.14999962
2025-05-21,65.80000305,24.56500053,50.65000153,16.79999924,15.75
2025-05-22,65.83999634,24.56999969,51.09999847,16.77000046,15.75
2025-05-23,65.65000153,24.60000038,50.79000092,16.81999969,15.81999969
2025-05-27,67.02999878,24.72500038,50.65000153,16.77000046,16.10000038
2025-05-28,66.48999786,24.69000053,50.65999985,16.81999969,16.10000038
2025-05-29,66.73999786,24.81500053,50.81999969,16.89999962,16.12000084
2025-05-30,66.47000122,24.86599922,50.52000046,16.85000038,16.13999939
2025-06-02,66.45999908,24.77000046,50.90999985,16.68000031,16
2025-06-03,66.44000244,24.75300026,50.50500107,16.76000023,16.10000038
2025-06-04,66.84999847,24.86000061,50.63000107,16.79000092,16.04000092
2025-06-05,66.77999878,24.83699989,50.5,16.84000015,15.98999977
2025-06-06,67.63999939,24.70000076,50.65999985,16.97999954,16.17000008
2025-06-09,67.80000305,24.70000076,50.38999939,17.04999924,16.21999931
2025-06-10,68.05999756,24.76099968,50.72499847,17.15999985,16.28000069
2025-06-11,67.87999725,24.83600044,50.5,17.18199921,16.21999931
2025-06-12,68.09999847,24.93300056,50.59999847,17.18000031,16.25
2025-06-13,66.36000061,24.85499954,50.41999817,17.06999969,16.12000084
2025-06-16,66.83000183,24.85000038,50.54999924,16.95700073,16.04999924
2025-06-17,65.80000305,24.89800072,50.13999939,16.87199974,15.97000027
2025-06-18,66.41999817,24.92000008,50.59000015,16.98999977,16.12000084
2025-06-20,66.19000244,24.96999931,50.61000061,16.96999931,16.06999969
2025-06-23,65.11000061,25.00200081,50.83000183,16.96999931,15.90999985
2025-06-24,66.61000061,25.11000061,50.52999878,17.09000015,16.04000092
2025-06-25,66.62999725,25.06999969,50.56000137,16.91600037,16.04000092
2025-06-26,68.30000305,25.11000061,50.40999985,17.10000038,16.25
2025-06-27,68.87999725,25.09399986,50.47499847,17.07999992,16.20000076
2025-06-30,68.84999847,25.19400024,50.38000107,17.21999931,16.28000069
2025-07-01,68.95999908,25.0720005,50.31999969,17.3220005,15.92000008
2025-07-02,69.19999695,25.06100082,50.09999847,17.45999908,16.04000092
2025-07-03,69.66000366,25.02499962,50.29999924,17.46999931,16.21999931
2025-07-07,68.95999908,24.90999985,50.40999985,17.29000092,16.12999916
2025-07-08,69.72000122,24.90299988,50.52000046,17.40999985,16.14999962
2025-07-09,70.11000061,24.96899986,50.73500061,17.45999908,16.17000008
2025-07-10,71.12999725,25,50.74000168,17.54999924,16.35000038
2025-07-11,70.62999725,24.90699959,50.57500076,17.55999947,16.52000046
2025-07-14,70.62000275,24.87000084,50.70000076,17.47999954,16.5
2025-07-15,69.55000305,24.86000061,50.63000107,17.39999962,16.47999954
2025-07-16,71.23000336,24.86000061,50.52000046,17.56999969,16.63999939
2025-07-17,72.08999634,24.88999939,50.68899918,17.46999931,16.81999969
2025-07-18,71.83000183,24.95000076,50.76699829,17.4090004,16.75
2025-07-21,71.66000366,25.01000023,50.79499817,17.40999985,16.52000046
2025-07-22,71.70999908,25.06999969,50.63999939,17.60000038,16.61000061
2025-07-23,72.91999817,25.05500031,50.79999924,17.70000076,16.73999977
2025-07-24,72.26999664,25.01000023,50.69300079,17.61000061,16.62999916
2025-07-25,72.22000122,25.07900047,50.75500107,17.63800049,16.68000031
2025-07-28,71.15000153,25,50.67499924,17.39999962,16.45000076
2025-07-29,70.66000366,25.125,50.67499924,17.40999985,16.31999969
2025-07-30,70.26000214,25.06399918,50.59000015,17.19000053,16.20000076
2025-07-31,69.63999939,25.07999992,50.68000031,17.03000069,16.18000031
2025-08-01,68.77999878,25.15500069,50.60300064,16.98600006,15.97000027
2025-08-04,69.34999847,25.18000031,50.26499939,17.11000061,15.93999958
2025-08-05,69.55999756,25.18499947,50.20399857,17.10000038,16.03000069
2025-08-06,70.41000366,25.15999985,50.52000046,17.07999992,15.96000004
2025-08-07,70.43000031,25.16500092,50.47999954,16.97999954,15.85000038
2025-08-08,71.01999664,25.10499954,50.72000122,17.02000046,15.96000004
2025-08-11,70.83999634,25.14500046,50.70999908,16.92000008,15.93999958
2025-08-12,71.65000153,25.13500023,50.74499893,17.17000008,16
2025-08-13,72.04000092,25.22500038,50.63499832,17.30999947,16.14999962
2025-08-14,71.94000244,25.14999962,50.6570015,17.29000092,16.09000015
2025-08-15,71.68000031,25.13699913,50.66500092,17.21999931,15.89999962
2025-08-18,71.59999847,25.11499977,50.72499847,17.18000031,15.93000031
2025-08-19,70.98999786,25.18499947,50.59000015,17.24799919,15.93999958
2025-08-20,70.47000122,25.20000076,50.68500137,17.34000015,15.93999958
2025-08-21,70.25,25.14999962,50.68999863,17.20000076,15.85000038
2025-08-22,71.94999695,25.28499985,50.70999908,17.45000076,15.93999958
2025-08-25,71.12000275,25.23999977,50.75999832,17.42399979,15.81999969
2025-08-26,71.5,25.29500008,50.77500153,17.38999939,15.92000008
2025-08-27,71.51999664,25.32999992,50.72499847,17.32999992,15.97999954
2025-08-28,71.63999939,25.35499954,50.74000168,17.39699936,16.03000069
2025-08-29,71.58000183,25.36000061,50.74499893,17.5,16.10000038
2025-09-02,70.48000336,25.19499969,50.49000168,17.43000031,16.03000069
2025-09-03,70,25.23999977,50.41999817,17.5,15.96000004
2025-09-04,70.69000244,25.34000015,50.46500015,17.63999939,16.04999924
2025-09-05,70.63999939,25.47999954,50.53499985,17.70000076,16.02000046
2025-09-08,71.02999878,25.52000046,50.56000137,17.70999908,16.04000092
2025-09-09,70.23000336,25.53000069,50.47000122,17.58200073,15.93000031
2025-09-10,71.01999664,25.54999924,50.47499847,17.53899956,15.88000011
2025-09-11,72.52999878,25.625,50.43000031,17.56100082,15.96000004
2025-09-12,71.94999695,25.55999947,50.43000031,17.47500038,15.85000038
2025-09-15,72.01000214,25.57999992,50.44499969,17.40999985,15.52999973
2025-09-16,71.55999756,25.62999916,50.36999893,17.3010006,15.40999985
2025-09-17,71.61000061,25.56999969,50.47999954,17.33699989,15.42000008
2025-09-18,72.81999969,25.53000069,50.39500046,17.30999947,15.60000038
2025-09-19,72.13999939,25.49500084,50.49000168,17.31599998,15.68000031
2025-09-22,71.26000214,25.43000031,50.47399902,17.07699966,15.28999996
2025-09-23,71.12000275,25.45999908,50.50500107,17.08499908,15.19999981
2025-09-24,69.19000244,25.44000053,50.54999924,17.01600075,15
2025-09-25,68.94999695,25.38999939,50.56499863,16.72999954,15.06000042
2025-09-26,69.41999817,25.40999985,50.52500153,16.71999931,15.03999996
2025-09-29,69.68000031,25.51000023,50.59000015,16.67399979,14.96000004
2025-09-30,69.01999664,25.51000023,50.56999969,16.70000076,14.93999958
2025-10-01,68.55000305,25.43000031,50.36000061,16.79199982,14.31999969
2025-10-02,69.09999847,25.49699974,50.29499817,16.87999916,14.53999996
2025-10-03,69.75,25.49500084,50.38999939,16.85000038,14.39000034
2025-10-06,69.66000366,25.45999908,50.38000107,16.62000084,14.31999969
2025-10-07,68.84999847,25.48999977,50.28900146,16.61000061,14.14999962
2025-10-08,68.91000366,25.48500061,50.38999939,16.63999939,14.05000019
2025-10-09,68.45999908,25.45999908,50.36500168,16.42000008,13.65999985
2025-10-10,66.66999817,25.53000069,50.25500107,16.22999954,13.48999977
2025-10-13,67.76000214,25.54999924,50.34999847,16.45499992,13.90999985
2025-10-14,68.40000153,25.58300018,50.43899918,16.61000061,14.21000004
2025-10-15,68.54000092,25.65999985,50.43700027,16.60000038,14.21000004
2025-10-16,67.16999817,25.70499992,50.16500092,16.30999947,13.89999962
2025-10-17,67.02999878,25.70000076,50.25500107,16.35000038,13.97000027
2025-10-20,67.58000183,25.70000076,50.22000122,16.31200027,14.05000019
2025-10-21,67.90000153,25.70400047,50.30500031,16.39999962,14.23999977
2025-10-22,68.05000305,25.72999954,50.22499847,16.45000076,14.18000031
2025-10-23,67.76999664,25.70999908,50.29600143,16.45999908,14.26000023
2025-10-24,68.51000214,25.75,50.38499832,16.57999992,14.32999992
2025-10-27,68.93000031,25.75499916,50.34000015,16.54000092,14.55000019
2025-10-28,68.26000214,25.76000023,50.37900162,16.36000061,14.59000015
2025-10-29,67.97000122,25.62999916,50.31000137,16.25,14.40999985
2025-10-30,67.23999786,25.58499908,50.31999969,16.02000046,14.21000004
2025-10-31,66.83999634,25.58200073,50.43999863,16.13999939,14.32999992
2025-11-03,66.87999725,25.46500015,50.16999817,16.04599953,14.36999989
2025-11-04,65.90000153,25.48200035,50.10499954,16.05999947,14.25
2025-11-05,66.23999786,25.42099953,50.13999939,16.14999962,14.23999977
2025-11-06,65.63999939,25.48999977,50.20500183,16.01000023,14.01000023
2025-11-07,65.83999634,25.48999977,50.20000076,16.05400085,14.18999958
2025-11-10,66.34999847,25.45999908,50.25999832,15.96000004,14.18999958
2025-11-11,66.47000122,25.51499939,50.27000046,16.13800049,14.26000023
2025-11-12,66.54000092,25.51000023,50.16699982,16.04999924,14.30000019
2025-11-13,65.11000061,25.45999908,50.28499985,16.01000023,14.19999981
2025-11-14,65.05999756,25.43000031,50.31499863,15.97000027,14.13000011
2025-11-17,63.47999954,25.4489994,50.27999878,15.72000027,13.85999966
2025-11-18,63.29999924,25.45999908,50.33000183,15.65499973,13.84000015
2025-11-19,63.52999878,25.44000053,50.36000061,15.56999969,13.89000034
2025-11-20,62.72000122,25.45000076,50.35499954,15.53999996,13.81000042